date,price
2000-01-03,7.26
2000-01-04,7.19
2000-01-05,7.49
2000-01-06,7.68
2000-01-07,7.68
2000-01-10,7.65
2000-01-11,7.56
2000-01-12,7.45
2000-01-13,7.48
2000-01-14,7.43
2000-01-18,7.25
2000-01-19,7.11
2000-01-20,6.92
2000-01-21,6.95
2000-01-24,6.77
2000-01-25,6.64
2000-01-26,6.64
2000-01-27,6.68
2000-01-28,6.56
2000-01-31,6.52
2000-02-01,6.64
2000-02-02,6.67
2000-02-03,6.56
2000-02-04,6.55
2000-02-07,6.42
2000-02-08,6.4
2000-02-09,6.28
2000-02-10,6.23
2000-02-11,6.07
2000-02-14,6.17
2000-02-15,6.44
2000-02-16,6.29
2000-02-17,6.28
2000-02-18,6.09
2000-02-22,6.28
2000-02-23,6.21
2000-02-24,5.98
2000-02-25,5.89
2000-02-28,5.91
2000-02-29,5.87
2000-03-01,5.81
2000-03-02,5.68
2000-03-03,5.86
2000-03-06,5.72
2000-03-07,5.54
2000-03-08,5.66
2000-03-09,5.65
2000-03-10,5.7
2000-03-13,5.78
2000-03-14,5.68
2000-03-15,6.02
2000-03-16,6.38
2000-03-17,6.17
2000-03-20,6.24
2000-03-21,6.31
2000-03-22,6.15
2000-03-23,6.34
2000-03-24,6.31
2000-03-27,6.28
2000-03-28,6.17
2000-03-29,6.29
2000-03-30,6.46
2000-03-31,6.46
2000-04-03,6.67
2000-04-04,6.61
2000-04-05,6.56
2000-04-06,6.52
2000-04-07,6.41
2000-04-10,6.57
2000-04-11,6.73
2000-04-12,6.9
2000-04-13,6.71
2000-04-14,6.34
2000-04-17,6.35
2000-04-18,6.23
2000-04-19,6.15
2000-04-20,6.31
2000-04-24,6.32
2000-04-25,6.33
2000-04-26,6.22
2000-04-27,6.2
2000-04-28,6.24
2000-05-01,6.24
2000-05-02,6.43
2000-05-03,6.32
2000-05-04,6.39
2000-05-05,6.38
2000-05-08,6.35
2000-05-09,6.46
2000-05-10,6.38
2000-05-11,6.47
2000-05-12,6.49
2000-05-15,6.6
2000-05-16,6.53
2000-05-17,6.55
2000-05-18,6.5
2000-05-19,6.52
2000-05-22,6.48
2000-05-23,6.39
2000-05-24,6.36
2000-05-25,6.13
2000-05-26,6.03
2000-05-30,6.1
2000-05-31,6.05
2000-06-01,6.06
2000-06-02,6.17
2000-06-05,6.11
2000-06-06,6.12
2000-06-07,5.99
2000-06-08,5.98
2000-06-09,5.97
2000-06-12,6.01
2000-06-13,5.84
2000-06-14,5.99
2000-06-15,5.99
2000-06-16,6.02
2000-06-19,5.82
2000-06-20,5.72
2000-06-21,5.69
2000-06-22,5.69
2000-06-23,5.7
2000-06-26,5.57
2000-06-27,5.79
2000-06-28,5.78
2000-06-29,5.67
2000-06-30,5.53
2000-07-03,5.68
2000-07-05,5.71
2000-07-06,5.56
2000-07-07,5.53
2000-07-10,5.61
2000-07-11,5.91
2000-07-12,5.88
2000-07-13,5.95
2000-07-14,5.83
2000-07-17,5.74
2000-07-18,5.65
2000-07-19,5.65
2000-07-20,5.6
2000-07-21,5.63
2000-07-24,5.64
2000-07-25,5.57
2000-07-26,5.53
2000-07-27,5.6
2000-07-28,5.55
2000-07-31,5.58
2000-08-01,5.58
2000-08-02,5.62
2000-08-03,5.68
2000-08-04,5.63
2000-08-07,5.74
2000-08-08,5.88
2000-08-09,5.88
2000-08-10,5.79
2000-08-11,5.91
2000-08-14,5.91
2000-08-15,5.95
2000-08-16,5.95
2000-08-17,5.96
2000-08-18,5.86
2000-08-21,5.82
2000-08-22,5.77
2000-08-23,5.74
2000-08-24,5.75
2000-08-25,5.72
2000-08-28,5.71
2000-08-29,5.63
2000-08-30,5.64
2000-08-31,5.71
2000-09-01,5.65
2000-09-05,5.76
2000-09-06,5.86
2000-09-07,5.58
2000-09-08,5.48
2000-09-11,5.45
2000-09-12,5.41
2000-09-13,5.38
2000-09-14,5.29
2000-09-15,5.2
2000-09-18,5.19
2000-09-19,5.04
2000-09-20,4.98
2000-09-21,4.97
2000-09-22,4.96
2000-09-25,4.94
2000-09-26,4.89
2000-09-27,4.87
2000-09-28,5.02
2000-09-29,5.15
2000-10-02,5.03
2000-10-03,5.31
2000-10-04,5.35
2000-10-05,5.3
2000-10-06,5.26
2000-10-09,5.27
2000-10-10,5.3
2000-10-11,5.16
2000-10-12,5.06
2000-10-13,4.95
2000-10-16,4.94
2000-10-17,4.9
2000-10-18,4.96
2000-10-19,4.95
2000-10-20,4.88
2000-10-23,4.92
2000-10-24,5.12
2000-10-25,5.08
2000-10-26,5.17
2000-10-27,5.15
2000-10-30,5.56
2000-10-31,5.6
2000-11-01,5.55
2000-11-02,5.51
2000-11-03,5.52
2000-11-06,5.53
2000-11-07,5.59
2000-11-08,5.66
2000-11-09,5.58
2000-11-10,5.5
2000-11-13,5.52
2000-11-14,5.56
2000-11-15,5.59
2000-11-16,5.43
2000-11-17,5.42
2000-11-20,5.36
2000-11-21,5.31
2000-11-22,5.31
2000-11-24,5.38
2000-11-27,5.38
2000-11-28,5.39
2000-11-29,5.51
2000-11-30,5.46
2000-12-01,5.64
2000-12-04,5.94
2000-12-05,5.98
2000-12-06,5.85
2000-12-07,5.67
2000-12-08,5.77
2000-12-11,5.77
2000-12-12,5.74
2000-12-13,5.79
2000-12-14,5.74
2000-12-15,5.66
2000-12-18,5.74
2000-12-19,5.92
2000-12-20,5.7
2000-12-21,5.9
2000-12-22,6.21
2000-12-26,6.19
2000-12-27,6.29
2000-12-28,6.35
2000-12-29,6.23
2001-01-02,6.1
2001-01-03,6.14
2001-01-04,6.34
2001-01-05,6.21
2001-01-08,6.23
2001-01-09,5.98
2001-01-10,6.03
2001-01-11,5.87
2001-01-12,5.73
2001-01-16,5.92
2001-01-17,5.89
2001-01-18,5.86
2001-01-19,5.69
2001-01-22,5.74
2001-01-23,5.76
2001-01-24,5.78
2001-01-25,5.86
2001-01-26,5.8
2001-01-29,5.78
2001-01-30,6.0
2001-01-31,6.06
2001-02-01,6.09
2001-02-02,6.07
2001-02-05,6.13
2001-02-06,6.07
2001-02-07,6.07
2001-02-08,5.99
2001-02-09,5.99
2001-02-12,5.99
2001-02-13,5.97
2001-02-14,5.9
2001-02-15,6.13
2001-02-16,5.99
2001-02-20,5.97
2001-02-21,5.87
2001-02-22,5.91
2001-02-23,5.88
2001-02-26,6.1
2001-02-27,6.11
2001-02-28,6.14
2001-03-01,6.14
2001-03-02,6.29
2001-03-05,6.4
2001-03-06,6.39
2001-03-07,6.58
2001-03-08,6.6
2001-03-09,6.54
2001-03-12,6.28
2001-03-13,6.23
2001-03-14,6.07
2001-03-15,5.94
2001-03-16,5.91
2001-03-19,6.05
2001-03-20,6.09
2001-03-21,5.9
2001-03-22,5.71
2001-03-23,5.77
2001-03-26,5.82
2001-03-27,5.97
2001-03-28,5.95
2001-03-29,5.88
2001-03-30,5.83
2001-04-02,5.86
2001-04-03,5.74
2001-04-04,5.85
2001-04-05,6.05
2001-04-06,5.98
2001-04-09,6.08
2001-04-10,6.34
2001-04-11,6.26
2001-04-12,6.23
2001-04-16,6.24
2001-04-17,6.24
2001-04-18,6.5
2001-04-19,6.39
2001-04-20,6.37
2001-04-23,6.33
2001-04-24,6.36
2001-04-25,6.34
2001-04-26,6.54
2001-04-27,6.55
2001-04-30,6.45
2001-05-01,6.52
2001-05-02,6.52
2001-05-03,6.51
2001-05-04,6.62
2001-05-07,6.55
2001-05-08,6.56
2001-05-09,6.63
2001-05-10,6.77
2001-05-11,6.63
2001-05-14,6.68
2001-05-15,6.73
2001-05-16,7.08
2001-05-17,7.15
2001-05-18,7.12
2001-05-21,7.18
2001-05-22,7.04
2001-05-23,6.92
2001-05-24,6.73
2001-05-25,6.74
2001-05-29,6.83
2001-05-30,6.69
2001-05-31,6.7
2001-06-01,6.76
2001-06-04,6.83
2001-06-05,6.91
2001-06-06,6.79
2001-06-07,6.87
2001-06-08,6.84
2001-06-11,6.74
2001-06-12,6.69
2001-06-13,6.71
2001-06-14,6.54
2001-06-15,6.52
2001-06-18,6.45
2001-06-19,6.47
2001-06-20,6.53
2001-06-21,6.5
2001-06-22,6.39
2001-06-25,6.32
2001-06-26,6.38
2001-06-27,6.44
2001-06-28,6.44
2001-06-29,6.47
2001-07-02,6.54
2001-07-03,6.52
2001-07-05,6.49
2001-07-06,6.41
2001-07-09,6.47
2001-07-10,6.4
2001-07-11,6.42
2001-07-12,6.56
2001-07-13,6.57
2001-07-16,6.46
2001-07-17,6.43
2001-07-18,6.59
2001-07-19,6.61
2001-07-20,6.56
2001-07-23,6.43
2001-07-24,6.24
2001-07-25,6.37
2001-07-26,6.34
2001-07-27,6.35
2001-07-30,6.31
2001-07-31,6.45
2001-08-01,6.42
2001-08-02,6.38
2001-08-03,6.36
2001-08-06,6.37
2001-08-07,6.33
2001-08-08,6.27
2001-08-09,6.21
2001-08-10,6.37
2001-08-13,6.39
2001-08-14,6.36
2001-08-15,6.4
2001-08-16,6.33
2001-08-17,6.37
2001-08-20,6.37
2001-08-21,6.4
2001-08-22,6.39
2001-08-23,6.44
2001-08-24,6.52
2001-08-27,6.54
2001-08-28,6.47
2001-08-29,6.39
2001-08-30,6.37
2001-08-31,6.42
2001-09-04,6.42
2001-09-05,6.51
2001-09-06,6.35
2001-09-07,6.15
2001-09-10,6.03
2001-09-17,5.58
2001-09-18,5.57
2001-09-19,5.48
2001-09-20,5.28
2001-09-21,5.21
2001-09-24,5.45
2001-09-25,5.47
2001-09-26,5.42
2001-09-27,5.48
2001-09-28,5.66
2001-10-01,5.68
2001-10-02,5.71
2001-10-03,5.78
2001-10-04,5.68
2001-10-05,5.78
2001-10-08,5.66
2001-10-09,5.71
2001-10-10,5.86
2001-10-11,6.06
2001-10-12,5.96
2001-10-15,5.96
2001-10-16,6.01
2001-10-17,5.9
2001-10-18,5.89
2001-10-19,5.81
2001-10-22,5.95
2001-10-23,6.03
2001-10-24,6.01
2001-10-25,6.0
2001-10-26,6.1
2001-10-29,5.95
2001-10-30,5.91
2001-10-31,5.82
2001-11-01,5.94
2001-11-02,6.04
2001-11-05,6.06
2001-11-06,6.19
2001-11-07,6.18
2001-11-08,6.19
2001-11-09,6.21
2001-11-12,6.12
2001-11-13,6.29
2001-11-14,6.39
2001-11-15,6.42
2001-11-16,6.45
2001-11-19,6.52
2001-11-20,6.49
2001-11-21,6.45
2001-11-23,6.57
2001-11-26,6.49
2001-11-27,6.54
2001-11-28,6.48
2001-11-29,6.47
2001-11-30,6.55
2001-12-03,6.4
2001-12-04,6.52
2001-12-05,6.67
2001-12-06,6.68
2001-12-07,6.54
2001-12-10,6.43
2001-12-11,6.48
2001-12-12,6.43
2001-12-13,6.27
2001-12-14,6.25
2001-12-17,6.36
2001-12-18,6.56
2001-12-19,6.44
2001-12-20,6.38
2001-12-21,6.36
2001-12-24,6.37
2001-12-26,6.33
2001-12-27,6.39
2001-12-28,6.44
2001-12-31,6.36
2002-01-02,6.41
2002-01-03,6.52
2002-01-04,6.65
2002-01-07,6.65
2002-01-08,6.54
2002-01-09,6.5
2002-01-10,6.39
2002-01-11,6.31
2002-01-14,6.1
2002-01-15,6.13
2002-01-16,5.98
2002-01-17,6.01
2002-01-18,5.96
2002-01-22,6.0
2002-01-23,6.1
2002-01-24,6.22
2002-01-25,6.41
2002-01-28,6.4
2002-01-29,6.32
2002-01-30,6.37
2002-01-31,6.51
2002-02-01,6.48
2002-02-04,6.42
2002-02-05,6.33
2002-02-06,6.35
2002-02-07,6.34
2002-02-08,6.47
2002-02-11,6.64
2002-02-12,6.6
2002-02-13,6.67
2002-02-14,6.65
2002-02-15,6.68
2002-02-19,6.55
2002-02-20,6.65
2002-02-21,6.71
2002-02-22,6.77
2002-02-25,6.8
2002-02-26,6.82
2002-02-27,6.85
2002-02-28,6.85
2002-03-01,6.95
2002-03-04,7.14
2002-03-05,6.94
2002-03-06,7.06
2002-03-07,7.02
2002-03-08,6.99
2002-03-11,6.98
2002-03-12,6.99
2002-03-13,6.9
2002-03-14,7.0
2002-03-15,7.06
2002-03-18,7.09
2002-03-19,7.15
2002-03-20,7.12
2002-03-21,7.01
2002-03-22,6.95
2002-03-25,6.86
2002-03-26,6.99
2002-03-27,7.13
2002-03-28,7.06
2002-04-01,7.02
2002-04-02,6.99
2002-04-03,6.9
2002-04-04,6.81
2002-04-05,6.9
2002-04-08,6.93
2002-04-09,6.92
2002-04-10,7.07
2002-04-11,6.99
2002-04-12,6.96
2002-04-15,6.94
2002-04-16,7.06
2002-04-17,7.09
2002-04-18,7.02
2002-04-19,7.03
2002-04-22,6.85
2002-04-23,6.77
2002-04-24,6.73
2002-04-25,6.71
2002-04-26,6.73
2002-04-29,6.62
2002-04-30,6.73
2002-05-01,6.74
2002-05-02,6.88
2002-05-03,6.93
2002-05-06,6.89
2002-05-07,6.94
2002-05-08,7.01
2002-05-09,7.02
2002-05-10,7.0
2002-05-13,7.05
2002-05-14,7.15
2002-05-15,7.17
2002-05-16,7.15
2002-05-17,7.18
2002-05-20,7.15
2002-05-21,7.13
2002-05-22,7.16
2002-05-23,7.27
2002-05-24,7.18
2002-05-28,7.13
2002-05-29,7.09
2002-05-30,7.02
2002-05-31,7.06
2002-06-03,6.95
2002-06-04,6.92
2002-06-05,6.97
2002-06-06,6.86
2002-06-07,6.87
2002-06-10,6.88
2002-06-11,6.8
2002-06-12,6.86
2002-06-13,6.74
2002-06-14,6.74
2002-06-17,6.85
2002-06-18,6.88
2002-06-19,6.87
2002-06-20,6.87
2002-06-21,6.79
2002-06-24,6.79
2002-06-25,6.84
2002-06-26,6.78
2002-06-27,6.83
2002-06-28,6.94
2002-07-01,6.9
2002-07-02,6.76
2002-07-03,6.7
2002-07-05,6.87
2002-07-08,6.88
2002-07-09,6.81
2002-07-10,6.61
2002-07-11,6.51
2002-07-12,6.45
2002-07-15,6.3
2002-07-16,6.19
2002-07-17,6.23
2002-07-18,6.14
2002-07-19,5.87
2002-07-22,5.59
2002-07-23,5.56
2002-07-24,5.89
2002-07-25,6.05
2002-07-26,6.08
2002-07-29,6.38
2002-07-30,6.14
2002-07-31,6.15
2002-08-01,6.12
2002-08-02,5.86
2002-08-05,5.66
2002-08-06,5.9
2002-08-07,6.04
2002-08-08,6.17
2002-08-09,6.24
2002-08-12,6.21
2002-08-13,6.11
2002-08-14,6.18
2002-08-15,6.18
2002-08-16,6.07
2002-08-19,6.2
2002-08-20,6.09
2002-08-21,6.17
2002-08-22,6.23
2002-08-23,6.15
2002-08-26,6.21
2002-08-27,6.24
2002-08-28,6.07
2002-08-29,6.05
2002-08-30,6.12
2002-09-03,5.94
2002-09-04,5.97
2002-09-05,5.8
2002-09-06,5.92
2002-09-09,6.01
2002-09-10,6.04
2002-09-11,6.08
2002-09-12,5.96
2002-09-13,5.92
2002-09-16,5.88
2002-09-17,5.77
2002-09-18,5.72
2002-09-19,5.59
2002-09-20,5.7
2002-09-23,5.59
2002-09-24,5.36
2002-09-25,5.49
2002-09-26,5.57
2002-09-27,5.41
2002-09-30,5.33
2002-10-01,5.66
2002-10-02,5.4
2002-10-03,5.35
2002-10-04,5.28
2002-10-07,5.13
2002-10-08,5.21
2002-10-09,5.01
2002-10-10,5.24
2002-10-11,5.45
2002-10-14,5.44
2002-10-15,5.72
2002-10-16,5.58
2002-10-17,5.74
2002-10-18,5.71
2002-10-21,5.9
2002-10-22,5.76
2002-10-23,5.75
2002-10-24,5.56
2002-10-25,5.73
2002-10-28,5.64
2002-10-29,5.61
2002-10-30,5.61
2002-10-31,5.63
2002-11-01,5.75
2002-11-04,5.73
2002-11-05,5.78
2002-11-06,5.93
2002-11-07,5.81
2002-11-08,5.72
2002-11-11,5.56
2002-11-12,5.63
2002-11-13,5.63
2002-11-14,5.8
2002-11-15,5.81
2002-11-18,5.75
2002-11-19,5.75
2002-11-20,5.81
2002-11-21,6.04
2002-11-22,5.97
2002-11-25,6.03
2002-11-26,5.97
2002-11-27,6.17
2002-11-29,6.31
2002-12-02,6.19
2002-12-03,6.12
2002-12-04,6.09
2002-12-05,6.04
2002-12-06,6.07
2002-12-09,5.94
2002-12-10,5.98
2002-12-11,6.04
2002-12-12,5.99
2002-12-13,5.95
2002-12-16,6.15
2002-12-17,6.1
2002-12-18,6.04
2002-12-19,5.96
2002-12-20,6.07
2002-12-23,6.03
2002-12-24,6.04
2002-12-26,6.04
2002-12-27,5.98
2002-12-30,6.0
2002-12-31,6.02
2003-01-02,6.18
2003-01-03,6.14
2003-01-06,6.26
2003-01-07,6.24
2003-01-08,6.08
2003-01-09,6.17
2003-01-10,6.24
2003-01-13,6.21
2003-01-14,6.24
2003-01-15,6.14
2003-01-16,6.17
2003-01-17,6.13
2003-01-21,5.99
2003-01-22,5.92
2003-01-23,6.01
2003-01-24,5.87
2003-01-27,5.69
2003-01-28,5.74
2003-01-29,5.79
2003-01-30,5.66
2003-01-31,5.72
2003-02-03,5.73
2003-02-04,5.71
2003-02-05,5.69
2003-02-06,5.63
2003-02-07,5.6
2003-02-10,5.63
2003-02-11,5.56
2003-02-12,5.55
2003-02-13,5.57
2003-02-14,5.57
2003-02-18,5.69
2003-02-19,5.64
2003-02-20,5.59
2003-02-21,5.68
2003-02-24,5.54
2003-02-25,5.53
2003-02-26,5.55
2003-02-27,5.56
2003-02-28,5.57
2003-03-03,5.55
2003-03-04,5.41
2003-03-05,5.43
2003-03-06,5.34
2003-03-07,5.37
2003-03-10,5.27
2003-03-11,5.23
2003-03-12,5.23
2003-03-13,5.47
2003-03-14,5.5
2003-03-17,5.68
2003-03-18,5.8
2003-03-19,5.77
2003-03-20,5.78
2003-03-21,5.99
2003-03-24,5.76
2003-03-25,5.76
2003-03-26,5.75
2003-03-27,5.68
2003-03-28,5.69
2003-03-31,5.6
2003-04-01,5.66
2003-04-02,5.78
2003-04-03,5.72
2003-04-04,5.75
2003-04-07,5.8
2003-04-08,5.76
2003-04-09,5.66
2003-04-10,5.68
2003-04-11,5.67
2003-04-14,5.78
2003-04-15,5.89
2003-04-16,5.81
2003-04-17,5.89
2003-04-21,5.88
2003-04-22,6.0
2003-04-23,6.05
2003-04-24,6.01
2003-04-25,5.92
2003-04-28,6.03
2003-04-29,6.08
2003-04-30,6.11
2003-05-01,6.07
2003-05-02,6.14
2003-05-05,6.13
2003-05-06,6.17
2003-05-07,6.13
2003-05-08,6.07
2003-05-09,6.18
2003-05-12,6.27
2003-05-13,6.22
2003-05-14,6.19
2003-05-15,6.22
2003-05-16,6.2
2003-05-19,6.08
2003-05-20,6.06
2003-05-21,6.1
2003-05-22,6.15
2003-05-23,6.16
2003-05-27,6.27
2003-05-28,6.25
2003-05-29,6.2
2003-05-30,6.3
2003-06-02,6.36
2003-06-03,6.36
2003-06-04,6.47
2003-06-05,6.48
2003-06-06,6.47
2003-06-09,6.36
2003-06-10,6.41
2003-06-11,6.47
2003-06-12,6.52
2003-06-13,6.44
2003-06-16,6.57
2003-06-17,6.59
2003-06-18,6.53
2003-06-19,6.49
2003-06-20,6.46
2003-06-23,6.34
2003-06-24,6.36
2003-06-25,6.32
2003-06-26,6.41
2003-06-27,6.36
2003-06-30,6.35
2003-07-01,6.34
2003-07-02,6.42
2003-07-03,6.37
2003-07-07,6.46
2003-07-08,6.45
2003-07-09,6.43
2003-07-10,6.32
2003-07-11,6.36
2003-07-14,6.38
2003-07-15,6.34
2003-07-16,6.31
2003-07-17,6.3
2003-07-18,6.44
2003-07-21,6.41
2003-07-22,6.54
2003-07-23,6.56
2003-07-24,6.64
2003-07-25,6.79
2003-07-28,6.79
2003-07-29,6.77
2003-07-30,6.77
2003-07-31,6.85
2003-08-01,6.78
2003-08-04,6.8
2003-08-05,6.67
2003-08-06,6.66
2003-08-07,6.67
2003-08-08,6.73
2003-08-11,6.77
2003-08-12,6.8
2003-08-13,6.8
2003-08-14,6.91
2003-08-15,6.88
2003-08-18,6.97
2003-08-19,7.05
2003-08-20,7.03
2003-08-21,7.08
2003-08-22,6.96
2003-08-25,6.93
2003-08-26,6.94
2003-08-27,6.96
2003-08-28,7.03
2003-08-29,7.04
2003-09-02,7.13
2003-09-03,7.13
2003-09-04,7.06
2003-09-05,7.04
2003-09-08,7.1
2003-09-09,7.07
2003-09-10,6.94
2003-09-11,6.96
2003-09-12,7.07
2003-09-15,7.04
2003-09-16,7.08
2003-09-17,6.97
2003-09-18,7.02
2003-09-19,7.06
2003-09-22,6.94
2003-09-23,6.96
2003-09-24,6.86
2003-09-25,6.74
2003-09-26,6.73
2003-09-29,6.83
2003-09-30,6.73
2003-10-01,6.84
2003-10-02,6.89
2003-10-03,6.97
2003-10-06,6.97
2003-10-07,7.0
2003-10-08,7.02
2003-10-09,7.05
2003-10-10,7.03
2003-10-13,7.11
2003-10-14,7.15
2003-10-15,7.15
2003-10-16,7.17
2003-10-17,7.1
2003-10-20,7.13
2003-10-21,7.15
2003-10-22,7.03
2003-10-23,7.06
2003-10-24,7.05
2003-10-27,7.1
2003-10-28,7.16
2003-10-29,7.25
2003-10-30,7.38
2003-10-31,7.37
2003-11-03,7.38
2003-11-04,7.37
2003-11-05,7.34
2003-11-06,7.36
2003-11-07,7.39
2003-11-10,7.29
2003-11-11,7.27
2003-11-12,7.38
2003-11-13,7.38
2003-11-14,7.33
2003-11-17,7.28
2003-11-18,7.26
2003-11-19,7.27
2003-11-20,7.21
2003-11-21,7.23
2003-11-24,7.32
2003-11-25,7.43
2003-11-26,7.52
2003-11-28,7.53
2003-12-01,7.76
2003-12-02,7.75
2003-12-03,7.81
2003-12-04,7.87
2003-12-05,7.8
2003-12-08,7.92
2003-12-09,7.91
2003-12-10,7.82
2003-12-11,7.9
2003-12-12,7.96
2003-12-15,7.96
2003-12-16,7.96
2003-12-17,8.0
2003-12-18,8.07
2003-12-19,8.07
2003-12-22,8.15
2003-12-23,8.17
2003-12-24,8.14
2003-12-26,8.21
2003-12-29,8.34
2003-12-30,8.29
2003-12-31,8.27
2004-01-02,8.23
2004-01-05,8.4
2004-01-06,8.32
2004-01-07,8.28
2004-01-08,8.37
2004-01-09,8.23
2004-01-12,8.21
2004-01-13,8.11
2004-01-14,8.14
2004-01-15,8.08
2004-01-16,8.08
2004-01-20,8.11
2004-01-21,8.11
2004-01-22,8.03
2004-01-23,7.88
2004-01-26,7.95
2004-01-27,7.93
2004-01-28,7.86
2004-01-29,7.81
2004-01-30,7.91
2004-02-02,7.87
2004-02-03,7.83
2004-02-04,7.77
2004-02-05,7.87
2004-02-06,8.03
2004-02-09,8.04
2004-02-10,8.08
2004-02-11,8.28
2004-02-12,8.25
2004-02-13,8.19
2004-02-17,8.27
2004-02-18,8.24
2004-02-19,8.29
2004-02-20,8.22
2004-02-23,8.23
2004-02-24,8.26
2004-02-25,8.27
2004-02-26,8.27
2004-02-27,8.32
2004-03-01,8.45
2004-03-02,8.35
2004-03-03,8.3
2004-03-04,8.35
2004-03-05,8.34
2004-03-08,8.25
2004-03-09,8.13
2004-03-10,7.9
2004-03-11,7.83
2004-03-12,7.96
2004-03-15,7.77
2004-03-16,7.84
2004-03-17,7.94
2004-03-18,7.94
2004-03-19,7.94
2004-03-22,7.76
2004-03-23,7.8
2004-03-24,7.77
2004-03-25,7.97
2004-03-26,7.99
2004-03-29,8.11
2004-03-30,8.17
2004-03-31,8.13
2004-04-01,8.19
2004-04-02,8.32
2004-04-05,8.29
2004-04-06,8.33
2004-04-07,8.24
2004-04-08,8.19
2004-04-12,8.29
2004-04-13,8.1
2004-04-14,8.13
2004-04-15,8.18
2004-04-16,8.25
2004-04-19,8.24
2004-04-20,8.07
2004-04-21,7.99
2004-04-22,8.26
2004-04-23,8.19
2004-04-26,8.15
2004-04-27,8.17
2004-04-28,7.89
2004-04-29,7.8
2004-04-30,7.75
2004-05-03,7.78
2004-05-04,7.85
2004-05-05,7.82
2004-05-06,7.74
2004-05-07,7.47
2004-05-10,7.45
2004-05-11,7.55
2004-05-12,7.54
2004-05-13,7.59
2004-05-14,7.57
2004-05-17,7.42
2004-05-18,7.56
2004-05-19,7.58
2004-05-20,7.56
2004-05-21,7.64
2004-05-24,7.71
2004-05-25,7.87
2004-05-26,7.89
2004-05-27,7.96
2004-05-28,7.97
2004-06-01,7.95
2004-06-02,7.96
2004-06-03,7.82
2004-06-04,7.89
2004-06-07,8.05
2004-06-08,8.05
2004-06-09,7.96
2004-06-10,8.0
2004-06-14,7.89
2004-06-15,7.97
2004-06-16,7.97
2004-06-17,8.0
2004-06-18,8.11
2004-06-21,8.08
2004-06-22,8.11
2004-06-23,8.21
2004-06-24,8.2
2004-06-25,8.22
2004-06-28,8.2
2004-06-29,8.31
2004-06-30,8.37
2004-07-01,8.22
2004-07-02,8.17
2004-07-06,8.11
2004-07-07,8.2
2004-07-08,8.13
2004-07-09,8.16
2004-07-12,8.17
2004-07-13,8.2
2004-07-14,8.2
2004-07-15,8.21
2004-07-16,8.23
2004-07-19,8.19
2004-07-20,8.18
2004-07-21,8.02
2004-07-22,7.99
2004-07-23,7.95
2004-07-26,7.88
2004-07-27,8.01
2004-07-28,8.09
2004-07-29,8.19
2004-07-30,8.18
2004-08-02,8.23
2004-08-03,8.15
2004-08-04,8.16
2004-08-05,7.98
2004-08-06,7.84
2004-08-09,7.89
2004-08-10,8.02
2004-08-11,7.99
2004-08-12,7.88
2004-08-13,7.85
2004-08-16,8.07
2004-08-17,8.11
2004-08-18,8.19
2004-08-19,8.2
2004-08-20,8.26
2004-08-23,8.2
2004-08-24,8.22
2004-08-25,8.31
2004-08-26,8.35
2004-08-27,8.36
2004-08-30,8.29
2004-08-31,8.31
2004-09-01,8.35
2004-09-02,8.46
2004-09-03,8.45
2004-09-07,8.52
2004-09-08,8.42
2004-09-09,8.44
2004-09-10,8.37
2004-09-13,8.36
2004-09-14,8.35
2004-09-15,8.32
2004-09-16,8.35
2004-09-17,8.32
2004-09-20,8.33
2004-09-21,8.36
2004-09-22,8.29
2004-09-23,8.22
2004-09-24,8.29
2004-09-27,8.28
2004-09-28,8.49
2004-09-29,8.53
2004-09-30,8.65
2004-10-01,8.7
2004-10-04,8.71
2004-10-05,8.7
2004-10-06,8.84
2004-10-07,8.73
2004-10-08,8.68
2004-10-11,8.68
2004-10-12,8.59
2004-10-13,8.39
2004-10-14,8.38
2004-10-15,8.45
2004-10-18,8.43
2004-10-19,8.23
2004-10-20,8.29
2004-10-21,8.35
2004-10-22,8.29
2004-10-25,8.38
2004-10-26,8.46
2004-10-27,8.55
2004-10-28,8.44
2004-10-29,8.57
2004-11-01,8.58
2004-11-02,8.54
2004-11-03,8.66
2004-11-04,8.87
2004-11-05,8.91
2004-11-08,8.91
2004-11-09,9.0
2004-11-10,9.0
2004-11-11,9.07
2004-11-12,9.16
2004-11-15,9.1
2004-11-16,9.05
2004-11-17,9.12
2004-11-18,9.15
2004-11-19,9.09
2004-11-22,9.19
2004-11-23,9.15
2004-11-24,9.24
2004-11-26,9.33
2004-11-29,9.3
2004-11-30,9.26
2004-12-01,9.35
2004-12-02,9.23
2004-12-03,9.23
2004-12-06,9.2
2004-12-07,9.01
2004-12-08,9.04
2004-12-09,9.1
2004-12-10,9.1
2004-12-13,9.23
2004-12-14,9.22
2004-12-15,9.32
2004-12-16,9.25
2004-12-17,9.24
2004-12-20,9.27
2004-12-21,9.39
2004-12-22,9.39
2004-12-23,9.42
2004-12-27,9.39
2004-12-28,9.45
2004-12-29,9.45
2004-12-30,9.41
2004-12-31,9.39
2005-01-03,9.29
2005-01-04,9.13
2005-01-05,9.0
2005-01-06,9.06
2005-01-07,9.08
2005-01-10,9.12
2005-01-11,9.02
2005-01-12,9.08
2005-01-13,9.05
2005-01-14,9.13
2005-01-18,9.17
2005-01-19,9.1
2005-01-20,9.05
2005-01-21,9.02
2005-01-24,8.89
2005-01-25,8.94
2005-01-26,8.95
2005-01-27,9.0
2005-01-28,8.99
2005-01-31,9.1
2005-02-01,9.18
2005-02-02,9.27
2005-02-03,9.22
2005-02-04,9.32
2005-02-07,9.32
2005-02-08,9.32
2005-02-09,9.19
2005-02-10,9.31
2005-02-11,9.4
2005-02-14,9.41
2005-02-15,9.46
2005-02-16,9.58
2005-02-17,9.55
2005-02-18,9.66
2005-02-22,9.51
2005-02-23,9.66
2005-02-24,9.76
2005-02-25,9.91
2005-02-28,9.82
2005-03-01,9.83
2005-03-02,9.8
2005-03-03,9.79
2005-03-04,10.1
2005-03-07,9.99
2005-03-08,9.96
2005-03-09,9.98
2005-03-10,9.86
2005-03-11,9.92
2005-03-14,9.92
2005-03-15,9.87
2005-03-16,9.66
2005-03-17,9.77
2005-03-18,9.77
2005-03-21,9.71
2005-03-22,9.68
2005-03-23,9.58
2005-03-24,9.58
2005-03-28,9.53
2005-03-29,9.32
2005-03-30,9.48
2005-03-31,9.56
2005-04-01,9.53
2005-04-04,9.47
2005-04-05,9.49
2005-04-06,9.54
2005-04-07,9.64
2005-04-08,9.5
2005-04-11,9.47
2005-04-12,9.46
2005-04-13,9.2
2005-04-14,8.94
2005-04-15,8.72
2005-04-18,8.86
2005-04-19,8.97
2005-04-20,8.82
2005-04-21,8.98
2005-04-22,8.9
2005-04-25,8.99
2005-04-26,8.81
2005-04-27,8.73
2005-04-28,8.66
2005-04-29,8.88
2005-05-02,8.95
2005-05-03,9.01
2005-05-04,9.14
2005-05-05,9.09
2005-05-06,9.11
2005-05-09,9.1
2005-05-10,8.96
2005-05-11,8.97
2005-05-12,8.73
2005-05-13,8.56
2005-05-16,8.6
2005-05-17,8.72
2005-05-18,8.94
2005-05-19,8.89
2005-05-20,8.84
2005-05-23,8.91
2005-05-24,8.88
2005-05-25,8.79
2005-05-26,8.85
2005-05-27,8.88
2005-05-31,8.82
2005-06-01,8.95
2005-06-02,8.92
2005-06-03,8.9
2005-06-06,8.88
2005-06-07,8.93
2005-06-08,8.87
2005-06-09,8.83
2005-06-10,8.91
2005-06-13,8.97
2005-06-14,8.99
2005-06-15,9.07
2005-06-16,9.17
2005-06-17,9.17
2005-06-20,9.07
2005-06-21,9.03
2005-06-22,9.02
2005-06-23,8.8
2005-06-24,8.71
2005-06-27,8.68
2005-06-28,8.82
2005-06-29,8.78
2005-06-30,8.64
2005-07-01,8.64
2005-07-05,8.66
2005-07-06,8.63
2005-07-07,8.65
2005-07-08,8.82
2005-07-11,8.94
2005-07-12,8.92
2005-07-13,8.89
2005-07-14,8.9
2005-07-15,8.88
2005-07-18,8.86
2005-07-19,9.01
2005-07-20,9.15
2005-07-21,9.1
2005-07-22,9.16
2005-07-25,9.08
2005-07-26,8.96
2005-07-27,9.05
2005-07-28,9.15
2005-07-29,9.12
2005-08-01,9.07
2005-08-02,9.21
2005-08-03,9.25
2005-08-04,9.15
2005-08-05,9.1
2005-08-08,9.1
2005-08-09,9.16
2005-08-10,9.19
2005-08-11,9.27
2005-08-12,9.2
2005-08-15,9.19
2005-08-16,9.01
2005-08-17,9.0
2005-08-18,8.93
2005-08-19,8.95
2005-08-22,8.95
2005-08-23,8.8
2005-08-24,8.72
2005-08-25,8.73
2005-08-26,8.68
2005-08-29,8.74
2005-08-30,8.65
2005-08-31,8.74
2005-09-01,8.76
2005-09-02,8.76
2005-09-06,8.82
2005-09-07,8.87
2005-09-08,8.82
2005-09-09,8.92
2005-09-12,8.94
2005-09-13,8.84
2005-09-14,8.87
2005-09-15,8.85
2005-09-16,8.91
2005-09-19,8.85
2005-09-20,8.71
2005-09-21,8.61
2005-09-22,8.66
2005-09-23,8.67
2005-09-26,8.66
2005-09-27,8.66
2005-09-28,8.69
2005-09-29,8.74
2005-09-30,8.8
2005-10-03,8.77
2005-10-04,8.67
2005-10-05,8.47
2005-10-06,8.43
2005-10-07,8.51
2005-10-10,8.47
2005-10-11,8.48
2005-10-12,8.41
2005-10-13,8.4
2005-10-14,8.43
2005-10-17,8.49
2005-10-18,8.4
2005-10-19,8.47
2005-10-20,8.41
2005-10-21,8.49
2005-10-24,8.69
2005-10-25,8.68
2005-10-26,8.75
2005-10-27,8.66
2005-10-28,8.8
2005-10-31,8.82
2005-11-01,8.85
2005-11-02,8.96
2005-11-03,8.93
2005-11-04,8.92
2005-11-07,8.96
2005-11-08,8.92
2005-11-09,8.91
2005-11-10,9.03
2005-11-11,9.16
2005-11-14,9.25
2005-11-15,9.22
2005-11-16,9.24
2005-11-17,9.36
2005-11-18,9.38
2005-11-21,9.44
2005-11-22,9.47
2005-11-23,9.45
2005-11-25,9.51
2005-11-28,9.48
2005-11-29,9.57
2005-11-30,9.5
2005-12-01,9.68
2005-12-02,9.64
2005-12-05,9.67
2005-12-06,9.74
2005-12-07,9.71
2005-12-08,9.7
2005-12-09,9.67
2005-12-12,9.67
2005-12-13,9.76
2005-12-14,9.7
2005-12-15,9.65
2005-12-16,9.62
2005-12-19,9.57
2005-12-20,9.54
2005-12-21,9.72
2005-12-22,9.82
2005-12-23,9.85
2005-12-27,9.79
2005-12-28,9.87
2005-12-29,9.85
2005-12-30,9.77
2006-01-03,9.98
2006-01-04,10.04
2006-01-05,10.02
2006-01-06,10.13
2006-01-09,10.13
2006-01-10,10.06
2006-01-11,9.98
2006-01-12,9.85
2006-01-13,9.87
2006-01-17,9.88
2006-01-18,9.78
2006-01-19,9.88
2006-01-20,9.72
2006-01-23,9.85
2006-01-24,9.96
2006-01-25,10.01
2006-01-26,10.13
2006-01-27,10.2
2006-01-30,10.23
2006-01-31,10.24
2006-02-01,10.27
2006-02-02,10.12
2006-02-03,10.03
2006-02-06,10.21
2006-02-07,9.94
2006-02-08,9.96
2006-02-09,9.99
2006-02-10,9.97
2006-02-13,9.87
2006-02-14,10.14
2006-02-15,10.09
2006-02-16,10.22
2006-02-17,10.21
2006-02-21,10.22
2006-02-22,10.26
2006-02-23,10.21
2006-02-24,10.24
2006-02-27,10.15
2006-02-28,10.02
2006-03-01,10.18
2006-03-02,10.24
2006-03-03,10.24
2006-03-06,10.1
2006-03-07,10.01
2006-03-08,9.95
2006-03-09,9.93
2006-03-10,10.1
2006-03-13,10.13
2006-03-14,10.31
2006-03-15,10.44
2006-03-16,10.45
2006-03-17,10.44
2006-03-20,10.42
2006-03-21,10.26
2006-03-22,10.37
2006-03-23,10.4
2006-03-24,10.39
2006-03-27,10.46
2006-03-28,10.38
2006-03-29,10.55
2006-03-30,10.59
2006-03-31,10.49
2006-04-03,10.62
2006-04-04,10.64
2006-04-05,10.78
2006-04-06,10.8
2006-04-07,10.64
2006-04-10,10.64
2006-04-11,10.56
2006-04-12,10.63
2006-04-13,10.68
2006-04-17,10.78
2006-04-18,11.07
2006-04-19,11.15
2006-04-20,11.04
2006-04-21,11.15
2006-04-24,11.12
2006-04-25,11.04
2006-04-26,11.03
2006-04-27,10.81
2006-04-28,10.86
2006-05-01,10.93
2006-05-02,11.04
2006-05-03,11.04
2006-05-04,11.15
2006-05-05,11.23
2006-05-08,11.27
2006-05-09,11.35
2006-05-10,11.35
2006-05-11,11.2
2006-05-12,10.96
2006-05-15,10.81
2006-05-16,10.82
2006-05-17,10.53
2006-05-18,10.42
2006-05-19,10.46
2006-05-22,10.23
2006-05-23,10.25
2006-05-24,10.21
2006-05-25,10.38
2006-05-26,10.56
2006-05-30,10.31
2006-05-31,10.43
2006-06-01,10.54
2006-06-02,10.64
2006-06-05,10.32
2006-06-06,10.23
2006-06-07,10.0
2006-06-08,9.97
2006-06-09,9.92
2006-06-12,9.76
2006-06-13,9.6
2006-06-14,9.72
2006-06-15,10.05
2006-06-16,9.99
2006-06-19,9.79
2006-06-20,9.83
2006-06-21,10.07
2006-06-22,10.02
2006-06-23,10.1
2006-06-26,10.13
2006-06-27,10.0
2006-06-28,10.03
2006-06-29,10.43
2006-06-30,10.48
2006-07-03,10.6
2006-07-05,10.48
2006-07-06,10.47
2006-07-07,10.38
2006-07-10,10.41
2006-07-11,10.4
2006-07-12,10.32
2006-07-13,10.03
2006-07-14,10.05
2006-07-17,9.91
2006-07-18,9.96
2006-07-19,10.22
2006-07-20,9.94
2006-07-21,9.81
2006-07-24,9.96
2006-07-25,10.11
2006-07-26,10.09
2006-07-27,9.87
2006-07-28,10.04
2006-07-31,10.09
2006-08-01,10.01
2006-08-02,10.17
2006-08-03,10.23
2006-08-04,10.18
2006-08-07,10.23
2006-08-08,10.12
2006-08-09,10.13
2006-08-10,10.16
2006-08-11,10.04
2006-08-14,10.02
2006-08-15,10.23
2006-08-16,10.41
2006-08-17,10.34
2006-08-18,10.34
2006-08-21,10.34
2006-08-22,10.37
2006-08-23,10.35
2006-08-24,10.27
2006-08-25,10.31
2006-08-28,10.3
2006-08-29,10.34
2006-08-30,10.34
2006-08-31,10.39
2006-09-01,10.51
2006-09-05,10.57
2006-09-06,10.44
2006-09-07,10.33
2006-09-08,10.36
2006-09-11,10.09
2006-09-12,10.2
2006-09-13,10.28
2006-09-14,10.24
2006-09-15,10.24
2006-09-18,10.36
2006-09-19,10.23
2006-09-20,10.32
2006-09-21,10.23
2006-09-22,10.22
2006-09-25,10.27
2006-09-26,10.47
2006-09-27,10.45
2006-09-28,10.48
2006-09-29,10.39
2006-10-02,10.41
2006-10-03,10.27
2006-10-04,10.29
2006-10-05,10.45
2006-10-06,10.5
2006-10-09,10.59
2006-10-10,10.64
2006-10-11,10.54
2006-10-12,10.65
2006-10-13,10.75
2006-10-16,10.83
2006-10-17,10.76
2006-10-18,10.72
2006-10-19,10.79
2006-10-20,10.73
2006-10-23,10.8
2006-10-24,10.92
2006-10-25,10.91
2006-10-26,10.94
2006-10-27,10.96
2006-10-30,10.99
2006-10-31,11.01
2006-11-01,10.93
2006-11-02,10.96
2006-11-03,10.93
2006-11-06,11.06
2006-11-07,11.03
2006-11-08,11.05
2006-11-09,11.17
2006-11-10,11.07
2006-11-13,11.17
2006-11-14,11.17
2006-11-15,11.22
2006-11-16,11.16
2006-11-17,11.11
2006-11-20,11.32
2006-11-21,11.35
2006-11-22,11.51
2006-11-24,11.52
2006-11-27,11.33
2006-11-28,11.37
2006-11-29,11.47
2006-11-30,11.49
2006-12-01,11.4
2006-12-04,11.57
2006-12-05,11.62
2006-12-06,11.57
2006-12-07,11.64
2006-12-08,11.67
2006-12-11,11.63
2006-12-12,11.5
2006-12-13,11.57
2006-12-14,11.65
2006-12-15,11.74
2006-12-18,11.62
2006-12-19,11.71
2006-12-20,11.65
2006-12-21,11.51
2006-12-22,11.45
2006-12-26,11.55
2006-12-27,11.66
2006-12-28,11.64
2006-12-29,11.57
2007-01-03,11.49
2007-01-04,11.44
2007-01-05,11.36
2007-01-08,11.36
2007-01-09,11.36
2007-01-10,11.44
2007-01-11,11.57
2007-01-12,11.69
2007-01-16,11.72
2007-01-17,11.76
2007-01-18,11.69
2007-01-19,11.87
2007-01-22,11.75
2007-01-23,11.9
2007-01-24,12.02
2007-01-25,11.98
2007-01-26,11.98
2007-01-29,11.93
2007-01-30,11.96
2007-01-31,12.03
2007-02-01,12.18
2007-02-02,12.16
2007-02-05,12.11
2007-02-06,12.19
2007-02-07,12.19
2007-02-08,12.21
2007-02-09,12.15
2007-02-12,12.2
2007-02-13,12.44
2007-02-14,12.52
2007-02-15,12.58
2007-02-16,12.52
2007-02-20,12.62
2007-02-21,12.7
2007-02-22,12.7
2007-02-23,12.75
2007-02-26,12.86
2007-02-27,12.34
2007-02-28,12.36
2007-03-01,12.3
2007-03-02,12.1
2007-03-05,11.94
2007-03-06,12.18
2007-03-07,12.12
2007-03-08,12.24
2007-03-09,12.39
2007-03-12,12.43
2007-03-13,12.12
2007-03-14,12.2
2007-03-15,12.43
2007-03-16,12.33
2007-03-19,12.51
2007-03-20,12.57
2007-03-21,12.71
2007-03-22,12.65
2007-03-23,12.7
2007-03-26,12.79
2007-03-27,12.65
2007-03-28,12.53
2007-03-29,12.62
2007-03-30,12.65
2007-04-02,12.64
2007-04-03,12.78
2007-04-04,12.8
2007-04-05,12.78
2007-04-09,12.98
2007-04-10,12.84
2007-04-11,12.78
2007-04-12,12.89
2007-04-13,12.92
2007-04-16,13.1
2007-04-17,12.97
2007-04-18,12.9
2007-04-19,12.86
2007-04-20,12.99
2007-04-23,12.99
2007-04-24,12.93
2007-04-25,13.14
2007-04-26,13.09
2007-04-27,13.08
2007-04-30,12.84
2007-05-01,12.78
2007-05-02,12.94
2007-05-03,12.98
2007-05-04,13.1
2007-05-07,13.27
2007-05-08,13.28
2007-05-09,13.34
2007-05-10,13.08
2007-05-11,13.23
2007-05-14,13.22
2007-05-15,13.3
2007-05-16,13.35
2007-05-17,13.34
2007-05-18,13.39
2007-05-21,13.41
2007-05-22,13.33
2007-05-23,13.39
2007-05-24,13.25
2007-05-25,13.4
2007-05-29,13.36
2007-05-30,13.53
2007-05-31,13.59
2007-06-01,13.78
2007-06-04,13.7
2007-06-05,13.65
2007-06-06,13.48
2007-06-07,13.18
2007-06-08,13.43
2007-06-11,13.31
2007-06-12,13.15
2007-06-13,13.46
2007-06-14,13.56
2007-06-15,13.72
2007-06-18,13.72
2007-06-19,13.79
2007-06-20,13.62
2007-06-21,13.69
2007-06-22,13.65
2007-06-25,13.44
2007-06-26,13.27
2007-06-27,13.39
2007-06-28,13.44
2007-06-29,13.52
2007-07-02,13.74
2007-07-03,13.74
2007-07-05,13.77
2007-07-06,13.89
2007-07-09,13.92
2007-07-10,13.72
2007-07-11,13.82
2007-07-12,14.17
2007-07-13,14.32
2007-07-16,14.25
2007-07-17,14.37
2007-07-18,14.4
2007-07-19,14.43
2007-07-20,14.29
2007-07-23,14.27
2007-07-24,13.99
2007-07-25,13.76
2007-07-26,13.3
2007-07-27,12.99
2007-07-30,13.32
2007-07-31,13.16
2007-08-01,13.24
2007-08-02,13.27
2007-08-03,12.83
2007-08-06,12.98
2007-08-07,13.07
2007-08-08,13.41
2007-08-09,13.07
2007-08-10,12.91
2007-08-13,12.97
2007-08-14,12.64
2007-08-15,12.32
2007-08-16,12.15
2007-08-17,12.32
2007-08-20,12.55
2007-08-21,12.63
2007-08-22,13.1
2007-08-23,12.85
2007-08-24,13.15
2007-08-27,13.04
2007-08-28,12.74
2007-08-29,12.99
2007-08-30,12.95
2007-08-31,13.07
2007-09-04,13.25
2007-09-05,13.14
2007-09-06,13.2
2007-09-07,12.89
2007-09-10,12.81
2007-09-11,12.98
2007-09-12,13.05
2007-09-13,13.1
2007-09-14,13.19
2007-09-17,13.17
2007-09-18,13.79
2007-09-19,13.95
2007-09-20,13.9
2007-09-21,13.94
2007-09-24,13.96
2007-09-25,13.91
2007-09-26,14.09
2007-09-27,14.25
2007-09-28,14.12
2007-10-01,14.39
2007-10-02,14.29
2007-10-03,14.1
2007-10-04,14.16
2007-10-05,14.41
2007-10-08,14.32
2007-10-09,14.59
2007-10-10,14.5
2007-10-11,14.42
2007-10-12,14.54
2007-10-15,14.46
2007-10-16,14.2
2007-10-17,14.19
2007-10-18,14.31
2007-10-19,13.99
2007-10-22,13.89
2007-10-23,14.11
2007-10-24,14.14
2007-10-25,14.25
2007-10-26,14.52
2007-10-29,14.68
2007-10-30,14.33
2007-10-31,14.71
2007-11-01,14.2
2007-11-02,14.33
2007-11-05,14.16
2007-11-06,14.49
2007-11-07,14.09
2007-11-08,14.22
2007-11-09,13.93
2007-11-12,13.37
2007-11-13,13.73
2007-11-14,13.8
2007-11-15,13.5
2007-11-16,13.47
2007-11-19,13.12
2007-11-20,13.32
2007-11-21,13.06
2007-11-23,13.26
2007-11-26,12.98
2007-11-27,13.08
2007-11-28,13.7
2007-11-29,13.84
2007-11-30,13.97
2007-12-03,13.9
2007-12-04,13.82
2007-12-05,14.07
2007-12-06,14.3
2007-12-07,14.43
2007-12-10,14.63
2007-12-11,14.03
2007-12-12,14.21
2007-12-13,14.33
2007-12-14,14.07
2007-12-17,13.57
2007-12-18,13.72
2007-12-19,13.7
2007-12-20,13.96
2007-12-21,14.26
2007-12-24,14.39
2007-12-26,14.46
2007-12-27,14.19
2007-12-28,14.2
2007-12-31,14.12
2008-01-02,13.98
2008-01-03,14.24
2008-01-04,13.81
2008-01-07,13.62
2008-01-08,13.41
2008-01-09,13.49
2008-01-10,13.68
2008-01-11,13.54
2008-01-14,13.99
2008-01-15,13.61
2008-01-16,13.15
2008-01-17,12.5
2008-01-18,12.65
2008-01-22,12.53
2008-01-23,12.75
2008-01-24,12.95
2008-01-25,13.02
2008-01-28,13.27
2008-01-29,13.34
2008-01-30,13.29
2008-01-31,13.53
2008-02-01,13.86
2008-02-04,13.64
2008-02-05,13.25
2008-02-06,13.15
2008-02-07,13.21
2008-02-08,13.49
2008-02-11,13.53
2008-02-12,13.78
2008-02-13,13.72
2008-02-14,13.54
2008-02-15,13.63
2008-02-19,13.97
2008-02-20,14.05
2008-02-21,13.86
2008-02-22,13.99
2008-02-25,14.31
2008-02-26,14.38
2008-02-27,14.38
2008-02-28,14.3
2008-02-29,13.84
2008-03-03,14.07
2008-03-04,13.73
2008-03-05,14.12
2008-03-06,13.99
2008-03-07,13.41
2008-03-10,13.12
2008-03-11,13.92
2008-03-12,13.72
2008-03-13,14.05
2008-03-14,13.8
2008-03-17,13.53
2008-03-18,14.0
2008-03-19,13.05
2008-03-20,13.01
2008-03-24,13.47
2008-03-25,13.87
2008-03-26,13.81
2008-03-27,13.78
2008-03-28,13.66
2008-03-31,13.64
2008-04-01,14.08
2008-04-02,14.17
2008-04-03,14.43
2008-04-04,14.57
2008-04-07,14.5
2008-04-08,14.63
2008-04-09,14.48
2008-04-10,14.51
2008-04-11,14.33
2008-04-14,14.26
2008-04-15,14.33
2008-04-16,15.02
2008-04-17,14.94
2008-04-18,15.03
2008-04-21,15.06
2008-04-22,14.94
2008-04-23,14.71
2008-04-24,14.5
2008-04-25,14.91
2008-04-28,14.83
2008-04-29,14.34
2008-04-30,14.37
2008-05-01,14.27
2008-05-02,14.41
2008-05-05,14.74
2008-05-06,14.86
2008-05-07,14.69
2008-05-08,14.94
2008-05-09,14.76
2008-05-12,15.06
2008-05-13,15.15
2008-05-14,15.23
2008-05-15,15.4
2008-05-16,15.59
2008-05-19,15.55
2008-05-20,15.63
2008-05-21,15.18
2008-05-22,15.11
2008-05-23,14.9
2008-05-27,14.83
2008-05-28,15.2
2008-05-29,15.1
2008-05-30,15.12
2008-06-02,15.0
2008-06-03,15.02
2008-06-04,14.95
2008-06-05,15.46
2008-06-06,15.0
2008-06-09,15.23
2008-06-10,15.04
2008-06-11,14.77
2008-06-12,14.76
2008-06-13,15.13
2008-06-16,15.11
2008-06-17,15.2
2008-06-18,15.09
2008-06-19,15.12
2008-06-20,14.82
2008-06-23,14.91
2008-06-24,14.63
2008-06-25,14.67
2008-06-26,14.31
2008-06-27,14.3
2008-06-30,14.24
2008-07-01,13.98
2008-07-02,13.38
2008-07-03,13.46
2008-07-07,13.53
2008-07-08,13.39
2008-07-09,13.41
2008-07-10,13.46
2008-07-11,13.45
2008-07-14,13.6
2008-07-15,13.47
2008-07-16,13.52
2008-07-17,13.6
2008-07-18,13.51
2008-07-21,13.79
2008-07-22,13.81
2008-07-23,13.64
2008-07-24,13.29
2008-07-25,13.31
2008-07-28,13.3
2008-07-29,13.56
2008-07-30,13.88
2008-07-31,13.78
2008-08-01,13.53
2008-08-04,12.94
2008-08-05,13.09
2008-08-06,13.22
2008-08-07,13.18
2008-08-08,13.13
2008-08-11,13.14
2008-08-12,13.25
2008-08-13,13.54
2008-08-14,13.51
2008-08-15,13.43
2008-08-18,13.3
2008-08-19,13.22
2008-08-20,13.45
2008-08-21,13.57
2008-08-22,13.56
2008-08-25,13.27
2008-08-26,13.34
2008-08-27,13.46
2008-08-28,13.66
2008-08-29,13.56
2008-09-02,13.22
2008-09-03,13.15
2008-09-04,12.69
2008-09-05,12.7
2008-09-08,12.68
2008-09-09,12.27
2008-09-10,12.38
2008-09-11,12.59
2008-09-12,12.99
2008-09-15,12.45
2008-09-16,12.59
2008-09-17,12.36
2008-09-18,12.35
2008-09-19,13.14
2008-09-22,12.97
2008-09-23,12.67
2008-09-24,12.42
2008-09-25,12.38
2008-09-26,12.1
2008-09-29,11.22
2008-09-30,11.46
2008-10-01,11.28
2008-10-02,10.47
2008-10-03,10.36
2008-10-06,9.85
2008-10-07,9.34
2008-10-08,9.64
2008-10-09,9.03
2008-10-10,8.81
2008-10-13,10.05
2008-10-14,9.76
2008-10-15,8.55
2008-10-16,8.61
2008-10-17,8.84
2008-10-20,9.28
2008-10-21,8.89
2008-10-22,8.41
2008-10-23,8.21
2008-10-24,7.86
2008-10-27,7.28
2008-10-28,8.19
2008-10-29,8.53
2008-10-30,8.8
2008-10-31,8.9
2008-11-03,8.86
2008-11-04,9.27
2008-11-05,8.88
2008-11-06,8.4
2008-11-07,8.54
2008-11-10,8.54
2008-11-11,8.2
2008-11-12,7.68
2008-11-13,8.3
2008-11-14,7.8
2008-11-17,7.64
2008-11-18,7.55
2008-11-19,7.1
2008-11-20,6.82
2008-11-21,6.9
2008-11-24,7.3
2008-11-25,7.56
2008-11-26,7.91
2008-11-28,7.95
2008-12-01,7.27
2008-12-02,7.55
2008-12-03,7.54
2008-12-04,7.39
2008-12-05,7.53
2008-12-08,8.09
2008-12-09,8.01
2008-12-10,8.25
2008-12-11,7.9
2008-12-12,7.93
2008-12-15,7.91
2008-12-16,8.4
2008-12-17,8.4
2008-12-18,8.08
2008-12-19,7.91
2008-12-22,7.63
2008-12-23,7.6
2008-12-24,7.6
2008-12-26,7.7
2008-12-29,7.56
2008-12-30,7.76
2008-12-31,7.9
2009-01-02,8.19
2009-01-05,8.21
2009-01-06,8.39
2009-01-07,8.2
2009-01-08,8.31
2009-01-09,8.11
2009-01-12,7.77
2009-01-13,7.81
2009-01-14,7.52
2009-01-15,7.74
2009-01-16,7.83
2009-01-20,7.39
2009-01-21,7.65
2009-01-22,7.53
2009-01-23,7.65
2009-01-26,7.56
2009-01-27,7.61
2009-01-28,7.83
2009-01-29,7.62
2009-01-30,7.32
2009-02-02,7.21
2009-02-03,7.35
2009-02-04,7.44
2009-02-05,7.64
2009-02-06,7.87
2009-02-09,7.84
2009-02-10,7.49
2009-02-11,7.49
2009-02-12,7.62
2009-02-13,7.5
2009-02-17,7.17
2009-02-18,7.13
2009-02-19,7.06
2009-02-20,7.11
2009-02-23,6.68
2009-02-24,6.9
2009-02-25,6.79
2009-02-26,6.8
2009-02-27,6.73
2009-03-02,6.28
2009-03-03,6.31
2009-03-04,6.52
2009-03-05,6.31
2009-03-06,6.39
2009-03-09,6.32
2009-03-10,6.67
2009-03-11,6.87
2009-03-12,7.04
2009-03-13,7.07
2009-03-16,7.18
2009-03-17,7.24
2009-03-18,7.46
2009-03-19,7.52
2009-03-20,7.39
2009-03-23,7.83
2009-03-24,7.8
2009-03-25,7.87
2009-03-26,8.18
2009-03-27,8.0
2009-03-30,7.73
2009-03-31,7.76
2009-04-01,7.92
2009-04-02,8.22
2009-04-03,8.32
2009-04-06,8.18
2009-04-07,7.9
2009-04-08,7.99
2009-04-09,8.33
2009-04-13,8.44
2009-04-14,8.28
2009-04-15,8.48
2009-04-16,8.48
2009-04-17,8.55
2009-04-20,8.15
2009-04-21,8.32
2009-04-22,8.35
2009-04-23,8.37
2009-04-24,8.77
2009-04-27,8.58
2009-04-28,8.54
2009-04-29,8.73
2009-04-30,8.97
2009-05-01,8.99
2009-05-04,9.5
2009-05-05,9.44
2009-05-06,9.48
2009-05-07,9.17
2009-05-08,9.37
2009-05-11,9.23
2009-05-12,9.32
2009-05-13,8.92
2009-05-14,9.0
2009-05-15,9.03
2009-05-18,9.29
2009-05-19,9.4
2009-05-20,9.44
2009-05-21,9.23
2009-05-22,9.19
2009-05-26,9.41
2009-05-27,9.06
2009-05-28,9.22
2009-05-29,9.5
2009-06-01,9.79
2009-06-02,9.88
2009-06-03,9.55
2009-06-04,9.77
2009-06-05,9.63
2009-06-08,9.58
2009-06-09,9.75
2009-06-10,9.76
2009-06-11,9.89
2009-06-12,9.79
2009-06-15,9.47
2009-06-16,9.21
2009-06-17,9.11
2009-06-18,9.18
2009-06-19,9.16
2009-06-22,8.7
2009-06-23,8.81
2009-06-24,8.9
2009-06-25,9.09
2009-06-26,9.07
2009-06-29,9.15
2009-06-30,9.07
2009-07-01,9.09
2009-07-02,8.84
2009-07-06,8.77
2009-07-07,8.52
2009-07-08,8.52
2009-07-09,8.59
2009-07-10,8.54
2009-07-13,8.8
2009-07-14,8.87
2009-07-15,9.22
2009-07-16,9.3
2009-07-17,9.35
2009-07-20,9.55
2009-07-21,9.66
2009-07-22,9.69
2009-07-23,10.02
2009-07-24,10.1
2009-07-27,10.12
2009-07-28,10.04
2009-07-29,9.83
2009-07-30,10.13
2009-07-31,10.23
2009-08-03,10.59
2009-08-04,10.56
2009-08-05,10.64
2009-08-06,10.55
2009-08-07,10.62
2009-08-10,10.47
2009-08-11,10.45
2009-08-12,10.54
2009-08-13,10.74
2009-08-14,10.47
2009-08-17,10.07
2009-08-18,10.22
2009-08-19,10.36
2009-08-20,10.38
2009-08-21,10.65
2009-08-24,10.57
2009-08-25,10.51
2009-08-26,10.47
2009-08-27,10.55
2009-08-28,10.62
2009-08-31,10.47
2009-09-01,10.17
2009-09-02,10.26
2009-09-03,10.41
2009-09-04,10.55
2009-09-08,10.7
2009-09-09,10.75
2009-09-10,10.8
2009-09-11,10.82
2009-09-14,10.96
2009-09-15,11.2
2009-09-16,11.35
2009-09-17,11.3
2009-09-18,11.29
2009-09-21,11.18
2009-09-22,11.3
2009-09-23,11.13
2009-09-24,10.88
2009-09-25,10.78
2009-09-28,10.98
2009-09-29,10.99
2009-09-30,10.92
2009-10-01,10.49
2009-10-02,10.45
2009-10-05,10.62
2009-10-06,10.85
2009-10-07,10.85
2009-10-08,11.1
2009-10-09,11.11
2009-10-12,11.14
2009-10-13,11.2
2009-10-14,11.44
2009-10-15,11.46
2009-10-16,11.3
2009-10-19,11.48
2009-10-20,11.36
2009-10-21,11.22
2009-10-22,11.36
2009-10-23,11.13
2009-10-26,10.85
2009-10-27,10.76
2009-10-28,10.43
2009-10-29,10.74
2009-10-30,10.35
2009-11-02,10.44
2009-11-03,10.55
2009-11-04,10.55
2009-11-05,10.74
2009-11-06,10.83
2009-11-09,11.18
2009-11-10,11.2
2009-11-11,11.3
2009-11-12,11.25
2009-11-13,11.29
2009-11-16,11.53
2009-11-17,11.66
2009-11-18,11.66
2009-11-19,11.48
2009-11-20,11.45
2009-11-23,11.56
2009-11-24,11.55
2009-11-25,11.74
2009-11-27,11.41
2009-11-30,11.47
2009-12-01,11.69
2009-12-02,11.8
2009-12-03,11.61
2009-12-04,11.48
2009-12-07,11.5
2009-12-08,11.32
2009-12-09,11.46
2009-12-10,11.41
2009-12-11,11.45
2009-12-14,11.61
2009-12-15,11.5
2009-12-16,11.62
2009-12-17,11.36
2009-12-18,11.35
2009-12-21,11.52
2009-12-22,11.58
2009-12-23,11.76
2009-12-24,11.85
2009-12-28,11.86
2009-12-29,11.88
2009-12-30,11.87
2009-12-31,11.7
2010-01-04,12.07
2010-01-05,12.11
2010-01-06,12.31
2010-01-07,12.22
2010-01-08,12.39
2010-01-11,12.32
2010-01-12,12.09
2010-01-13,12.23
2010-01-14,12.08
2010-01-15,11.99
2010-01-19,12.18
2010-01-20,11.97
2010-01-21,11.45
2010-01-22,11.22
2010-01-25,11.32
2010-01-26,11.16
2010-01-27,11.07
2010-01-28,10.87
2010-01-29,10.69
2010-02-01,11.12
2010-02-02,11.15
2010-02-03,11.03
2010-02-04,10.62
2010-02-05,10.81
2010-02-08,10.64
2010-02-09,10.9
2010-02-10,10.82
2010-02-11,11.01
2010-02-12,10.99
2010-02-16,11.26
2010-02-17,11.27
2010-02-18,11.39
2010-02-19,11.46
2010-02-22,11.41
2010-02-23,11.23
2010-02-24,11.2
2010-02-25,11.17
2010-02-26,11.18
2010-03-01,11.35
2010-03-02,11.44
2010-03-03,11.54
2010-03-04,11.62
2010-03-05,11.77
2010-03-08,11.77
2010-03-09,11.69
2010-03-10,11.7
2010-03-11,11.76
2010-03-12,11.81
2010-03-15,11.81
2010-03-16,11.98
2010-03-17,12.05
2010-03-18,11.96
2010-03-19,11.83
2010-03-22,12.01
2010-03-23,12.16
2010-03-24,12.13
2010-03-25,11.89
2010-03-26,11.98
2010-03-29,12.1
2010-03-30,12.12
2010-03-31,12.06
2010-04-01,12.27
2010-04-05,12.42
2010-04-06,12.44
2010-04-07,12.36
2010-04-08,12.39
2010-04-09,12.41
2010-04-12,12.37
2010-04-13,12.33
2010-04-14,12.42
2010-04-15,12.42
2010-04-16,12.21
2010-04-19,12.21
2010-04-20,12.25
2010-04-21,12.22
2010-04-22,12.34
2010-04-23,12.45
2010-04-26,12.5
2010-04-27,12.05
2010-04-28,12.19
2010-04-29,12.3
2010-04-30,12.09
2010-05-03,12.08
2010-05-04,11.66
2010-05-05,11.57
2010-05-06,11.19
2010-05-07,11.07
2010-05-10,11.59
2010-05-11,11.45
2010-05-12,11.69
2010-05-13,11.51
2010-05-14,11.23
2010-05-17,11.23
2010-05-18,11.04
2010-05-19,11.04
2010-05-20,10.54
2010-05-21,10.8
2010-05-24,10.61
2010-05-25,10.79
2010-05-26,10.71
2010-05-27,11.13
2010-05-28,10.93
2010-06-01,10.58
2010-06-02,10.91
2010-06-03,10.78
2010-06-04,10.35
2010-06-07,10.17
2010-06-08,10.4
2010-06-09,10.41
2010-06-10,10.78
2010-06-11,10.91
2010-06-14,10.8
2010-06-15,11.07
2010-06-16,11.05
2010-06-17,10.99
2010-06-18,11.05
2010-06-21,11.12
2010-06-22,10.85
2010-06-23,10.87
2010-06-24,10.59
2010-06-25,10.75
2010-06-28,10.63
2010-06-29,10.24
2010-06-30,10.13
2010-07-01,10.07
2010-07-02,10.02
2010-07-06,10.03
2010-07-07,10.43
2010-07-08,10.6
2010-07-09,10.85
2010-07-12,10.71
2010-07-13,11.0
2010-07-14,10.96
2010-07-15,10.95
2010-07-16,10.65
2010-07-19,10.66
2010-07-20,10.99
2010-07-21,10.95
2010-07-22,11.19
2010-07-23,11.43
2010-07-26,11.5
2010-07-27,11.41
2010-07-28,11.37
2010-07-29,11.36
2010-07-30,11.43
2010-08-02,11.74
2010-08-03,11.52
2010-08-04,11.63
2010-08-05,11.66
2010-08-06,11.6
2010-08-09,11.67
2010-08-10,11.55
2010-08-11,11.16
2010-08-12,11.23
2010-08-13,11.18
2010-08-16,11.23
2010-08-17,11.49
2010-08-18,11.54
2010-08-19,11.27
2010-08-20,11.25
2010-08-23,11.12
2010-08-24,10.86
2010-08-25,10.9
2010-08-26,10.88
2010-08-27,11.21
2010-08-30,11.04
2010-08-31,11.09
2010-09-01,11.42
2010-09-02,11.55
2010-09-03,11.69
2010-09-07,11.57
2010-09-08,11.66
2010-09-09,11.62
2010-09-10,11.72
2010-09-13,11.91
2010-09-14,11.89
2010-09-15,11.87
2010-09-16,11.92
2010-09-17,11.93
2010-09-20,12.0
2010-09-21,11.95
2010-09-22,11.98
2010-09-23,11.86
2010-09-24,12.16
2010-09-27,12.09
2010-09-28,12.09
2010-09-29,11.99
2010-09-30,11.95
2010-10-01,12.1
2010-10-04,11.91
2010-10-05,12.24
2010-10-06,12.36
2010-10-07,12.24
2010-10-08,12.48
2010-10-11,12.46
2010-10-12,12.49
2010-10-13,12.69
2010-10-14,12.57
2010-10-15,12.6
2010-10-18,12.66
2010-10-19,12.33
2010-10-20,12.59
2010-10-21,12.59
2010-10-22,12.5
2010-10-25,12.76
2010-10-26,12.69
2010-10-27,12.57
2010-10-28,12.58
2010-10-29,12.68
2010-11-01,12.67
2010-11-02,12.8
2010-11-03,12.77
2010-11-04,13.19
2010-11-05,13.23
2010-11-08,13.27
2010-11-09,13.03
2010-11-10,13.1
2010-11-11,13.23
2010-11-12,12.94
2010-11-15,12.84
2010-11-16,12.56
2010-11-17,12.56
2010-11-18,12.79
2010-11-19,12.9
2010-11-22,12.93
2010-11-23,12.68
2010-11-24,12.93
2010-11-26,12.71
2010-11-29,12.82
2010-11-30,12.82
2010-12-01,13.17
2010-12-02,13.37
2010-12-03,13.49
2010-12-06,13.51
2010-12-07,13.53
2010-12-08,13.38
2010-12-09,13.46
2010-12-10,13.57
2010-12-13,13.65
2010-12-14,13.64
2010-12-15,13.56
2010-12-16,13.69
2010-12-17,13.8
2010-12-20,13.84
2010-12-21,13.98
2010-12-22,13.97
2010-12-23,14.01
2010-12-27,14.03
2010-12-28,14.06
2010-12-29,14.12
2010-12-30,14.12
2010-12-31,14.11
2011-01-03,14.22
2011-01-04,14.13
2011-01-05,14.16
2011-01-06,14.09
2011-01-07,14.07
2011-01-10,14.09
2011-01-11,14.21
2011-01-12,14.35
2011-01-13,14.22
2011-01-14,14.25
2011-01-18,14.33
2011-01-19,14.0
2011-01-20,13.8
2011-01-21,13.77
2011-01-24,13.92
2011-01-25,13.93
2011-01-26,14.23
2011-01-27,14.11
2011-01-28,13.89
2011-01-31,14.12
2011-02-01,14.5
2011-02-02,14.47
2011-02-03,14.54
2011-02-04,14.54
2011-02-07,14.62
2011-02-08,14.67
2011-02-09,14.53
2011-02-10,14.56
2011-02-11,14.64
2011-02-14,14.8
2011-02-15,14.63
2011-02-16,14.82
2011-02-17,14.95
2011-02-18,14.79
2011-02-22,14.31
2011-02-23,14.21
2011-02-24,14.13
2011-02-25,14.34
2011-02-28,14.5
2011-03-01,14.14
2011-03-02,14.19
2011-03-03,14.48
2011-03-04,14.35
2011-03-07,14.1
2011-03-08,14.26
2011-03-09,14.03
2011-03-10,13.72
2011-03-11,13.93
2011-03-14,13.88
2011-03-15,13.88
2011-03-16,13.6
2011-03-17,13.84
2011-03-18,13.91
2011-03-21,14.15
2011-03-22,14.11
2011-03-23,14.32
2011-03-24,14.38
2011-03-25,14.46
2011-03-28,14.39
2011-03-29,14.54
2011-03-30,14.7
2011-03-31,14.75
2011-04-01,14.81
2011-04-04,14.9
2011-04-05,15.08
2011-04-06,14.95
2011-04-07,14.92
2011-04-08,14.82
2011-04-11,14.65
2011-04-12,14.45
2011-04-13,14.37
2011-04-14,14.41
2011-04-15,14.51
2011-04-18,14.3
2011-04-19,14.56
2011-04-20,14.75
2011-04-21,14.91
2011-04-25,14.79
2011-04-26,14.96
2011-04-27,15.01
2011-04-28,15.0
2011-04-29,15.06
2011-05-02,14.96
2011-05-03,14.82
2011-05-04,14.56
2011-05-05,14.39
2011-05-06,14.5
2011-05-09,14.71
2011-05-10,14.84
2011-05-11,14.44
2011-05-12,14.43
2011-05-13,14.25
2011-05-16,14.19
2011-05-17,14.03
2011-05-18,14.34
2011-05-19,14.34
2011-05-20,14.19
2011-05-23,14.05
2011-05-24,14.12
2011-05-25,14.32
2011-05-26,14.35
2011-05-27,14.5
2011-05-31,14.65
2011-06-01,14.19
2011-06-02,14.22
2011-06-03,14.04
2011-06-06,13.9
2011-06-07,13.95
2011-06-08,13.8
2011-06-09,14.03
2011-06-10,13.85
2011-06-13,13.77
2011-06-14,14.04
2011-06-15,13.71
2011-06-16,13.58
2011-06-17,13.58
2011-06-20,13.7
2011-06-21,14.05
2011-06-22,13.99
2011-06-23,13.98
2011-06-24,13.89
2011-06-27,13.92
2011-06-28,14.19
2011-06-29,14.41
2011-06-30,14.59
2011-07-01,14.73
2011-07-05,14.74
2011-07-06,14.8
2011-07-07,15.03
2011-07-08,14.91
2011-07-11,14.61
2011-07-12,14.55
2011-07-13,14.68
2011-07-14,14.54
2011-07-15,14.67
2011-07-18,14.49
2011-07-19,14.71
2011-07-20,14.7
2011-07-21,14.88
2011-07-22,14.81
2011-07-25,14.77
2011-07-26,14.61
2011-07-27,14.28
2011-07-28,14.25
2011-07-29,14.09
2011-08-01,14.04
2011-08-02,13.61
2011-08-03,13.68
2011-08-04,12.75
2011-08-05,12.72
2011-08-08,11.79
2011-08-09,12.52
2011-08-10,12.09
2011-08-11,12.68
2011-08-12,12.76
2011-08-15,12.97
2011-08-16,12.76
2011-08-17,12.8
2011-08-18,12.05
2011-08-19,11.86
2011-08-22,11.86
2011-08-23,12.28
2011-08-24,12.45
2011-08-25,12.32
2011-08-26,12.58
2011-08-29,12.96
2011-08-30,13.06
2011-08-31,13.1
2011-09-01,12.92
2011-09-02,12.59
2011-09-06,12.52
2011-09-07,12.88
2011-09-08,12.71
2011-09-09,12.29
2011-09-12,12.21
2011-09-13,12.41
2011-09-14,12.61
2011-09-15,12.82
2011-09-16,12.86
2011-09-19,12.67
2011-09-20,12.52
2011-09-21,11.96
2011-09-22,11.29
2011-09-23,11.27
2011-09-26,11.63
2011-09-27,11.87
2011-09-28,11.35
2011-09-29,11.36
2011-09-30,10.94
2011-10-03,10.63
2011-10-04,11.04
2011-10-05,11.48
2011-10-06,11.77
2011-10-07,11.6
2011-10-10,12.08
2011-10-11,12.1
2011-10-12,12.22
2011-10-13,12.15
2011-10-14,12.47
2011-10-17,12.05
2011-10-18,12.36
2011-10-19,12.0
2011-10-20,12.11
2011-10-21,12.43
2011-10-24,12.73
2011-10-25,12.41
2011-10-26,12.63
2011-10-27,13.32
2011-10-28,13.41
2011-10-31,12.84
2011-11-01,12.49
2011-11-02,12.8
2011-11-03,13.06
2011-11-04,13.03
2011-11-07,13.15
2011-11-08,13.3
2011-11-09,12.65
2011-11-10,12.81
2011-11-11,13.1
2011-11-14,12.97
2011-11-15,12.99
2011-11-16,12.69
2011-11-17,12.33
2011-11-18,12.39
2011-11-21,12.18
2011-11-22,12.08
2011-11-23,11.76
2011-11-25,11.7
2011-11-28,12.14
2011-11-29,12.17
2011-11-30,12.86
2011-12-01,12.78
2011-12-02,12.67
2011-12-05,12.82
2011-12-06,12.94
2011-12-07,12.95
2011-12-08,12.55
2011-12-09,12.71
2011-12-12,12.4
2011-12-13,12.2
2011-12-14,12.05
2011-12-15,12.13
2011-12-16,12.21
2011-12-19,11.99
2011-12-20,12.46
2011-12-21,12.48
2011-12-22,12.6
2011-12-23,12.72
2011-12-27,12.72
2011-12-28,12.42
2011-12-29,12.58
2011-12-30,12.57
2012-01-03,12.92
2012-01-04,13.03
2012-01-05,13.06
2012-01-06,13.05
2012-01-09,13.07
2012-01-10,13.32
2012-01-11,13.45
2012-01-12,13.63
2012-01-13,13.54
2012-01-17,13.62
2012-01-18,13.77
2012-01-19,13.78
2012-01-20,13.72
2012-01-23,13.72
2012-01-24,13.72
2012-01-25,13.94
2012-01-26,13.93
2012-01-27,13.95
2012-01-30,13.94
2012-01-31,13.95
2012-02-01,14.09
2012-02-02,14.02
2012-02-03,14.21
2012-02-06,14.13
2012-02-07,14.12
2012-02-08,14.13
2012-02-09,14.15
2012-02-10,13.9
2012-02-13,13.94
2012-02-14,13.76
2012-02-15,13.77
2012-02-16,14.01
2012-02-17,14.02
2012-02-21,14.1
2012-02-22,14.08
2012-02-23,14.1
2012-02-24,14.09
2012-02-27,14.09
2012-02-28,14.14
2012-02-29,13.87
2012-03-01,14.03
2012-03-02,13.99
2012-03-05,13.77
2012-03-06,13.48
2012-03-07,13.52
2012-03-08,13.74
2012-03-09,13.75
2012-03-12,13.67
2012-03-13,13.9
2012-03-14,13.84
2012-03-15,13.95
2012-03-16,13.97
2012-03-19,14.06
2012-03-20,13.98
2012-03-21,13.98
2012-03-22,13.75
2012-03-23,13.9
2012-03-26,14.08
2012-03-27,14.05
2012-03-28,13.86
2012-03-29,13.88
2012-03-30,13.92
2012-04-02,14.12
2012-04-03,14.01
2012-04-04,13.82
2012-04-05,13.74
2012-04-09,13.54
2012-04-10,13.26
2012-04-11,13.4
2012-04-12,13.77
2012-04-13,13.61
2012-04-16,13.65
2012-04-17,13.83
2012-04-18,13.8
2012-04-19,13.75
2012-04-20,13.74
2012-04-23,13.57
2012-04-24,13.57
2012-04-25,13.86
2012-04-26,13.84
2012-04-27,13.91
2012-04-30,13.81
2012-05-01,13.89
2012-05-02,13.83
2012-05-03,13.67
2012-05-04,13.44
2012-05-07,13.45
2012-05-08,13.39
2012-05-09,13.26
2012-05-10,13.22
2012-05-11,13.19
2012-05-14,13.01
2012-05-15,12.81
2012-05-16,12.67
2012-05-17,12.39
2012-05-18,12.34
2012-05-21,12.7
2012-05-22,12.62
2012-05-23,12.78
2012-05-24,12.85
2012-05-25,12.8
2012-05-29,13.02
2012-05-30,12.79
2012-05-31,12.74
2012-06-01,12.47
2012-06-04,12.48
2012-06-05,12.6
2012-06-06,12.91
2012-06-07,12.94
2012-06-08,13.02
2012-06-11,12.78
2012-06-12,13.02
2012-06-13,12.82
2012-06-14,12.93
2012-06-15,13.08
2012-06-18,13.14
2012-06-19,13.39
2012-06-20,13.32
2012-06-21,12.88
2012-06-22,12.95
2012-06-25,12.79
2012-06-26,12.83
2012-06-27,12.97
2012-06-28,12.97
2012-06-29,13.36
2012-07-02,13.3
2012-07-03,13.48
2012-07-05,13.47
2012-07-06,13.31
2012-07-09,13.23
2012-07-10,13.03
2012-07-11,12.99
2012-07-12,12.92
2012-07-13,13.16
2012-07-16,13.11
2012-07-17,13.27
2012-07-18,13.35
2012-07-19,13.5
2012-07-20,13.41
2012-07-23,13.2
2012-07-24,13.0
2012-07-25,13.0
2012-07-26,13.06
2012-07-27,13.3
2012-07-30,13.28
2012-07-31,13.19
2012-08-01,13.2
2012-08-02,13.04
2012-08-03,13.3
2012-08-06,13.42
2012-08-07,13.58
2012-08-08,13.59
2012-08-09,13.67
2012-08-10,13.65
2012-08-13,13.58
2012-08-14,13.52
2012-08-15,13.54
2012-08-16,13.74
2012-08-17,13.72
2012-08-20,13.7
2012-08-21,13.72
2012-08-22,13.83
2012-08-23,13.6
2012-08-24,13.57
2012-08-27,13.49
2012-08-28,13.46
2012-08-29,13.49
2012-08-30,13.37
2012-08-31,13.5
2012-09-04,13.33
2012-09-05,13.39
2012-09-06,13.72
2012-09-07,13.99
2012-09-10,13.97
2012-09-11,14.02
2012-09-12,14.0
2012-09-13,14.34
2012-09-14,14.52
2012-09-17,14.3
2012-09-18,14.26
2012-09-19,14.34
2012-09-20,14.32
2012-09-21,14.26
2012-09-24,14.21
2012-09-25,13.99
2012-09-26,13.92
2012-09-27,14.09
2012-09-28,14.01
2012-10-01,14.05
2012-10-02,13.98
2012-10-03,13.91
2012-10-04,14.09
2012-10-05,14.16
2012-10-08,14.13
2012-10-09,14.0
2012-10-10,13.85
2012-10-11,13.91
2012-10-12,13.84
2012-10-15,13.96
2012-10-16,14.3
2012-10-17,14.42
2012-10-18,14.42
2012-10-19,14.12
2012-10-22,14.18
2012-10-23,13.76
2012-10-24,13.75
2012-10-25,13.72
2012-10-26,13.75
2012-10-31,13.72
2012-11-01,13.98
2012-11-02,13.73
2012-11-05,13.83
2012-11-06,13.97
2012-11-07,13.75
2012-11-08,13.56
2012-11-09,13.54
2012-11-12,13.54
2012-11-13,13.51
2012-11-14,13.28
2012-11-15,13.24
2012-11-16,13.27
2012-11-19,13.65
2012-11-20,13.66
2012-11-21,13.68
2012-11-23,13.86
2012-11-26,13.87
2012-11-27,13.81
2012-11-28,13.86
2012-11-29,13.96
2012-11-30,13.97
2012-12-03,13.71
2012-12-04,13.74
2012-12-05,13.57
2012-12-06,13.61
2012-12-07,13.72
2012-12-10,13.81
2012-12-11,13.92
2012-12-12,13.89
2012-12-13,13.85
2012-12-14,13.95
2012-12-17,14.09
2012-12-18,14.26
2012-12-19,14.2
2012-12-20,14.34
2012-12-21,14.21
2012-12-24,14.28
2012-12-26,14.37
2012-12-27,14.32
2012-12-28,14.14
2012-12-31,14.42
2013-01-02,14.78
2013-01-03,14.67
2013-01-04,14.85
2013-01-07,14.82
2013-01-08,14.84
2013-01-09,14.94
2013-01-10,15.0
2013-01-11,14.98
2013-01-14,14.98
2013-01-15,15.0
2013-01-16,14.89
2013-01-17,15.01
2013-01-18,15.11
2013-01-22,15.25
2013-01-23,15.17
2013-01-24,15.21
2013-01-25,15.27
2013-01-28,15.12
2013-01-29,15.21
2013-01-30,15.12
2013-01-31,14.98
2013-02-01,15.17
2013-02-04,15.02
2013-02-05,15.1
2013-02-06,15.12
2013-02-07,15.03
2013-02-08,15.12
2013-02-11,15.1
2013-02-12,15.11
2013-02-13,15.16
2013-02-14,15.12
2013-02-15,15.11
2013-02-19,15.05
2013-02-20,14.62
2013-02-21,14.49
2013-02-22,14.68
2013-02-25,14.34
2013-02-26,14.5
2013-02-27,14.75
2013-02-28,14.78
2013-03-01,14.79
2013-03-04,14.81
2013-03-05,14.91
2013-03-06,15.04
2013-03-07,15.08
2013-03-08,15.2
2013-03-11,15.29
2013-03-12,15.3
2013-03-13,15.26
2013-03-14,15.35
2013-03-15,15.37
2013-03-18,15.26
2013-03-19,15.19
2013-03-20,15.31
2013-03-21,15.05
2013-03-22,15.07
2013-03-25,14.95
2013-03-26,15.05
2013-03-27,15.05
2013-03-28,15.11
2013-04-01,14.98
2013-04-02,14.83
2013-04-03,14.71
2013-04-04,14.83
2013-04-05,14.77
2013-04-08,14.82
2013-04-09,14.99
2013-04-10,15.1
2013-04-11,15.16
2013-04-12,14.94
2013-04-15,14.39
2013-04-16,14.65
2013-04-17,14.43
2013-04-18,14.39
2013-04-19,14.56
2013-04-22,14.7
2013-04-23,14.83
2013-04-24,15.05
2013-04-25,15.22
2013-04-26,15.0
2013-04-29,15.23
2013-04-30,15.25
2013-05-01,14.98
2013-05-02,15.09
2013-05-03,15.35
2013-05-06,15.4
2013-05-07,15.54
2013-05-08,15.68
2013-05-09,15.66
2013-05-10,15.64
2013-05-13,15.53
2013-05-14,15.72
2013-05-15,15.81
2013-05-16,15.74
2013-05-17,15.91
2013-05-20,15.93
2013-05-21,15.91
2013-05-22,15.69
2013-05-23,15.7
2013-05-24,15.64
2013-05-28,15.79
2013-05-29,15.74
2013-05-30,15.79
2013-05-31,15.54
2013-06-03,15.62
2013-06-04,15.6
2013-06-05,15.25
2013-06-06,15.35
2013-06-07,15.49
2013-06-10,15.57
2013-06-11,15.35
2013-06-12,15.27
2013-06-13,15.56
2013-06-14,15.44
2013-06-17,15.57
2013-06-18,15.64
2013-06-19,15.52
2013-06-20,15.12
2013-06-21,15.07
2013-06-24,14.83
2013-06-25,14.92
2013-06-26,14.99
2013-06-27,14.98
2013-06-28,14.9
2013-07-01,14.99
2013-07-02,14.94
2013-07-03,14.94
2013-07-05,15.04
2013-07-08,15.13
2013-07-09,15.36
2013-07-10,15.36
2013-07-11,15.61
2013-07-12,15.55
2013-07-15,15.59
2013-07-16,15.48
2013-07-17,15.62
2013-07-18,15.63
2013-07-19,15.73
2013-07-22,15.74
2013-07-23,15.79
2013-07-24,15.64
2013-07-25,15.79
2013-07-26,15.73
2013-07-29,15.82
2013-07-30,15.78
2013-07-31,15.73
2013-08-01,15.85
2013-08-02,15.93
2013-08-05,15.89
2013-08-06,15.74
2013-08-07,15.75
2013-08-08,15.99
2013-08-09,16.08
2013-08-12,16.06
2013-08-13,16.11
2013-08-14,16.08
2013-08-15,15.96
2013-08-16,15.84
2013-08-19,15.71
2013-08-20,15.8
2013-08-21,15.68
2013-08-22,15.87
2013-08-23,16.0
2013-08-26,16.0
2013-08-27,15.72
2013-08-28,15.69
2013-08-29,15.74
2013-08-30,15.71
2013-09-03,15.8
2013-09-04,15.95
2013-09-05,15.98
2013-09-06,15.96
2013-09-09,16.2
2013-09-10,16.34
2013-09-11,16.44
2013-09-12,16.27
2013-09-13,16.38
2013-09-16,16.56
2013-09-17,16.52
2013-09-18,16.9
2013-09-19,16.84
2013-09-20,16.64
2013-09-23,16.52
2013-09-24,16.51
2013-09-25,16.55
2013-09-26,16.66
2013-09-27,16.46
2013-09-30,16.4
2013-10-01,16.48
2013-10-02,16.52
2013-10-03,16.38
2013-10-04,16.62
2013-10-07,16.41
2013-10-08,16.15
2013-10-09,16.17
2013-10-10,16.52
2013-10-11,16.62
2013-10-14,16.67
2013-10-15,16.57
2013-10-16,16.74
2013-10-17,16.96
2013-10-18,17.01
2013-10-21,17.01
2013-10-22,17.25
2013-10-23,17.14
2013-10-24,17.22
2013-10-25,17.28
2013-10-28,17.19
2013-10-29,17.22
2013-10-30,17.12
2013-10-31,17.09
2013-11-01,17.05
2013-11-04,17.12
2013-11-05,17.05
2013-11-06,17.17
2013-11-07,16.94
2013-11-08,17.26
2013-11-11,17.25
2013-11-12,17.19
2013-11-13,17.29
2013-11-14,17.43
2013-11-15,17.55
2013-11-18,17.44
2013-11-19,17.38
2013-11-20,17.24
2013-11-21,17.38
2013-11-22,17.47
2013-11-25,17.36
2013-11-26,17.32
2013-11-27,17.33
2013-11-29,17.31
2013-12-02,17.27
2013-12-03,17.07
2013-12-04,17.15
2013-12-05,17.05
2013-12-06,17.29
2013-12-09,17.38
2013-12-10,17.43
2013-12-11,17.13
2013-12-12,17.1
2013-12-13,17.18
2013-12-16,17.25
2013-12-17,17.36
2013-12-18,17.57
2013-12-19,17.6
2013-12-20,17.66
2013-12-23,17.74
2013-12-24,17.93
2013-12-26,18.03
2013-12-27,18.09
2013-12-30,18.1
2013-12-31,18.16
2014-01-02,18.02
2014-01-03,17.97
2014-01-06,17.88
2014-01-07,17.84
2014-01-08,17.95
2014-01-09,17.88
2014-01-10,17.93
2014-01-13,17.69
2014-01-14,17.94
2014-01-15,18.05
2014-01-16,18.09
2014-01-17,18.05
2014-01-21,18.16
2014-01-22,17.98
2014-01-23,17.71
2014-01-24,17.24
2014-01-27,17.17
2014-01-28,17.27
2014-01-29,17.34
2014-01-30,17.42
2014-01-31,17.31
2014-02-03,16.9
2014-02-04,17.05
2014-02-05,17.07
2014-02-06,17.33
2014-02-07,17.57
2014-02-10,17.65
2014-02-11,17.86
2014-02-12,17.82
2014-02-13,17.98
2014-02-14,18.12
2014-02-18,18.14
2014-02-19,18.01
2014-02-20,18.2
2014-02-21,18.15
2014-02-24,18.09
2014-02-25,18.15
2014-02-26,18.29
2014-02-27,18.44
2014-02-28,18.5
2014-03-03,18.46
2014-03-04,18.75
2014-03-05,18.79
2014-03-06,18.86
2014-03-07,18.78
2014-03-10,18.76
2014-03-11,18.57
2014-03-12,18.56
2014-03-13,18.43
2014-03-14,18.43
2014-03-17,18.58
2014-03-18,18.69
2014-03-19,18.52
2014-03-20,18.77
2014-03-21,18.69
2014-03-24,18.54
2014-03-25,18.65
2014-03-26,18.38
2014-03-27,18.33
2014-03-28,18.45
2014-03-31,18.65
2014-04-01,18.76
2014-04-02,18.89
2014-04-03,18.92
2014-04-04,18.68
2014-04-07,18.4
2014-04-08,18.48
2014-04-09,18.76
2014-04-10,18.38
2014-04-11,18.16
2014-04-14,18.31
2014-04-15,18.42
2014-04-16,18.69
2014-04-17,18.75
2014-04-21,18.75
2014-04-22,18.82
2014-04-23,18.82
2014-04-24,18.74
2014-04-25,18.61
2014-04-28,18.53
2014-04-29,18.66
2014-04-30,18.81
2014-05-01,18.69
2014-05-02,18.76
2014-05-05,18.86
2014-05-06,18.77
2014-05-07,18.91
2014-05-08,18.84
2014-05-09,18.84
2014-05-12,19.08
2014-05-13,19.1
2014-05-14,19.1
2014-05-15,18.83
2014-05-16,18.9
2014-05-19,18.98
2014-05-20,18.87
2014-05-21,18.96
2014-05-22,19.0
2014-05-23,19.17
2014-05-27,19.17
2014-05-28,19.17
2014-05-29,19.37
2014-05-30,19.36
2014-06-02,19.44
2014-06-03,19.4
2014-06-04,19.43
2014-06-05,19.52
2014-06-06,19.62
2014-06-09,19.56
2014-06-10,19.59
2014-06-11,19.48
2014-06-12,19.32
2014-06-13,19.39
2014-06-16,19.35
2014-06-17,19.39
2014-06-18,19.6
2014-06-19,19.56
2014-06-20,19.68
2014-06-23,19.7
2014-06-24,19.52
2014-06-25,19.67
2014-06-26,19.67
2014-06-27,19.61
2014-06-30,19.68
2014-07-01,19.72
2014-07-02,19.75
2014-07-03,19.87
2014-07-07,19.71
2014-07-08,19.66
2014-07-09,19.72
2014-07-10,19.64
2014-07-11,19.67
2014-07-14,19.66
2014-07-15,19.62
2014-07-16,19.76
2014-07-17,19.67
2014-07-18,19.8
2014-07-21,19.74
2014-07-22,19.77
2014-07-23,19.85
2014-07-24,19.83
2014-07-25,19.86
2014-07-28,19.91
2014-07-29,19.77
2014-07-30,19.67
2014-07-31,19.28
2014-08-01,19.3
2014-08-04,19.53
2014-08-05,19.33
2014-08-06,19.47
2014-08-07,19.3
2014-08-08,19.5
2014-08-11,19.48
2014-08-12,19.55
2014-08-13,19.65
2014-08-14,19.65
2014-08-15,19.71
2014-08-18,19.91
2014-08-19,19.97
2014-08-20,19.99
2014-08-21,19.97
2014-08-22,19.89
2014-08-25,19.96
2014-08-26,19.98
2014-08-27,19.98
2014-08-28,20.0
2014-08-29,20.03
2014-09-02,19.96
2014-09-03,19.99
2014-09-04,19.99
2014-09-05,20.08
2014-09-08,20.0
2014-09-09,19.84
2014-09-10,19.84
2014-09-11,19.81
2014-09-12,19.72
2014-09-15,19.75
2014-09-16,19.84
2014-09-17,19.96
2014-09-18,20.09
2014-09-19,20.09
2014-09-22,20.08
2014-09-23,19.97
2014-09-24,20.18
2014-09-25,19.87
2014-09-26,20.07
2014-09-29,19.99
2014-09-30,19.75
2014-10-01,19.28
2014-10-02,19.23
2014-10-03,19.29
2014-10-06,19.29
2014-10-07,18.95
2014-10-08,19.19
2014-10-09,18.72
2014-10-10,18.44
2014-10-13,17.96
2014-10-14,18.02
2014-10-15,18.14
2014-10-16,18.32
2014-10-17,18.56
2014-10-20,18.85
2014-10-21,19.25
2014-10-22,19.1
2014-10-23,19.08
2014-10-24,19.23
2014-10-27,18.82
2014-10-28,19.01
2014-10-29,18.78
2014-10-30,18.92
2014-10-31,19.27
2014-11-03,19.14
2014-11-04,18.94
2014-11-05,19.12
2014-11-06,19.28
2014-11-07,19.37
2014-11-10,19.42
2014-11-11,19.52
2014-11-12,19.56
2014-11-13,19.57
2014-11-14,19.63
2014-11-17,19.62
2014-11-18,19.86
2014-11-19,19.83
2014-11-20,19.93
2014-11-21,20.18
2014-11-24,20.09
2014-11-25,20.01
2014-11-26,20.03
2014-11-28,19.58
2014-12-01,19.37
2014-12-02,19.49
2014-12-03,19.78
2014-12-04,19.84
2014-12-05,19.82
2014-12-08,19.5
2014-12-09,19.56
2014-12-10,19.15
2014-12-11,19.17
2014-12-12,18.64
2014-12-15,18.54
2014-12-16,18.39
2014-12-17,18.9
2014-12-18,19.33
2014-12-19,19.56
2014-12-22,19.58
2014-12-23,19.73
2014-12-24,19.66
2014-12-26,19.73
2014-12-29,19.73
2014-12-30,19.66
2014-12-31,19.47
2015-01-02,19.5
2015-01-05,19.0
2015-01-06,18.83
2015-01-07,19.04
2015-01-08,19.5
2015-01-09,19.4
2015-01-12,19.35
2015-01-13,19.13
2015-01-14,18.91
2015-01-15,18.87
2015-01-16,19.17
2015-01-20,19.21
2015-01-21,19.4
2015-01-22,19.64
2015-01-23,19.33
2015-01-26,19.42
2015-01-27,19.29
2015-01-28,18.94
2015-01-29,19.19
2015-01-30,19.11
2015-02-02,19.28
2015-02-03,19.71
2015-02-04,19.58
2015-02-05,20.05
2015-02-06,20.0
2015-02-09,19.98
2015-02-10,20.13
2015-02-11,20.1
2015-02-12,20.44
2015-02-13,20.61
2015-02-17,20.64
2015-02-18,20.69
2015-02-19,20.75
2015-02-20,20.81
2015-02-23,20.79
2015-02-24,20.87
2015-02-25,20.81
2015-02-26,20.68
2015-02-27,20.63
2015-03-02,20.77
2015-03-03,20.66
2015-03-04,20.59
2015-03-05,20.5
2015-03-06,20.22
2015-03-09,20.25
2015-03-10,19.94
2015-03-11,19.92
2015-03-12,20.16
2015-03-13,19.97
2015-03-16,19.94
2015-03-17,19.72
2015-03-18,20.02
2015-03-19,19.68
2015-03-20,19.8
2015-03-23,19.8
2015-03-24,19.74
2015-03-25,19.52
2015-03-26,19.56
2015-03-27,19.55
2015-03-30,19.82
2015-03-31,19.62
2015-04-01,19.68
2015-04-02,19.7
2015-04-06,19.85
2015-04-07,19.82
2015-04-08,19.88
2015-04-09,19.94
2015-04-10,19.99
2015-04-13,19.91
2015-04-14,20.0
2015-04-15,20.19
2015-04-16,20.14
2015-04-17,19.96
2015-04-20,20.1
2015-04-21,19.96
2015-04-22,20.0
2015-04-23,20.05
2015-04-24,20.22
2015-04-27,20.39
2015-04-28,20.42
2015-04-29,20.41
2015-04-30,20.28
2015-05-01,20.61
2015-05-04,20.56
2015-05-05,20.33
2015-05-06,20.33
2015-05-07,20.42
2015-05-08,20.74
2015-05-11,20.65
2015-05-12,20.43
2015-05-13,20.41
2015-05-14,20.62
2015-05-15,20.72
2015-05-18,20.63
2015-05-19,20.53
2015-05-20,20.51
2015-05-21,20.59
2015-05-22,20.56
2015-05-26,20.31
2015-05-27,20.44
2015-05-28,20.49
2015-05-29,20.36
2015-06-01,20.37
2015-06-02,20.43
2015-06-03,20.45
2015-06-04,20.21
2015-06-05,20.12
2015-06-08,20.04
2015-06-09,20.06
2015-06-10,20.26
2015-06-11,20.31
2015-06-12,20.19
2015-06-15,20.07
2015-06-16,20.17
2015-06-17,20.26
2015-06-18,20.43
2015-06-19,20.29
2015-06-22,20.37
2015-06-23,20.31
2015-06-24,20.05
2015-06-25,20.03
2015-06-26,19.96
2015-06-29,19.49
2015-06-30,19.55
2015-07-01,19.66
2015-07-02,19.6
2015-07-06,19.44
2015-07-07,19.38
2015-07-08,18.95
2015-07-09,19.01
2015-07-10,19.27
2015-07-13,19.48
2015-07-14,19.59
2015-07-15,19.44
2015-07-16,19.39
2015-07-17,19.26
2015-07-20,19.1
2015-07-21,18.98
2015-07-22,18.9
2015-07-23,18.62
2015-07-24,18.22
2015-07-27,18.01
2015-07-28,18.39
2015-07-29,18.52
2015-07-30,18.62
2015-07-31,18.57
2015-08-03,18.42
2015-08-04,18.5
2015-08-05,18.6
2015-08-06,18.53
2015-08-07,18.27
2015-08-10,18.72
2015-08-11,18.37
2015-08-12,18.44
2015-08-13,18.39
2015-08-14,18.47
2015-08-17,18.58
2015-08-18,18.46
2015-08-19,18.23
2015-08-20,17.89
2015-08-21,17.45
2015-08-24,16.72
2015-08-25,16.46
2015-08-26,16.9
2015-08-27,17.52
2015-08-28,17.62
2015-08-31,17.52
2015-09-01,16.99
2015-09-02,17.23
2015-09-03,17.33
2015-09-04,16.99
2015-09-08,17.42
2015-09-09,17.28
2015-09-10,17.32
2015-09-11,17.3
2015-09-14,17.09
2015-09-15,17.22
2015-09-16,17.46
2015-09-17,17.38
2015-09-18,17.02
2015-09-21,17.07
2015-09-22,16.76
2015-09-23,16.4
2015-09-24,16.35
2015-09-25,16.33
2015-09-28,15.83
2015-09-29,15.89
2015-09-30,16.22
2015-10-01,16.4
2015-10-02,16.81
2015-10-05,17.24
2015-10-06,17.47
2015-10-07,17.7
2015-10-08,17.95
2015-10-09,17.94
2015-10-12,17.78
2015-10-13,17.72
2015-10-14,17.86
2015-10-15,17.91
2015-10-16,17.91
2015-10-19,17.79
2015-10-20,17.82
2015-10-21,17.66
2015-10-22,18.14
2015-10-23,18.29
2015-10-26,18.14
2015-10-27,18.07
2015-10-28,18.34
2015-10-29,18.37
2015-10-30,18.4
2015-11-02,18.51
2015-11-03,18.59
2015-11-04,18.46
2015-11-05,18.37
2015-11-06,18.42
2015-11-09,18.29
2015-11-10,18.16
2015-11-11,18.18
2015-11-12,17.81
2015-11-13,18.04
2015-11-16,18.27
2015-11-17,18.25
2015-11-18,18.58
2015-11-19,18.56
2015-11-20,18.5
2015-11-23,18.52
2015-11-24,18.68
2015-11-25,18.56
2015-11-27,18.54
2015-11-30,18.58
2015-12-01,18.71
2015-12-02,18.46
2015-12-03,18.3
2015-12-04,18.62
2015-12-07,18.28
2015-12-08,17.94
2015-12-09,18.48
2015-12-10,18.34
2015-12-11,17.85
2015-12-14,17.62
2015-12-15,17.72
2015-12-16,17.9
2015-12-17,17.54
2015-12-18,17.3
2015-12-21,17.46
2015-12-22,17.68
2015-12-23,18.1
2015-12-24,18.06
2015-12-28,17.93
2015-12-29,18.1
2015-12-30,17.93
2015-12-31,17.77
2016-01-04,17.5
2016-01-05,17.49
2016-01-06,17.03
2016-01-07,16.57
2016-01-08,16.4
2016-01-11,16.12
2016-01-12,16.15
2016-01-13,15.77
2016-01-14,15.99
2016-01-15,15.66
2016-01-19,15.47
2016-01-20,15.35
2016-01-21,15.49
2016-01-22,15.76
2016-01-25,15.26
2016-01-26,15.52
2016-01-27,15.4
2016-01-28,15.43
2016-01-29,15.87
2016-02-01,15.94
2016-02-02,15.83
2016-02-03,16.36
2016-02-04,16.82
2016-02-05,16.62
2016-02-08,16.19
2016-02-09,16.39
2016-02-10,16.23
2016-02-11,15.88
2016-02-12,16.35
2016-02-16,16.6
2016-02-17,16.93
2016-02-18,16.88
2016-02-19,16.68
2016-02-22,17.0
2016-02-23,16.58
2016-02-24,16.76
2016-02-25,16.97
2016-02-26,17.22
2016-02-29,17.11
2016-03-01,17.55
2016-03-02,17.48
2016-03-03,17.59
2016-03-04,17.79
2016-03-07,18.0
2016-03-08,17.64
2016-03-09,17.75
2016-03-10,17.85
2016-03-11,18.18
2016-03-14,18.05
2016-03-15,18.09
2016-03-16,18.25
2016-03-17,18.58
2016-03-18,18.66
2016-03-21,18.74
2016-03-22,18.53
2016-03-23,18.3
2016-03-24,18.3
2016-03-28,18.38
2016-03-29,18.48
2016-03-30,18.56
2016-03-31,18.41
2016-04-01,18.58
2016-04-04,18.34
2016-04-05,18.23
2016-04-06,18.44
2016-04-07,18.17
2016-04-08,18.29
2016-04-11,18.37
2016-04-12,18.63
2016-04-13,18.81
2016-04-14,18.82
2016-04-15,18.91
2016-04-18,18.99
2016-04-19,19.4
2016-04-20,19.34
2016-04-21,19.26
2016-04-22,19.39
2016-04-25,19.33
2016-04-26,19.48
2016-04-27,19.65
2016-04-28,19.46
2016-04-29,19.35
2016-05-02,19.42
2016-05-03,19.1
2016-05-04,18.9
2016-05-05,18.81
2016-05-06,18.96
2016-05-09,18.73
2016-05-10,19.04
2016-05-11,18.98
2016-05-12,19.06
2016-05-13,18.88
2016-05-16,19.2
2016-05-17,19.1
2016-05-18,18.81
2016-05-19,18.88
2016-05-20,19.01
2016-05-23,19.23
2016-05-24,19.36
2016-05-25,19.6
2016-05-26,19.39
2016-05-27,19.38
2016-05-31,19.28
2016-06-01,19.31
2016-06-02,19.41
2016-06-03,19.58
2016-06-06,19.78
2016-06-07,19.79
2016-06-08,19.9
2016-06-09,19.76
2016-06-10,19.61
2016-06-13,19.39
2016-06-14,19.25
2016-06-15,19.34
2016-06-16,19.4
2016-06-17,19.49
2016-06-20,19.6
2016-06-21,19.54
2016-06-22,19.56
2016-06-23,19.87
2016-06-24,19.0
2016-06-27,18.36
2016-06-28,18.52
2016-06-29,18.83
2016-06-30,19.13
2016-07-01,19.14
2016-07-05,18.79
2016-07-06,18.87
2016-07-07,18.92
2016-07-08,19.39
2016-07-11,19.48
2016-07-12,19.84
2016-07-13,19.89
2016-07-14,20.07
2016-07-15,20.14
2016-07-18,20.27
2016-07-19,20.15
2016-07-20,20.16
2016-07-21,20.04
2016-07-22,20.09
2016-07-25,20.06
2016-07-26,20.21
2016-07-27,20.23
2016-07-28,20.2
2016-07-29,20.1
2016-08-01,19.99
2016-08-02,19.94
2016-08-03,19.99
2016-08-04,20.07
2016-08-05,20.13
2016-08-08,20.18
2016-08-09,20.11
2016-08-10,20.12
2016-08-11,20.2
2016-08-12,19.99
2016-08-15,20.19
2016-08-16,20.08
2016-08-17,20.07
2016-08-18,20.2
2016-08-19,20.23
2016-08-22,20.2
2016-08-23,20.37
2016-08-24,20.13
2016-08-25,20.23
2016-08-26,20.12
2016-08-29,20.3
2016-08-30,20.25
2016-08-31,20.05
2016-09-01,20.13
2016-09-02,20.33
2016-09-06,20.29
2016-09-07,20.26
2016-09-08,20.17
2016-09-09,19.59
2016-09-12,19.77
2016-09-13,19.4
2016-09-14,19.36
2016-09-15,19.48
2016-09-16,19.4
2016-09-19,19.43
2016-09-20,19.38
2016-09-21,19.67
2016-09-22,19.73
2016-09-23,19.63
2016-09-26,19.54
2016-09-27,19.6
2016-09-28,19.82
2016-09-29,19.67
2016-09-30,19.81
2016-10-03,19.79
2016-10-04,19.52
2016-10-05,19.65
2016-10-06,19.81
2016-10-07,19.45
2016-10-10,19.56
2016-10-11,19.3
2016-10-12,19.26
2016-10-13,19.16
2016-10-14,19.22
2016-10-17,19.24
2016-10-18,19.41
2016-10-19,19.55
2016-10-20,19.54
2016-10-21,19.53
2016-10-24,19.57
2016-10-25,19.4
2016-10-26,19.37
2016-10-27,19.34
2016-10-28,19.39
2016-10-31,19.4
2016-11-01,19.29
2016-11-02,19.18
2016-11-03,19.19
2016-11-04,19.25
2016-11-07,19.55
2016-11-08,19.61
2016-11-09,20.03
2016-11-10,20.26
2016-11-11,19.98
2016-11-14,20.03
2016-11-15,20.11
2016-11-16,20.07
2016-11-17,20.08
2016-11-18,20.05
2016-11-21,20.29
2016-11-22,20.41
2016-11-23,20.5
2016-11-25,20.57
2016-11-28,20.48
2016-11-29,20.5
2016-11-30,20.72
2016-12-01,20.73
2016-12-02,20.74
2016-12-05,20.9
2016-12-06,20.93
2016-12-07,21.23
2016-12-08,21.37
2016-12-09,21.37
2016-12-12,21.28
2016-12-13,21.24
2016-12-14,20.99
2016-12-15,21.13
2016-12-16,21.06
2016-12-19,21.02
2016-12-20,21.04
2016-12-21,21.04
2016-12-22,20.96
2016-12-23,21.0
2016-12-27,21.11
2016-12-28,20.9
2016-12-29,20.9
2016-12-30,20.76
2017-01-03,20.88
2017-01-04,21.19
2017-01-05,21.12
2017-01-06,21.14
2017-01-09,21.14
2017-01-10,21.15
2017-01-11,21.32
2017-01-12,21.28
2017-01-13,21.25
2017-01-17,21.15
2017-01-18,21.29
2017-01-19,21.15
2017-01-20,21.34
2017-01-23,21.38
2017-01-24,21.93
2017-01-25,22.08
2017-01-26,22.14
2017-01-27,22.06
2017-01-30,21.83
2017-01-31,21.7
2017-02-01,21.81
2017-02-02,21.72
2017-02-03,21.75
2017-02-06,21.7
2017-02-07,21.52
2017-02-08,21.57
2017-02-09,21.57
2017-02-10,21.76
2017-02-13,21.94
2017-02-14,21.94
2017-02-15,21.91
2017-02-16,21.91
2017-02-17,21.85
2017-02-21,21.92
2017-02-22,21.98
2017-02-23,21.85
2017-02-24,21.9
2017-02-27,21.85
2017-02-28,21.83
2017-03-01,22.25
2017-03-02,22.01
2017-03-03,22.0
2017-03-06,21.85
2017-03-07,21.73
2017-03-08,21.73
2017-03-09,21.67
2017-03-10,21.77
2017-03-13,21.83
2017-03-14,21.64
2017-03-15,21.99
2017-03-16,21.84
2017-03-17,21.93
2017-03-20,22.05
2017-03-21,21.68
2017-03-22,21.75
2017-03-23,21.84
2017-03-24,21.65
2017-03-27,21.69
2017-03-28,21.94
2017-03-29,21.96
2017-03-30,21.97
2017-03-31,21.96
2017-04-03,21.88
2017-04-04,21.96
2017-04-05,21.94
2017-04-06,22.06
2017-04-07,22.04
2017-04-10,22.04
2017-04-11,21.98
2017-04-12,21.71
2017-04-13,21.5
2017-04-17,21.66
2017-04-18,21.63
2017-04-19,21.66
2017-04-20,21.9
2017-04-21,21.87
2017-04-24,22.12
2017-04-25,22.48
2017-04-26,22.48
2017-04-27,22.43
2017-04-28,22.24
2017-05-01,22.25
2017-05-02,22.29
2017-05-03,22.07
2017-05-04,22.1
2017-05-05,22.41
2017-05-08,22.23
2017-05-09,22.06
2017-05-10,22.13
2017-05-11,22.1
2017-05-12,22.05
2017-05-15,22.24
2017-05-16,22.24
2017-05-17,21.77
2017-05-18,21.79
2017-05-19,21.97
2017-05-22,22.0
2017-05-23,22.02
2017-05-24,22.16
2017-05-25,22.14
2017-05-26,22.18
2017-05-30,22.17
2017-05-31,22.24
2017-06-01,22.51
2017-06-02,22.56
2017-06-05,22.49
2017-06-06,22.51
2017-06-07,22.54
2017-06-08,22.6
2017-06-09,22.89
2017-06-12,22.8
2017-06-13,23.09
2017-06-14,22.85
2017-06-15,22.64
2017-06-16,22.74
2017-06-19,22.92
2017-06-20,22.8
2017-06-21,22.56
2017-06-22,22.58
2017-06-23,22.67
2017-06-26,22.74
2017-06-27,22.6
2017-06-28,22.81
2017-06-29,22.53
2017-06-30,22.65
2017-07-03,22.85
2017-07-05,22.78
2017-07-06,22.67
2017-07-07,22.79
2017-07-10,22.94
2017-07-11,22.9
2017-07-12,23.17
2017-07-13,23.14
2017-07-14,23.26
2017-07-17,23.31
2017-07-18,23.21
2017-07-19,23.43
2017-07-20,23.26
2017-07-21,23.26
2017-07-24,23.24
2017-07-25,23.49
2017-07-26,23.35
2017-07-27,23.26
2017-07-28,23.18
2017-07-31,23.0
2017-08-01,23.02
2017-08-02,23.04
2017-08-03,22.87
2017-08-04,22.98
2017-08-07,22.99
2017-08-08,22.81
2017-08-09,22.83
2017-08-10,22.57
2017-08-11,22.51
2017-08-14,22.73
2017-08-15,22.73
2017-08-16,22.95
2017-08-17,22.6
2017-08-18,22.61
2017-08-21,22.63
2017-08-22,22.93
2017-08-23,22.89
2017-08-24,22.84
2017-08-25,22.91
2017-08-28,22.95
2017-08-29,22.84
2017-08-30,23.01
2017-08-31,23.18
2017-09-01,23.34
2017-09-05,23.07
2017-09-06,23.13
2017-09-07,23.17
2017-09-08,23.16
2017-09-11,23.46
2017-09-12,23.66
2017-09-13,23.65
2017-09-14,23.73
2017-09-15,23.73
2017-09-18,23.86
2017-09-19,23.99
2017-09-20,24.07
2017-09-21,24.02
2017-09-22,23.94
2017-09-25,23.98
2017-09-26,23.87
2017-09-27,23.87
2017-09-28,24.04
2017-09-29,24.04
2017-10-02,24.3
2017-10-03,24.41
2017-10-04,24.41
2017-10-05,24.56
2017-10-06,24.51
2017-10-09,24.5
2017-10-10,24.52
2017-10-11,24.53
2017-10-12,24.58
2017-10-13,24.7
2017-10-16,24.68
2017-10-17,24.62
2017-10-18,24.56
2017-10-19,24.65
2017-10-20,24.86
2017-10-23,24.82
2017-10-24,24.96
2017-10-25,24.82
2017-10-26,25.15
2017-10-27,25.02
2017-10-30,24.9
2017-10-31,24.97
2017-11-01,25.1
2017-11-02,24.91
2017-11-03,24.9
2017-11-06,24.79
2017-11-07,24.82
2017-11-08,24.85
2017-11-09,24.63
2017-11-10,24.6
2017-11-13,24.72
2017-11-14,24.5
2017-11-15,24.35
2017-11-16,24.65
2017-11-17,24.68
2017-11-20,24.71
2017-11-21,24.85
2017-11-22,24.78
2017-11-24,24.9
2017-11-27,24.76
2017-11-28,25.03
2017-11-29,25.07
2017-11-30,25.21
2017-12-01,25.0
2017-12-04,25.26
2017-12-05,25.13
2017-12-06,24.98
2017-12-07,25.15
2017-12-08,25.15
2017-12-11,25.19
2017-12-12,25.19
2017-12-13,25.26
2017-12-14,24.98
2017-12-15,25.13
2017-12-18,25.5
2017-12-19,25.47
2017-12-20,25.48
2017-12-21,25.57
2017-12-22,25.66
2017-12-26,25.64
2017-12-27,25.68
2017-12-28,25.79
2017-12-29,25.75
2018-01-02,26.11
2018-01-03,26.29
2018-01-04,26.52
2018-01-05,26.74
2018-01-08,26.77
2018-01-09,26.73
2018-01-10,26.57
2018-01-11,26.92
2018-01-12,26.96
2018-01-16,26.65
2018-01-17,26.77
2018-01-18,26.75
2018-01-19,26.92
2018-01-22,26.85
2018-01-23,26.85
2018-01-24,26.96
2018-01-25,27.14
2018-01-26,27.26
2018-01-29,26.95
2018-01-30,26.75
2018-01-31,26.77
2018-02-01,26.41
2018-02-02,25.72
2018-02-05,24.73
2018-02-06,25.54
2018-02-07,25.31
2018-02-08,24.42
2018-02-09,24.85
2018-02-12,25.35
2018-02-13,25.29
2018-02-14,25.63
2018-02-15,25.82
2018-02-16,25.72
2018-02-20,25.61
2018-02-21,25.52
2018-02-22,25.69
2018-02-23,26.07
2018-02-26,26.18
2018-02-27,25.82
2018-02-28,25.36
2018-03-01,25.1
2018-03-02,25.08
2018-03-05,25.41
2018-03-06,25.69
2018-03-07,25.6
2018-03-08,25.62
2018-03-09,26.08
2018-03-12,26.02
2018-03-13,25.91
2018-03-14,25.59
2018-03-15,25.26
2018-03-16,25.25
2018-03-19,24.89
2018-03-20,24.87
2018-03-21,25.15
2018-03-22,24.4
2018-03-23,23.92
2018-03-26,24.41
2018-03-27,24.16
2018-03-28,23.85
2018-03-29,24.31
2018-04-02,23.78
2018-04-03,24.12
2018-04-04,24.28
2018-04-05,24.73
2018-04-06,24.13
2018-04-09,24.26
2018-04-10,24.76
2018-04-11,24.58
2018-04-12,24.84
2018-04-13,24.81
2018-04-16,25.14
2018-04-17,25.43
2018-04-18,25.61
2018-04-19,25.33
2018-04-20,25.19
2018-04-23,25.12
2018-04-24,24.44
2018-04-25,24.57
2018-04-26,24.73
2018-04-27,24.66
2018-04-30,24.34
2018-05-01,24.32
2018-05-02,24.26
2018-05-03,24.38
2018-05-04,24.68
2018-05-07,24.67
2018-05-08,24.62
2018-05-09,24.97
2018-05-10,25.15
2018-05-11,25.14
2018-05-14,25.24
2018-05-15,25.16
2018-05-16,25.46
2018-05-17,25.52
2018-05-18,25.56
2018-05-21,25.69
2018-05-22,25.48
2018-05-23,25.42
2018-05-24,25.33
2018-05-25,25.19
2018-05-29,24.76
2018-05-30,25.05
2018-05-31,24.84
2018-06-01,25.22
2018-06-04,25.37
2018-06-05,25.56
2018-06-06,26.03
2018-06-07,25.9
2018-06-08,25.97
2018-06-11,26.01
2018-06-12,26.04
2018-06-13,25.76
2018-06-14,25.8
2018-06-15,25.62
2018-06-18,25.56
2018-06-19,25.09
2018-06-20,25.01
2018-06-21,24.74
2018-06-22,25.1
2018-06-25,24.71
2018-06-26,24.81
2018-06-27,24.73
2018-06-28,24.82
2018-06-29,24.91
2018-07-02,24.78
2018-07-03,24.73
2018-07-05,24.95
2018-07-06,25.07
2018-07-09,25.3
2018-07-10,25.51
2018-07-11,25.08
2018-07-12,25.14
2018-07-13,25.13
2018-07-16,24.93
2018-07-17,25.25
2018-07-18,25.02
2018-07-19,25.11
2018-07-20,25.0
2018-07-23,24.87
2018-07-24,25.19
2018-07-25,25.39
2018-07-26,25.53
2018-07-27,25.44
2018-07-30,25.39
2018-07-31,25.62
2018-08-01,25.36
2018-08-02,25.19
2018-08-03,25.43
2018-08-06,25.42
2018-08-07,25.51
2018-08-08,25.4
2018-08-09,25.54
2018-08-10,25.17
2018-08-13,24.92
2018-08-14,25.13
2018-08-15,24.73
2018-08-16,24.88
2018-08-17,25.06
2018-08-20,25.24
2018-08-21,25.34
2018-08-22,25.21
2018-08-23,25.04
2018-08-24,25.36
2018-08-27,25.71
2018-08-28,25.61
2018-08-29,25.81
2018-08-30,25.5
2018-08-31,25.42
2018-09-04,25.25
2018-09-05,25.42
2018-09-06,25.47
2018-09-07,25.3
2018-09-10,25.33
2018-09-11,25.38
2018-09-12,25.39
2018-09-13,25.49
2018-09-14,25.48
2018-09-17,25.57
2018-09-18,25.6
2018-09-19,25.88
2018-09-20,26.16
2018-09-21,26.1
2018-09-24,25.73
2018-09-25,25.6
2018-09-26,25.35
2018-09-27,25.13
2018-09-28,24.97
2018-10-01,25.22
2018-10-02,25.32
2018-10-03,25.14
2018-10-04,25.03
2018-10-05,24.84
2018-10-08,24.83
2018-10-09,24.01
2018-10-10,23.38
2018-10-11,23.11
2018-10-12,23.17
2018-10-15,23.09
2018-10-16,23.46
2018-10-17,23.31
2018-10-18,23.05
2018-10-19,22.89
2018-10-22,22.7
2018-10-23,22.48
2018-10-24,21.77
2018-10-25,22.05
2018-10-26,21.92
2018-10-29,21.87
2018-10-30,22.37
2018-10-31,22.67
2018-11-01,23.31
2018-11-02,23.26
2018-11-05,23.33
2018-11-06,23.71
2018-11-07,24.14
2018-11-08,24.03
2018-11-09,23.7
2018-11-12,23.35
2018-11-13,23.28
2018-11-14,23.25
2018-11-15,23.57
2018-11-16,23.81
2018-11-19,23.47
2018-11-20,23.04
2018-11-21,23.23
2018-11-23,22.98
2018-11-26,23.24
2018-11-27,22.95
2018-11-28,23.31
2018-11-29,23.48
2018-11-30,23.54
2018-12-03,23.95
2018-12-04,23.24
2018-12-06,22.92
2018-12-07,22.37
2018-12-10,22.43
2018-12-11,22.36
2018-12-12,22.55
2018-12-13,22.29
2018-12-14,22.12
2018-12-17,21.74
2018-12-18,21.86
2018-12-19,21.56
2018-12-20,21.27
2018-12-21,21.08
2018-12-24,20.54
2018-12-26,21.46
2018-12-27,21.85
2018-12-28,21.73
2018-12-31,21.92
2019-01-02,22.03
2019-01-03,21.4
2019-01-04,22.24
2019-01-07,22.32
2019-01-08,22.56
2019-01-09,22.57
2019-01-10,22.77
2019-01-11,22.67
2019-01-14,22.5
2019-01-15,22.35
2019-01-16,22.44
2019-01-17,22.83
2019-01-18,23.21
2019-01-22,22.89
2019-01-23,22.74
2019-01-24,22.61
2019-01-25,23.04
2019-01-28,23.01
2019-01-29,23.25
2019-01-30,23.49
2019-01-31,23.14
2019-02-01,23.21
2019-02-04,23.17
2019-02-05,23.34
2019-02-06,23.2
2019-02-07,22.88
2019-02-08,22.86
2019-02-11,22.9
2019-02-12,23.41
2019-02-13,23.44
2019-02-14,23.32
2019-02-15,23.63
2019-02-19,23.78
2019-02-20,24.19
2019-02-21,24.09
2019-02-22,24.2
2019-02-25,24.35
2019-02-26,24.21
2019-02-27,24.18
2019-02-28,23.88
2019-03-01,23.85
2019-03-04,23.96
2019-03-05,23.85
2019-03-06,23.9
2019-03-07,23.7
2019-03-08,23.74
2019-03-11,24.08
2019-03-12,24.17
2019-03-13,24.29
2019-03-14,24.11
2019-03-15,24.14
2019-03-18,24.19
2019-03-19,24.16
2019-03-20,24.14
2019-03-21,24.4
2019-03-22,23.67
2019-03-25,23.63
2019-03-26,23.77
2019-03-27,23.74
2019-03-28,23.97
2019-03-29,24.18
2019-04-01,24.54
2019-04-02,24.62
2019-04-03,24.95
2019-04-04,25.2
2019-04-05,25.19
2019-04-08,25.2
2019-04-09,25.02
2019-04-10,25.0
2019-04-11,24.99
2019-04-12,25.32
2019-04-15,25.2
2019-04-16,25.32
2019-04-17,25.16
2019-04-18,25.19
2019-04-22,25.02
2019-04-23,25.13
2019-04-24,24.98
2019-04-25,24.66
2019-04-26,24.86
2019-04-29,24.82
2019-04-30,25.03
2019-05-01,24.58
2019-05-02,24.45
2019-05-03,24.69
2019-05-06,24.34
2019-05-07,23.91
2019-05-08,23.89
2019-05-09,23.7
2019-05-10,24.02
2019-05-13,23.48
2019-05-14,23.68
2019-05-15,23.62
2019-05-16,23.95
2019-05-17,23.81
2019-05-20,23.47
2019-05-21,23.83
2019-05-22,23.67
2019-05-23,23.3
2019-05-24,23.43
2019-05-28,23.2
2019-05-29,23.2
2019-05-30,23.24
2019-05-31,22.98
2019-06-03,23.7
2019-06-04,24.37
2019-06-05,24.55
2019-06-06,24.84
2019-06-07,25.06
2019-06-10,25.11
2019-06-11,25.09
2019-06-12,25.17
2019-06-13,25.32
2019-06-14,25.21
2019-06-17,24.98
2019-06-18,25.18
2019-06-19,25.04
2019-06-20,25.36
2019-06-21,25.28
2019-06-24,25.37
2019-06-25,25.38
2019-06-26,25.34
2019-06-27,25.42
2019-06-28,25.64
2019-07-01,25.84
2019-07-02,25.81
2019-07-03,25.94
2019-07-05,25.82
2019-07-08,25.52
2019-07-09,25.28
2019-07-10,25.22
2019-07-11,25.33
2019-07-12,25.58
2019-07-15,25.6
2019-07-16,25.66
2019-07-17,25.43
2019-07-18,25.54
2019-07-19,25.6
2019-07-22,25.53
2019-07-23,26.06
2019-07-24,26.04
2019-07-25,25.85
2019-07-26,25.88
2019-07-29,25.8
2019-07-30,25.97
2019-07-31,25.57
2019-08-01,25.42
2019-08-02,25.13
2019-08-05,24.65
2019-08-06,24.68
2019-08-07,25.03
2019-08-08,25.5
2019-08-09,25.3
2019-08-12,24.91
2019-08-13,25.17
2019-08-14,24.38
2019-08-15,24.39
2019-08-16,24.81
2019-08-19,25.01
2019-08-20,24.72
2019-08-21,24.85
2019-08-22,24.68
2019-08-23,24.08
2019-08-26,24.16
2019-08-27,24.18
2019-08-28,24.37
2019-08-29,24.68
2019-08-30,24.85
2019-09-03,24.65
2019-09-04,24.95
2019-09-05,24.99
2019-09-06,25.09
2019-09-09,24.96
2019-09-10,25.2
2019-09-11,25.44
2019-09-12,25.64
2019-09-13,25.92
2019-09-16,25.49
2019-09-17,25.7
2019-09-18,25.71
2019-09-19,25.76
2019-09-20,25.7
2019-09-23,25.64
2019-09-24,25.42
2019-09-25,25.55
2019-09-26,25.49
2019-09-27,25.42
2019-09-30,25.64
2019-10-01,25.03
2019-10-02,24.58
2019-10-03,24.67
2019-10-04,24.8
2019-10-07,24.72
2019-10-08,24.28
2019-10-09,24.56
2019-10-10,24.78
2019-10-11,25.26
2019-10-14,25.08
2019-10-15,25.26
2019-10-16,25.31
2019-10-17,25.38
2019-10-18,25.33
2019-10-21,25.25
2019-10-22,25.15
2019-10-23,25.31
2019-10-24,25.38
2019-10-25,25.66
2019-10-28,25.74
2019-10-29,25.9
2019-10-30,25.92
2019-10-31,25.63
2019-11-01,25.99
2019-11-04,26.2
2019-11-05,26.24
2019-11-06,26.22
2019-11-07,26.4
2019-11-08,26.5
2019-11-11,26.46
2019-11-12,26.6
2019-11-13,26.45
2019-11-14,26.61
2019-11-15,26.59
2019-11-18,26.52
2019-11-19,26.46
2019-11-20,26.13
2019-11-21,26.09
2019-11-22,26.13
2019-11-25,26.31
2019-11-26,26.44
2019-11-27,26.54
2019-11-29,26.45
2019-12-02,26.18
2019-12-03,26.01
2019-12-04,26.07
2019-12-05,26.2
2019-12-06,26.47
2019-12-09,26.42
2019-12-10,26.26
2019-12-11,26.46
2019-12-12,26.83
2019-12-13,26.62
2019-12-16,26.74
2019-12-17,26.78
2019-12-18,26.74
2019-12-19,26.83
2019-12-20,26.96
2019-12-23,27.04
2019-12-24,27.07
2019-12-26,27.19
2019-12-27,27.09
2019-12-30,27.0
2019-12-31,27.2
2020-01-02,26.88
2020-01-03,26.45
2020-01-06,26.34
2020-01-07,26.3
2020-01-08,26.4
2020-01-09,26.49
2020-01-10,26.39
2020-01-13,26.73
2020-01-14,26.62
2020-01-15,26.8
2020-01-16,26.96
2020-01-17,27.08
2020-01-21,26.79
2020-01-22,26.68
2020-01-23,26.65
2020-01-24,26.46
2020-01-27,25.89
2020-01-28,26.18
2020-01-29,26.26
2020-01-30,26.1
2020-01-31,25.52
2020-02-03,26.06
2020-02-04,26.52
2020-02-05,27.01
2020-02-06,27.0
2020-02-07,26.61
2020-02-10,26.6
2020-02-11,26.75
2020-02-12,26.89
2020-02-13,26.8
2020-02-14,26.8
2020-02-18,26.73
2020-02-19,26.8
2020-02-20,26.85
2020-02-21,26.72
2020-02-24,25.97
2020-02-25,24.85
2020-02-26,24.77
2020-02-27,23.61
2020-02-28,23.35
2020-03-02,24.35
2020-03-03,24.14
2020-03-04,25.14
2020-03-05,24.34
2020-03-06,23.71
2020-03-09,21.49
2020-03-10,22.36
2020-03-11,21.3
2020-03-12,19.25
2020-03-13,20.6
2020-03-16,18.33
2020-03-17,19.47
2020-03-18,18.22
2020-03-19,18.69
2020-03-20,18.02
2020-03-23,17.1
2020-03-24,19.11
2020-03-25,19.56
2020-03-26,20.47
2020-03-27,19.73
2020-03-30,20.36
2020-03-31,20.08
2020-04-01,19.18
2020-04-02,19.47
2020-04-03,19.0
2020-04-06,20.41
2020-04-07,20.96
2020-04-08,21.98
2020-04-09,22.93
2020-04-13,22.42
2020-04-14,22.71
2020-04-15,21.67
2020-04-16,21.54
2020-04-17,22.41
2020-04-20,21.86
2020-04-21,21.32
2020-04-22,21.74
2020-04-23,21.89
2020-04-24,22.23
2020-04-27,22.82
2020-04-28,23.25
2020-04-29,23.84
2020-04-30,23.13
2020-05-01,22.65
2020-05-04,22.73
2020-05-05,22.78
2020-05-06,22.39
2020-05-07,22.85
2020-05-08,23.4
2020-05-11,23.04
2020-05-12,22.69
2020-05-13,22.21
2020-05-14,22.48
2020-05-15,22.68
2020-05-18,23.72
2020-05-19,23.49
2020-05-20,23.86
2020-05-21,23.64
2020-05-22,23.6
2020-05-26,24.25
2020-05-27,24.49
2020-05-28,24.72
2020-05-29,24.72
2020-06-01,24.89
2020-06-02,25.34
2020-06-03,25.92
2020-06-04,26.01
2020-06-05,26.68
2020-06-08,26.71
2020-06-09,26.39
2020-06-10,26.09
2020-06-11,24.07
2020-06-12,24.54
2020-06-15,24.8
2020-06-16,25.32
2020-06-17,25.11
2020-06-18,25.12
2020-06-19,25.05
2020-06-22,25.14
2020-06-23,25.2
2020-06-24,24.46
2020-06-25,24.77
2020-06-26,24.43
2020-06-29,24.9
2020-06-30,25.26
2020-07-01,25.32
2020-07-02,25.79
2020-07-06,26.16
2020-07-07,26.17
2020-07-08,25.8
2020-07-09,25.55
2020-07-10,26.0
2020-07-13,26.0
2020-07-14,26.65
2020-07-15,27.1
2020-07-16,27.19
2020-07-17,27.42
2020-07-20,27.18
2020-07-21,27.42
2020-07-22,27.74
2020-07-23,27.65
2020-07-24,27.56
2020-07-27,27.96
2020-07-28,27.34
2020-07-29,27.57
2020-07-30,27.03
2020-07-31,27.06
2020-08-03,26.91
2020-08-04,27.29
2020-08-05,27.69
2020-08-06,27.57
2020-08-07,27.67
2020-08-10,27.93
2020-08-11,27.89
2020-08-12,28.05
2020-08-13,28.05
2020-08-14,28.08
2020-08-17,28.2
2020-08-18,28.09
2020-08-19,28.01
2020-08-20,27.91
2020-08-21,27.75
2020-08-24,28.23
2020-08-25,28.12
2020-08-26,28.42
2020-08-27,28.34
2020-08-28,28.68
2020-08-31,28.24
2020-09-01,29.03
2020-09-02,29.69
2020-09-03,28.87
2020-09-04,28.89
2020-09-08,28.35
2020-09-09,29.08
2020-09-10,28.8
2020-09-11,29.17
2020-09-14,29.59
2020-09-15,29.74
2020-09-16,29.76
2020-09-17,29.98
2020-09-18,29.46
2020-09-21,28.47
2020-09-22,28.53
2020-09-23,27.69
2020-09-24,27.89
2020-09-25,28.13
2020-09-28,28.59
2020-09-29,28.38
2020-09-30,28.66
2020-10-01,28.26
2020-10-02,28.51
2020-10-05,29.06
2020-10-06,28.69
2020-10-07,29.43
2020-10-08,29.73
2020-10-09,29.96
2020-10-12,29.91
2020-10-13,29.64
2020-10-14,29.73
2020-10-15,29.64
2020-10-16,29.85
2020-10-19,29.5
2020-10-20,29.57
2020-10-21,29.46
2020-10-22,29.62
2020-10-23,29.73
2020-10-26,28.98
2020-10-27,28.71
2020-10-28,27.9
2020-10-29,28.48
2020-10-30,28.46
2020-11-02,29.4
2020-11-03,29.86
2020-11-04,29.35
2020-11-05,30.55
2020-11-06,30.63
2020-11-09,31.32
2020-11-10,31.69
2020-11-11,31.21
2020-11-12,30.56
2020-11-13,31.08
2020-11-16,31.7
2020-11-17,31.58
2020-11-18,31.32
2020-11-19,31.45
2020-11-20,31.42
2020-11-23,31.68
2020-11-24,32.47
2020-11-25,32.13
2020-11-27,32.3
2020-11-30,31.98
2020-12-01,32.33
2020-12-02,31.91
2020-12-03,31.69
2020-12-04,32.33
2020-12-07,32.12
2020-12-08,32.3
2020-12-09,32.32
2020-12-10,32.12
2020-12-11,31.94
2020-12-14,31.53
2020-12-15,32.1
2020-12-16,32.01
2020-12-17,32.38
2020-12-18,32.53
2020-12-21,32.35
2020-12-22,32.15
2020-12-23,32.2
2020-12-24,32.4
2020-12-28,32.28
2020-12-29,32.2
2020-12-30,32.64
2020-12-31,32.77
2021-01-04,32.46
2021-01-05,33.19
2021-01-06,34.54
2021-01-07,34.8
2021-01-08,34.63
2021-01-11,34.63
2021-01-12,35.07
2021-01-13,34.72
2021-01-14,34.6
2021-01-15,34.1
2021-01-19,34.22
2021-01-20,34.34
2021-01-21,33.83
2021-01-22,33.67
2021-01-25,33.49
2021-01-26,33.03
2021-01-27,32.06
2021-01-28,32.61
2021-01-29,31.98
2021-02-01,32.35
2021-02-02,32.78
2021-02-03,32.84
2021-02-04,32.72
2021-02-05,33.29
2021-02-08,33.56
2021-02-09,33.31
2021-02-10,33.28
2021-02-11,33.31
2021-02-12,33.65
2021-02-16,33.59
2021-02-17,33.57
2021-02-18,33.36
2021-02-19,33.97
2021-02-22,34.1
2021-02-23,34.22
2021-02-24,34.52
2021-02-25,33.72
2021-02-26,33.29
2021-03-01,34.14
2021-03-02,34.33
2021-03-03,33.99
2021-03-04,33.33
2021-03-05,34.09
2021-03-08,34.55
2021-03-09,34.76
2021-03-10,35.34
2021-03-11,35.53
2021-03-12,35.62
2021-03-15,35.66
2021-03-16,35.37
2021-03-17,35.68
2021-03-18,35.49
2021-03-19,35.31
2021-03-22,35.33
2021-03-23,34.59
2021-03-24,34.84
2021-03-25,35.35
2021-03-26,36.23
2021-03-29,36.1
2021-03-30,36.0
2021-03-31,35.82
2021-04-01,36.14
2021-04-05,36.58
2021-04-06,36.66
2021-04-07,36.03
2021-04-08,36.08
2021-04-09,36.39
2021-04-12,36.52
2021-04-13,36.43
2021-04-14,36.69
2021-04-15,37.13
2021-04-16,37.58
2021-04-19,37.4
2021-04-20,37.04
2021-04-21,37.72
2021-04-22,37.08
2021-04-23,37.69
2021-04-26,37.91
2021-04-27,37.81
2021-04-28,37.92
2021-04-29,38.15
2021-04-30,37.75
2021-05-03,38.31
2021-05-04,38.73
2021-05-05,39.22
2021-05-06,39.55
2021-05-07,39.94
2021-05-10,39.77
2021-05-11,39.9
2021-05-12,38.89
2021-05-13,39.49
2021-05-14,39.96
2021-05-17,40.31
2021-05-18,39.87
2021-05-19,39.26
2021-05-20,39.28
2021-05-21,39.37
2021-05-24,39.72
2021-05-25,39.38
2021-05-26,39.39
2021-05-27,39.71
2021-05-28,39.67
2021-06-01,40.22
2021-06-02,39.89
2021-06-03,39.88
2021-06-04,39.96
2021-06-07,39.48
2021-06-08,39.55
2021-06-09,39.24
2021-06-10,39.0
2021-06-11,39.15
2021-06-14,38.67
2021-06-15,38.59
2021-06-16,38.16
2021-06-17,37.31
2021-06-18,36.7
2021-06-21,37.47
2021-06-22,37.62
2021-06-23,37.37
2021-06-24,37.49
2021-06-25,37.5
2021-06-28,37.5
2021-06-29,37.48
2021-06-30,37.58
2021-07-01,37.78
2021-07-02,37.84
2021-07-06,37.28
2021-07-07,37.67
2021-07-08,37.15
2021-07-09,37.89
2021-07-12,38.01
2021-07-13,37.66
2021-07-14,37.58
2021-07-15,37.59
2021-07-16,37.02
2021-07-19,36.23
2021-07-20,36.64
2021-07-21,37.04
2021-07-22,37.05
2021-07-23,37.31
2021-07-26,37.63
2021-07-27,37.68
2021-07-28,37.79
2021-07-29,38.2
2021-07-30,38.36
2021-08-02,37.89
2021-08-03,38.29
2021-08-04,37.92
2021-08-05,37.87
2021-08-06,38.41
2021-08-09,38.37
2021-08-10,38.95
2021-08-11,39.5
2021-08-12,39.43
2021-08-13,39.47
2021-08-16,39.27
2021-08-17,38.82
2021-08-18,38.37
2021-08-19,38.03
2021-08-20,38.25
2021-08-23,38.58
2021-08-24,38.82
2021-08-25,39.0
2021-08-26,38.73
2021-08-27,39.24
2021-08-30,39.2
2021-08-31,39.09
2021-09-01,38.99
2021-09-02,39.24
2021-09-03,38.98
2021-09-07,38.72
2021-09-08,38.35
2021-09-09,38.36
2021-09-10,38.36
2021-09-13,38.35
2021-09-14,37.93
2021-09-15,38.33
2021-09-16,37.91
2021-09-17,37.13
2021-09-20,36.42
2021-09-21,36.33
2021-09-22,36.71
2021-09-23,37.23
2021-09-24,37.18
2021-09-27,37.46
2021-09-28,37.0
2021-09-29,36.85
2021-09-30,36.28
2021-10-01,36.85
2021-10-04,36.69
2021-10-05,37.02
2021-10-06,36.95
2021-10-07,37.43
2021-10-08,37.23
2021-10-11,37.23
2021-10-12,37.28
2021-10-13,37.56
2021-10-14,38.47
2021-10-15,38.59
2021-10-18,38.56
2021-10-19,38.76
2021-10-20,39.07
2021-10-21,38.97
2021-10-22,38.9
2021-10-25,39.29
2021-10-26,39.4
2021-10-27,38.84
2021-10-28,39.22
2021-10-29,39.03
2021-11-01,39.12
2021-11-02,39.57
2021-11-03,39.98
2021-11-04,39.96
2021-11-05,40.27
2021-11-08,40.77
2021-11-09,40.96
2021-11-10,40.68
2021-11-11,41.01
2021-11-12,41.32
2021-11-15,41.13
2021-11-16,41.01
2021-11-17,40.74
2021-11-18,40.57
2021-11-19,40.5
2021-11-22,40.56
2021-11-23,40.6
2021-11-24,40.31
2021-11-26,39.62
2021-11-29,39.8
2021-11-30,38.82
2021-12-01,38.42
2021-12-02,39.21
2021-12-03,39.12
2021-12-06,39.69
2021-12-07,40.3
2021-12-08,40.47
2021-12-09,40.24
2021-12-10,40.49
2021-12-13,40.25
2021-12-14,40.21
2021-12-15,40.29
2021-12-16,40.71
2021-12-17,40.2
2021-12-20,39.48
2021-12-21,39.98
2021-12-22,40.29
2021-12-23,40.7
2021-12-27,41.31
2021-12-28,41.55
2021-12-29,41.72
2021-12-30,41.58
2021-12-31,41.76
2022-01-03,41.22
2022-01-04,41.72
2022-01-05,41.72
2022-01-06,41.19
2022-01-07,41.16
2022-01-10,40.74
2022-01-11,41.18
2022-01-12,41.6
2022-01-13,41.28
2022-01-14,40.93
2022-01-18,40.39
2022-01-19,40.29
2022-01-20,39.7
2022-01-21,38.73
2022-01-24,38.76
2022-01-25,38.41
2022-01-26,38.0
2022-01-27,38.13
2022-01-28,38.35
2022-01-31,38.92
2022-02-01,39.52
2022-02-02,39.64
2022-02-03,38.95
2022-02-04,38.31
2022-02-07,38.12
2022-02-08,38.71
2022-02-09,39.55
2022-02-10,39.32
2022-02-11,38.71
2022-02-14,38.4
2022-02-15,39.1
2022-02-16,39.39
2022-02-17,38.71
2022-02-18,38.65
2022-02-22,38.1
2022-02-23,37.61
2022-02-24,37.5
2022-02-25,38.87
2022-02-28,38.43
2022-03-01,37.54
2022-03-02,38.37
2022-03-03,38.41
2022-03-04,38.28
2022-03-07,36.95
2022-03-08,36.76
2022-03-09,37.9
2022-03-10,38.0
2022-03-11,37.72
2022-03-14,37.67
2022-03-15,38.1
2022-03-16,38.7
2022-03-17,39.44
2022-03-18,39.68
2022-03-21,40.01
2022-03-22,40.23
2022-03-23,40.04
2022-03-24,40.85
2022-03-25,41.31
2022-03-28,41.12
2022-03-29,41.47
2022-03-30,41.33
2022-03-31,40.78
2022-04-01,41.21
2022-04-04,41.22
2022-04-05,40.89
2022-04-06,40.42
2022-04-07,40.68
2022-04-08,40.93
2022-04-11,40.73
2022-04-12,40.74
2022-04-13,41.34
2022-04-14,41.2
2022-04-18,41.24
2022-04-19,41.63
2022-04-20,41.89
2022-04-21,41.21
2022-04-22,39.66
2022-04-25,39.55
2022-04-26,38.94
2022-04-27,39.52
2022-04-28,40.14
2022-04-29,39.34
2022-05-02,39.22
2022-05-03,39.66
2022-05-04,40.94
2022-05-05,39.67
2022-05-06,39.1
2022-05-09,37.87
2022-05-10,37.63
2022-05-11,37.65
2022-05-12,37.58
2022-05-13,38.16
2022-05-16,38.09
2022-05-17,39.17
2022-05-18,37.95
2022-05-19,38.22
2022-05-20,38.13
2022-05-23,38.83
2022-05-24,38.61
2022-05-25,38.78
2022-05-26,39.49
2022-05-27,40.41
2022-05-31,39.8
2022-06-01,39.4
2022-06-02,40.49
2022-06-03,40.09
2022-06-06,40.47
2022-06-07,40.77
2022-06-08,39.92
2022-06-09,38.98
2022-06-10,37.78
2022-06-13,36.31
2022-06-14,36.03
2022-06-15,36.02
2022-06-16,34.72
2022-06-17,34.66
2022-06-21,35.18
2022-06-22,34.73
2022-06-23,34.26
2022-06-24,35.62
2022-06-27,35.32
2022-06-28,34.95
2022-06-29,34.69
2022-06-30,34.28
2022-07-01,34.53
2022-07-05,33.83
2022-07-06,34.05
2022-07-07,34.35
2022-07-08,34.01
2022-07-11,33.92
2022-07-12,33.86
2022-07-13,33.66
2022-07-14,33.04
2022-07-15,33.56
2022-07-18,33.64
2022-07-19,34.66
2022-07-20,34.72
2022-07-21,35.22
2022-07-22,34.96
2022-07-25,35.11
2022-07-26,34.87
2022-07-27,35.29
2022-07-28,35.91
2022-07-29,36.39
2022-08-01,36.1
2022-08-02,35.73
2022-08-03,35.77
2022-08-04,35.79
2022-08-05,35.92
2022-08-08,36.12
2022-08-09,35.94
2022-08-10,36.96
2022-08-11,37.09
2022-08-12,37.79
2022-08-15,37.76
2022-08-16,37.97
2022-08-17,37.45
2022-08-18,37.57
2022-08-19,36.88
2022-08-22,36.29
2022-08-23,36.65
2022-08-24,36.73
2022-08-25,37.56
2022-08-26,36.41
2022-08-29,36.16
2022-08-30,35.57
2022-08-31,35.13
2022-09-01,34.67
2022-09-02,34.63
2022-09-06,34.53
2022-09-07,35.48
2022-09-08,35.83
2022-09-09,36.37
2022-09-12,36.71
2022-09-13,35.4
2022-09-14,34.96
2022-09-15,34.5
2022-09-16,33.96
2022-09-19,34.52
2022-09-20,33.86
2022-09-21,33.12
2022-09-22,32.73
2022-09-23,32.06
2022-09-26,31.54
2022-09-27,31.61
2022-09-28,32.42
2022-09-29,31.94
2022-09-30,31.86
2022-10-03,32.89
2022-10-04,34.1
2022-10-05,33.72
2022-10-06,33.36
2022-10-07,32.54
2022-10-10,32.61
2022-10-11,32.36
2022-10-12,32.11
2022-10-13,33.05
2022-10-14,31.94
2022-10-17,32.74
2022-10-18,33.38
2022-10-19,32.98
2022-10-20,32.74
2022-10-21,33.88
2022-10-24,33.68
2022-10-25,34.52
2022-10-26,34.76
2022-10-27,34.67
2022-10-28,35.02
2022-10-31,34.7
2022-11-01,34.79
2022-11-02,33.89
2022-11-03,34.15
2022-11-04,35.33
2022-11-07,35.61
2022-11-08,36.22
2022-11-09,35.64
2022-11-10,37.61
2022-11-11,38.06
2022-11-14,38.01
2022-11-15,37.95
2022-11-16,37.58
2022-11-17,37.22
2022-11-18,37.47
2022-11-21,37.6
2022-11-22,38.45
2022-11-23,38.6
2022-11-25,38.59
2022-11-28,37.72
2022-11-29,37.85
2022-11-30,38.76
2022-12-01,38.81
2022-12-02,39.24
2022-12-05,38.46
2022-12-06,38.12
2022-12-07,38.03
2022-12-08,38.31
2022-12-09,37.94
2022-12-12,38.26
2022-12-13,38.79
2022-12-14,38.38
2022-12-15,37.2
2022-12-16,37.05
2022-12-19,36.56
2022-12-20,36.8
2022-12-21,37.12
2022-12-22,36.77
2022-12-23,37.02
2022-12-27,37.05
2022-12-28,36.49
2022-12-29,36.88
2022-12-30,36.63
2023-01-03,36.59
2023-01-04,37.22
2023-01-05,36.63
2023-01-06,37.89
2023-01-09,38.13
2023-01-10,38.52
2023-01-11,39.12
2023-01-12,39.27
2023-01-13,39.51
2023-01-17,39.11
2023-01-18,38.56
2023-01-19,38.26
2023-01-20,39.03
2023-01-23,39.16
2023-01-24,39.18
2023-01-25,39.26
2023-01-26,39.45
2023-01-27,39.32
2023-01-30,39.05
2023-01-31,39.91
2023-02-01,40.18
2023-02-02,40.05
2023-02-03,39.33
2023-02-06,38.89
2023-02-07,39.42
2023-02-08,39.1
2023-02-09,38.53
2023-02-10,38.68
2023-02-13,38.88
2023-02-14,38.97
2023-02-15,39.14
2023-02-16,38.69
2023-02-17,38.33
2023-02-21,37.7
2023-02-22,37.98
2023-02-23,38.03
2023-02-24,38.28
2023-02-27,38.41
2023-02-28,38.58
2023-03-01,38.88
2023-03-02,39.33
2023-03-03,39.89
2023-03-06,39.24
2023-03-07,38.47
2023-03-08,38.66
2023-03-09,37.66
2023-03-10,36.86
2023-03-13,36.48
2023-03-14,36.95
2023-03-15,35.75
2023-03-16,36.16
2023-03-17,35.6
2023-03-20,36.33
2023-03-21,36.77
2023-03-22,36.12
2023-03-23,36.08
2023-03-24,36.37
2023-03-27,36.64
2023-03-28,36.82
2023-03-29,37.33
2023-03-30,37.58
2023-03-31,38.2
2023-04-03,38.44
2023-04-04,37.88
2023-04-05,37.8
2023-04-06,37.71
2023-04-10,37.89
2023-04-11,38.18
2023-04-12,38.21
2023-04-13,38.6
2023-04-14,38.32
2023-04-17,38.55
2023-04-18,38.71
2023-04-19,38.6
2023-04-20,38.56
2023-04-21,38.21
2023-04-24,38.47
2023-04-25,37.64
2023-04-26,37.2
2023-04-27,37.7
2023-04-28,38.14
2023-05-01,38.12
2023-05-02,37.76
2023-05-03,37.34
2023-05-04,37.1
2023-05-05,37.72
2023-05-08,37.6
2023-05-09,37.26
2023-05-10,37.28
2023-05-11,36.92
2023-05-12,36.98
2023-05-15,37.3
2023-05-16,36.68
2023-05-17,36.92
2023-05-18,37.14
2023-05-19,37.23
2023-05-22,37.04
2023-05-23,36.47
2023-05-24,36.05
2023-05-25,35.92
2023-05-26,36.1
2023-05-30,35.91
2023-05-31,35.52
2023-06-01,36.0
2023-06-02,37.21
2023-06-05,37.18
2023-06-06,37.41
2023-06-07,37.86
2023-06-08,37.72
2023-06-09,37.41
2023-06-12,37.58
2023-06-13,38.45
2023-06-14,38.29
2023-06-15,38.62
2023-06-16,38.71
2023-06-20,38.19
2023-06-21,38.31
2023-06-22,38.22
2023-06-23,37.91
2023-06-26,38.31
2023-06-27,38.85
2023-06-28,38.58
2023-06-29,39.07
2023-06-30,39.43
2023-07-03,39.58
2023-07-05,38.61
2023-07-06,38.33
2023-07-07,38.66
2023-07-10,38.65
2023-07-11,39.03
2023-07-12,39.54
2023-07-13,39.85
2023-07-14,39.62
2023-07-17,39.66
2023-07-18,39.97
2023-07-19,39.75
2023-07-20,39.85
2023-07-21,39.85
2023-07-24,39.98
2023-07-25,40.7
2023-07-26,40.56
2023-07-27,40.3
2023-07-28,40.58
2023-07-31,40.79
2023-08-01,40.61
2023-08-02,40.11
2023-08-03,39.86
2023-08-04,39.77
2023-08-07,40.03
2023-08-08,39.61
2023-08-09,39.44
2023-08-10,39.47
2023-08-11,39.36
2023-08-14,39.45
2023-08-15,38.81
2023-08-16,38.54
2023-08-17,38.47
2023-08-18,38.46
2023-08-21,38.47
2023-08-22,38.44
2023-08-23,38.5
2023-08-24,38.34
2023-08-25,38.45
2023-08-28,38.73
2023-08-29,39.37
2023-08-30,39.46
2023-08-31,39.44
2023-09-01,39.89
2023-09-05,39.15
2023-09-06,39.06
2023-09-07,38.89
2023-09-08,38.93
2023-09-11,39.09
2023-09-12,39.0
2023-09-13,38.77
2023-09-14,39.32
2023-09-15,38.88
2023-09-18,38.72
2023-09-19,38.69
2023-09-20,38.28
2023-09-21,37.51
2023-09-22,37.47
2023-09-25,37.77
2023-09-26,37.22
2023-09-27,37.22
2023-09-28,37.62
2023-09-29,37.56
2023-10-02,37.06
2023-10-03,36.96
2023-10-04,37.4
2023-10-05,36.94
2023-10-06,37.29
2023-10-09,37.34
2023-10-10,37.74
2023-10-11,37.83
2023-10-12,37.26
2023-10-13,37.12
2023-10-16,37.49
2023-10-17,37.86
2023-10-18,36.88
2023-10-19,36.44
2023-10-20,36.0
2023-10-23,35.6
2023-10-24,36.02
2023-10-25,35.6
2023-10-26,35.85
2023-10-27,35.84
2023-10-30,36.21
2023-10-31,36.37
2023-11-01,36.39
2023-11-02,37.09
2023-11-03,37.67
2023-11-06,37.49
2023-11-07,36.76
2023-11-08,36.88
2023-11-09,36.56
2023-11-10,36.99
2023-11-13,36.94
2023-11-14,38.03
2023-11-15,38.19
2023-11-16,38.31
2023-11-17,38.38
2023-11-20,38.45
2023-11-21,38.6
2023-11-22,38.62
2023-11-24,38.79
2023-11-27,38.74
2023-11-28,38.82
2023-11-29,39.02
2023-11-30,39.4
2023-12-01,39.85
2023-12-04,39.39
2023-12-05,38.85
2023-12-06,38.77
2023-12-07,39.03
2023-12-08,39.18
2023-12-11,39.45
2023-12-12,39.68
2023-12-13,40.16
2023-12-14,40.83
2023-12-15,40.72
2023-12-18,40.79
2023-12-19,41.16
2023-12-20,40.53
2023-12-21,40.96
2023-12-22,41.22
2023-12-26,41.41
2023-12-27,41.51
2023-12-28,41.35
2023-12-29,41.19
2024-01-02,41.11
2024-01-03,40.67
2024-01-04,40.54
2024-01-05,40.61
2024-01-08,40.78
2024-01-09,40.32
2024-01-10,40.26
2024-01-11,40.14
2024-01-12,40.18
2024-01-16,39.72
2024-01-17,39.43
2024-01-18,39.55
2024-01-19,39.59
2024-01-22,39.71
2024-01-23,39.84
2024-01-24,39.3
2024-01-25,39.71
2024-01-26,39.73
2024-01-29,39.93
2024-01-30,40.11
2024-01-31,39.58
2024-02-01,40.24
2024-02-02,40.01
2024-02-05,38.99
2024-02-06,39.68
2024-02-07,40.0
2024-02-08,39.94
2024-02-09,40.03
2024-02-12,40.35
2024-02-13,39.78
2024-02-14,40.04
2024-02-15,40.79
2024-02-16,41.01
2024-02-20,40.92
2024-02-21,41.15
2024-02-22,41.56
2024-02-23,41.81
2024-02-26,41.56
2024-02-27,41.71
2024-02-28,41.84
2024-02-29,42.16
2024-03-01,42.35
2024-03-04,42.66
2024-03-05,42.43
2024-03-06,42.75
2024-03-07,43.27
2024-03-08,43.02
2024-03-11,43.51
2024-03-12,43.5
2024-03-13,43.93
2024-03-14,43.7
2024-03-15,43.72
2024-03-18,43.8
2024-03-19,43.8
2024-03-20,44.24
2024-03-21,44.43
2024-03-22,44.15
2024-03-25,44.17
2024-03-26,44.13
2024-03-27,44.77
2024-03-28,44.89
2024-04-01,44.78
2024-04-02,44.62
2024-04-03,44.88
2024-04-04,44.43
2024-04-05,44.83
2024-04-08,44.86
2024-04-09,44.97
2024-04-10,44.27
2024-04-11,44.23
2024-04-12,43.45
2024-04-15,43.24
2024-04-16,42.91
2024-04-17,43.01
2024-04-18,43.02
2024-04-19,42.99
2024-04-22,43.03
2024-04-23,42.66
2024-04-24,42.69
2024-04-25,42.99
2024-04-26,43.26
2024-04-29,43.62
2024-04-30,42.83
2024-05-01,43.05
2024-05-02,42.83
2024-05-03,43.26
2024-05-06,43.52
2024-05-07,44.04
2024-05-08,43.84
2024-05-09,44.33
2024-05-10,44.38
2024-05-13,44.35
2024-05-14,44.39
2024-05-15,44.47
2024-05-16,44.15
2024-05-17,44.53
2024-05-20,44.59
2024-05-21,44.59
2024-05-22,44.16
2024-05-23,43.77
2024-05-24,44.15
2024-05-28,43.98
2024-05-29,43.35
2024-05-30,43.7
2024-05-31,44.23
2024-06-03,43.97
2024-06-04,43.48
2024-06-05,43.78
2024-06-06,43.83
2024-06-07,43.39
2024-06-10,43.35
2024-06-11,43.33
2024-06-12,43.41
2024-06-13,43.4
2024-06-14,43.0
2024-06-17,43.32
2024-06-18,43.27
2024-06-20,43.31
2024-06-21,43.32
2024-06-24,43.6
2024-06-25,43.04
2024-06-26,43.01
2024-06-27,42.89
2024-06-28,42.88
2024-07-01,42.22
2024-07-02,42.29
2024-07-03,42.61
2024-07-05,42.68
2024-07-08,42.8
2024-07-09,42.37
2024-07-10,42.94
2024-07-11,43.52
2024-07-12,43.94
2024-07-15,43.83
2024-07-16,44.68
2024-07-17,44.59
2024-07-18,44.14
2024-07-19,43.75
2024-07-22,43.9
2024-07-23,44.07
2024-07-24,43.51
2024-07-25,43.63
2024-07-26,44.34
2024-07-29,44.42
2024-07-30,44.28
2024-07-31,44.74
2024-08-01,44.56
2024-08-02,43.72
2024-08-05,42.74
2024-08-06,42.96
2024-08-07,42.38
2024-08-08,43.03
2024-08-09,43.0
2024-08-12,42.81
2024-08-13,43.24
2024-08-14,43.24
2024-08-15,43.92
2024-08-16,43.97
2024-08-19,44.18
2024-08-20,44.02
2024-08-21,44.53
2024-08-22,44.44
2024-08-23,45.02
2024-08-26,45.22
2024-08-27,45.23
2024-08-28,45.03
2024-08-29,45.28
2024-08-30,45.78
2024-09-03,44.74
2024-09-04,44.55
2024-09-05,44.2
2024-09-06,43.64
2024-09-09,44.07
2024-09-10,44.09
2024-09-11,44.19
2024-09-12,44.6
2024-09-13,45.0
2024-09-16,45.42
2024-09-17,45.51
2024-09-18,45.31
2024-09-19,46.0
2024-09-20,45.67
2024-09-23,46.07
2024-09-24,46.7
2024-09-25,46.39
2024-09-26,47.35
2024-09-27,47.27
2024-09-30,47.0
2024-10-01,46.89
2024-10-02,46.71
2024-10-03,46.19
2024-10-04,46.41
2024-10-07,46.28
2024-10-08,46.06
2024-10-09,46.36
2024-10-10,46.46
2024-10-11,46.76
2024-10-14,47.03
2024-10-15,46.98
2024-10-16,47.35
2024-10-17,47.42
2024-10-18,47.61
2024-10-21,47.25
2024-10-22,46.81
2024-10-23,46.69
2024-10-24,46.12
2024-10-25,45.82
2024-10-28,46.2
2024-10-29,45.91
2024-10-30,46.16
2024-10-31,45.55
2024-11-01,45.42
2024-11-04,45.62
2024-11-05,45.69
2024-11-06,46.32
2024-11-07,46.5
2024-11-08,46.07
2024-11-11,45.87
2024-11-12,45.09
2024-11-13,45.2
2024-11-14,44.83
2024-11-15,44.52
2024-11-18,44.86
2024-11-19,44.72
2024-11-20,45.08
2024-11-21,45.63
2024-11-22,45.89
2024-11-25,46.36
2024-11-26,46.01
2024-11-27,45.99
2024-11-29,46.22
2024-12-02,46.19
2024-12-03,46.05
2024-12-04,45.6
2024-12-05,45.0
2024-12-06,44.82
2024-12-09,44.81
2024-12-10,44.36
2024-12-11,44.2
2024-12-12,43.89
2024-12-13,43.52
2024-12-16,43.13
2024-12-17,42.89
2024-12-18,41.67
2024-12-19,41.22
2024-12-20,41.74
2024-12-23,41.7
2024-12-24,41.93
2024-12-26,41.87
2024-12-27,41.64
2024-12-30,41.08
2024-12-31,41.25
2025-01-02,40.79
2025-01-03,40.78
2025-01-06,41.06
2025-01-07,41.03
2025-01-08,41.26
2025-01-10,40.84
2025-01-13,41.75
2025-01-14,42.27
2025-01-15,42.67
2025-01-16,43.02
2025-01-17,43.3
2025-01-21,43.86
2025-01-22,43.5
2025-01-23,43.74
2025-01-24,43.63
2025-01-27,43.66
2025-01-28,43.51
2025-01-29,43.43
2025-01-30,43.85
2025-01-31,43.53
2025-02-03,43.57
2025-02-04,43.7
2025-02-05,43.67
2025-02-06,43.82
2025-02-07,43.28
2025-02-10,43.5
2025-02-11,43.76
2025-02-12,43.44
2025-02-13,44.2
2025-02-14,44.05
2025-02-18,44.61
2025-02-19,44.08
2025-02-20,43.98
2025-02-21,43.18
2025-02-24,43.13
2025-02-25,43.46
2025-02-26,43.44
2025-02-27,43.15
2025-02-28,43.51
2025-03-03,42.64
2025-03-04,42.06
2025-03-05,43.16
2025-03-06,42.93
2025-03-07,43.05
2025-03-10,42.16
2025-03-11,41.83
2025-03-12,41.64
2025-03-13,41.61
2025-03-14,42.15
2025-03-17,42.68
2025-03-18,42.61
2025-03-19,42.75
2025-03-20,42.48
2025-03-21,42.06
2025-03-24,42.63
2025-03-25,42.62
2025-03-26,42.7
2025-03-27,42.68
2025-03-28,41.89
2025-03-31,42.35
2025-04-01,42.51
2025-04-02,42.86
2025-04-03,40.92
2025-04-04,38.36
2025-04-07,37.75
2025-04-08,36.58
2025-04-09,39.78
2025-04-10,38.51
2025-04-11,39.65
2025-04-14,40.13
2025-04-15,39.81
2025-04-16,39.5
2025-04-17,39.78
2025-04-21,39.17
2025-04-22,40.09
2025-04-23,40.13
2025-04-24,41.0
2025-04-25,40.7
2025-04-28,40.77
2025-04-29,41.11
2025-04-30,41.32
2025-05-01,41.14
2025-05-02,41.83
2025-05-05,41.52
2025-05-06,41.22
2025-05-07,41.0
2025-05-08,41.54
2025-05-09,41.65
2025-05-12,42.62
2025-05-13,42.41
2025-05-14,42.02
2025-05-15,42.45
2025-05-16,42.88
2025-05-19,42.99
2025-05-20,42.91
2025-05-21,42.34
2025-05-22,42.3
2025-05-23,42.21
2025-05-27,42.95
2025-05-28,42.37
2025-05-29,42.52
2025-05-30,42.53
2025-06-02,42.78
2025-06-03,43.22
2025-06-04,43.38
2025-06-05,43.12
2025-06-06,43.24
2025-06-09,43.53
2025-06-10,43.8
2025-06-11,43.37
2025-06-12,43.55
2025-06-13,43.04
2025-06-16,43.41
2025-06-17,42.98
2025-06-18,42.86
2025-06-20,42.57
2025-06-23,43.04
2025-06-24,43.4
2025-06-25,42.98
2025-06-26,43.46
2025-06-27,43.51
2025-06-30,43.47
2025-07-01,44.6
2025-07-02,45.27
2025-07-03,45.24
2025-07-07,44.8
2025-07-08,45.17
2025-07-09,45.44
2025-07-10,45.68
2025-07-11,45.31
2025-07-14,45.06
2025-07-15,44.13
2025-07-16,44.25
2025-07-17,44.56
2025-07-18,44.67
2025-07-21,44.89
2025-07-22,45.51
2025-07-23,45.67
2025-07-24,45.2
2025-07-25,45.73
2025-07-28,45.07
2025-07-29,44.89
2025-07-30,43.99
2025-07-31,43.43
2025-08-01,42.93
2025-08-04,43.5
2025-08-05,43.81
2025-08-06,43.33
2025-08-07,43.52
2025-08-08,43.74
2025-08-11,43.64
2025-08-12,44.21
2025-08-13,45.04
2025-08-14,44.57
2025-08-15,44.57
2025-08-18,44.31
2025-08-19,44.58
2025-08-20,44.62
2025-08-21,44.75
2025-08-22,45.64
2025-08-25,45.38
2025-08-26,45.51
2025-08-27,45.62
2025-08-28,45.62
2025-08-29,45.69
2025-09-02,45.34
2025-09-03,45.04
2025-09-04,45.21
2025-09-05,45.53
2025-09-08,45.57
2025-09-09,44.82
2025-09-10,44.91
2025-09-11,45.85
2025-09-12,45.39
2025-09-15,45.02
2025-09-16,44.88
2025-09-17,44.99
2025-09-18,44.99
2025-09-19,44.97
2025-09-22,44.95
2025-09-23,44.81
2025-09-24,44.26
2025-09-25,43.68
2025-09-26,44.19
2025-09-29,44.36
2025-09-30,44.58
2025-10-01,44.11
2025-10-02,44.62
2025-10-03,44.7
2025-10-06,44.66
2025-10-07,44.48
2025-10-08,44.72
2025-10-09,44.11
2025-10-10,43.2
2025-10-13,43.89
2025-10-14,44.33
2025-10-15,44.13
2025-10-16,43.8
2025-10-17,43.71
2025-10-20,44.24
2025-10-21,44.07
2025-10-22,43.93
2025-10-23,44.46
2025-10-24,44.28
2025-10-27,44.26
2025-10-28,44.32
2025-10-29,43.45
2025-10-30,42.86
2025-10-31,42.62
2025-11-03,42.35
2025-11-04,42.14
2025-11-05,42.39
2025-11-06,42.18
2025-11-07,42.69
2025-11-10,43.09
2025-11-11,43.54
2025-11-12,43.85
2025-11-13,43.56
2025-11-14,43.16
2025-11-17,42.51
2025-11-18,42.54
2025-11-19,42.65
2025-11-20,42.01
2025-11-21,42.95
2025-11-24,43.04
2025-11-25,43.68
2025-11-26,44.22
2025-11-28,44.47
2025-12-01,44.36
2025-12-02,43.96
2025-12-03,44.27
2025-12-04,44.01
2025-12-05,43.86
2025-12-08,43.26
2025-12-09,43.17
2025-12-10,44.01
2025-12-11,44.89
2025-12-12,44.92
2025-12-15,44.89
2025-12-16,44.77
2025-12-17,44.96
2025-12-18,44.94
2025-12-19,45.14
2025-12-22,45.67
2025-12-23,45.75
2025-12-24,45.84
2025-12-26,46.11
2025-12-29,45.74
2025-12-30,45.73
2025-12-31,45.35
2026-01-02,46.12
2026-01-05,46.58
2026-01-06,47.5
2026-01-07,46.68
2026-01-08,47.5
2026-01-09,48.26
2026-01-12,48.52
2026-01-13,48.73
2026-01-14,48.75
2026-01-15,48.96
2026-01-16,48.68
2026-01-20,48.19
2026-01-21,49.24
2026-01-22,49.52
2026-01-23,49.97
2026-01-26,50.03
2026-01-27,49.98
2026-01-28,49.95
2026-01-29,50.0
2026-01-30,49.27
2026-02-02,49.65
2026-02-03,50.7
2026-02-04,51.89
2026-02-05,50.5
2026-02-06,51.51
2026-02-09,52.18
2026-02-10,52.91
2026-02-11,53.62
2026-02-12,52.83
2026-02-13,53.31
2026-02-17,52.7
2026-02-18,53.02
2026-02-19,52.83
2026-02-20,52.96
2026-02-23,52.96
2026-02-24,53.36
2026-02-25,53.06
2026-02-26,53.0
2026-02-27,53.41
2026-03-02,53.25
2026-03-03,51.94
2026-03-04,51.92
2026-03-05,50.83
2026-03-06,49.86
2026-03-09,49.99
2026-03-10,49.88
2026-03-11,49.84
2026-03-12,49.68
2026-03-13,49.19
2026-03-16,49.4
2026-03-17,49.52
2026-03-18,48.48
2026-03-19,47.74
2026-03-20,46.98
2026-03-23,47.55
2026-03-24,48.45
2026-03-25,49.41
2026-03-26,49.09
2026-03-27,48.91
2026-03-30,49.09
2026-03-31,49.97
2026-04-01,50.46
2026-04-02,50.41
2026-04-06,50.22
2026-04-07,50.08
2026-04-08,51.75
2026-04-09,51.67
2026-04-10,51.96
2026-04-13,52.19
2026-04-14,52.01
2026-04-15,51.38
2026-04-16,51.75
2026-04-17,51.88
2026-04-20,52.23
2026-04-21,51.77
2026-04-22,51.83
2026-04-23,51.81
2026-04-24,51.92
2026-04-27,51.78
2026-04-28,51.4
2026-04-29,50.96
2026-04-30,51.47
2026-05-01,51.35
2026-05-04,50.65
2026-05-05,51.53
2026-05-06,52.41
2026-05-07,51.4
2026-05-08,51.59
2026-05-11,52.26
