date,price
2000-01-03,18.13
2000-01-04,17.62
2000-01-05,17.55
2000-01-06,17.78
2000-01-07,18.46
2000-01-10,18.46
2000-01-11,18.22
2000-01-12,18.01
2000-01-13,18.35
2000-01-14,18.22
2000-01-18,18.2
2000-01-19,18.15
2000-01-20,18.03
2000-01-21,17.8
2000-01-24,17.29
2000-01-25,17.19
2000-01-26,17.33
2000-01-27,17.43
2000-01-28,16.97
2000-01-31,17.08
2000-02-01,16.97
2000-02-02,16.98
2000-02-03,16.97
2000-02-04,17.04
2000-02-07,16.74
2000-02-08,16.81
2000-02-09,16.63
2000-02-10,16.35
2000-02-11,16.0
2000-02-14,16.26
2000-02-15,16.54
2000-02-16,16.51
2000-02-17,16.57
2000-02-18,16.21
2000-02-22,16.48
2000-02-23,16.35
2000-02-24,16.2
2000-02-25,15.92
2000-02-28,15.97
2000-02-29,16.14
2000-03-01,16.05
2000-03-02,16.11
2000-03-03,16.55
2000-03-06,16.49
2000-03-07,15.83
2000-03-08,15.99
2000-03-09,16.16
2000-03-10,16.2
2000-03-13,15.96
2000-03-14,15.87
2000-03-15,16.51
2000-03-16,17.4
2000-03-17,17.38
2000-03-20,17.47
2000-03-21,17.85
2000-03-22,17.77
2000-03-23,18.18
2000-03-24,18.29
2000-03-27,18.06
2000-03-28,18.02
2000-03-29,18.24
2000-03-30,18.36
2000-03-31,18.39
2000-04-03,18.47
2000-04-04,18.26
2000-04-05,18.19
2000-04-06,18.35
2000-04-07,18.63
2000-04-10,18.66
2000-04-11,18.88
2000-04-12,18.55
2000-04-13,18.6
2000-04-14,17.38
2000-04-17,17.8
2000-04-18,17.87
2000-04-19,17.94
2000-04-20,18.08
2000-04-24,18.1
2000-04-25,19.05
2000-04-26,18.76
2000-04-27,18.78
2000-04-28,18.66
2000-05-01,19.09
2000-05-02,18.89
2000-05-03,18.26
2000-05-04,18.29
2000-05-05,18.62
2000-05-08,18.61
2000-05-09,18.46
2000-05-10,18.27
2000-05-11,18.72
2000-05-12,18.95
2000-05-15,19.27
2000-05-16,19.44
2000-05-17,19.31
2000-05-18,19.23
2000-05-19,18.69
2000-05-22,18.37
2000-05-23,18.29
2000-05-24,18.56
2000-05-25,18.22
2000-05-26,18.12
2000-05-30,18.45
2000-05-31,18.58
2000-06-01,18.72
2000-06-02,18.86
2000-06-05,18.83
2000-06-06,18.69
2000-06-07,18.61
2000-06-08,18.31
2000-06-09,18.38
2000-06-12,18.4
2000-06-13,18.48
2000-06-14,18.44
2000-06-15,18.62
2000-06-16,18.29
2000-06-19,18.1
2000-06-20,17.54
2000-06-21,17.61
2000-06-22,17.22
2000-06-23,17.41
2000-06-26,17.83
2000-06-27,17.9
2000-06-28,18.13
2000-06-29,17.82
2000-06-30,17.85
2000-07-03,18.08
2000-07-05,17.92
2000-07-06,17.88
2000-07-07,17.96
2000-07-10,17.98
2000-07-11,18.33
2000-07-12,18.4
2000-07-13,18.55
2000-07-14,18.73
2000-07-17,18.84
2000-07-18,18.89
2000-07-19,18.73
2000-07-20,18.96
2000-07-21,18.93
2000-07-24,18.79
2000-07-25,18.83
2000-07-26,18.59
2000-07-27,18.47
2000-07-28,17.85
2000-07-31,18.12
2000-08-01,18.26
2000-08-02,18.18
2000-08-03,18.21
2000-08-04,18.44
2000-08-07,18.98
2000-08-08,19.15
2000-08-09,19.31
2000-08-10,19.27
2000-08-11,19.48
2000-08-14,19.68
2000-08-15,19.43
2000-08-16,19.34
2000-08-17,19.44
2000-08-18,19.38
2000-08-21,19.66
2000-08-22,19.62
2000-08-23,19.52
2000-08-24,19.73
2000-08-25,19.82
2000-08-28,20.08
2000-08-29,19.96
2000-08-30,19.77
2000-08-31,19.92
2000-09-01,20.09
2000-09-05,20.09
2000-09-06,20.19
2000-09-07,20.07
2000-09-08,19.84
2000-09-11,19.74
2000-09-12,19.68
2000-09-13,19.74
2000-09-14,19.72
2000-09-15,19.22
2000-09-18,19.0
2000-09-19,18.78
2000-09-20,18.88
2000-09-21,18.94
2000-09-22,18.8
2000-09-25,19.36
2000-09-26,19.38
2000-09-27,19.22
2000-09-28,19.48
2000-09-29,19.34
2000-10-02,19.14
2000-10-03,19.52
2000-10-04,19.65
2000-10-05,19.67
2000-10-06,19.14
2000-10-09,19.26
2000-10-10,19.0
2000-10-11,18.67
2000-10-12,18.24
2000-10-13,18.8
2000-10-16,19.06
2000-10-17,18.55
2000-10-18,18.21
2000-10-19,18.53
2000-10-20,18.63
2000-10-23,18.84
2000-10-24,19.14
2000-10-25,18.78
2000-10-26,18.88
2000-10-27,18.87
2000-10-30,19.08
2000-10-31,19.77
2000-11-01,19.79
2000-11-02,19.75
2000-11-03,19.59
2000-11-06,19.77
2000-11-07,19.85
2000-11-08,19.72
2000-11-09,19.85
2000-11-10,19.4
2000-11-13,19.04
2000-11-14,19.42
2000-11-15,19.46
2000-11-16,19.56
2000-11-17,19.48
2000-11-20,19.2
2000-11-21,19.44
2000-11-22,19.12
2000-11-24,19.44
2000-11-27,19.48
2000-11-28,19.23
2000-11-29,19.39
2000-11-30,19.1
2000-12-01,19.27
2000-12-04,19.79
2000-12-05,20.51
2000-12-06,20.11
2000-12-07,20.05
2000-12-08,20.4
2000-12-11,20.62
2000-12-12,20.32
2000-12-13,19.96
2000-12-14,19.54
2000-12-15,19.22
2000-12-18,19.58
2000-12-19,19.24
2000-12-20,18.6
2000-12-21,18.71
2000-12-22,19.16
2000-12-26,19.38
2000-12-27,19.7
2000-12-28,19.98
2000-12-29,19.86
2001-01-02,18.97
2001-01-03,19.8
2001-01-04,19.95
2001-01-05,19.38
2001-01-08,19.22
2001-01-09,19.28
2001-01-10,19.46
2001-01-11,19.7
2001-01-12,19.64
2001-01-16,19.83
2001-01-17,19.8
2001-01-18,19.92
2001-01-19,19.72
2001-01-22,19.68
2001-01-23,19.93
2001-01-24,19.83
2001-01-25,19.82
2001-01-26,19.49
2001-01-29,19.57
2001-01-30,19.89
2001-01-31,19.93
2001-02-01,19.67
2001-02-02,19.61
2001-02-05,19.7
2001-02-06,19.8
2001-02-07,19.63
2001-02-08,19.6
2001-02-09,19.14
2001-02-12,19.36
2001-02-13,19.56
2001-02-14,19.36
2001-02-15,19.69
2001-02-16,19.11
2001-02-20,19.18
2001-02-21,18.95
2001-02-22,18.77
2001-02-23,18.74
2001-02-26,19.12
2001-02-27,19.07
2001-02-28,18.74
2001-03-01,18.6
2001-03-02,18.71
2001-03-05,18.95
2001-03-06,19.22
2001-03-07,19.45
2001-03-08,19.57
2001-03-09,19.16
2001-03-12,18.11
2001-03-13,18.13
2001-03-14,17.75
2001-03-15,17.67
2001-03-16,17.21
2001-03-19,17.55
2001-03-20,17.2
2001-03-21,16.75
2001-03-22,16.3
2001-03-23,16.62
2001-03-26,16.92
2001-03-27,17.2
2001-03-28,16.89
2001-03-29,16.89
2001-03-30,16.94
2001-04-02,16.82
2001-04-03,16.12
2001-04-04,16.2
2001-04-05,17.14
2001-04-06,16.8
2001-04-09,17.1
2001-04-10,17.6
2001-04-11,17.4
2001-04-12,17.75
2001-04-16,17.71
2001-04-17,17.94
2001-04-18,18.71
2001-04-19,18.77
2001-04-20,18.72
2001-04-23,18.43
2001-04-24,18.25
2001-04-25,18.68
2001-04-26,18.94
2001-04-27,19.08
2001-04-30,18.88
2001-05-01,19.05
2001-05-02,19.06
2001-05-03,18.78
2001-05-04,19.06
2001-05-07,19.13
2001-05-08,19.17
2001-05-09,19.06
2001-05-10,19.27
2001-05-11,19.17
2001-05-14,19.26
2001-05-15,19.34
2001-05-16,19.96
2001-05-17,20.29
2001-05-18,20.36
2001-05-21,20.56
2001-05-22,20.49
2001-05-23,20.18
2001-05-24,20.15
2001-05-25,19.85
2001-05-29,19.8
2001-05-30,19.4
2001-05-31,19.67
2001-06-01,19.61
2001-06-04,19.74
2001-06-05,19.95
2001-06-06,19.72
2001-06-07,19.81
2001-06-08,19.57
2001-06-11,19.23
2001-06-12,19.36
2001-06-13,19.29
2001-06-14,19.16
2001-06-15,19.06
2001-06-18,19.04
2001-06-19,18.84
2001-06-20,18.92
2001-06-21,19.0
2001-06-22,18.84
2001-06-25,18.59
2001-06-26,18.64
2001-06-27,18.6
2001-06-28,18.66
2001-06-29,18.45
2001-07-02,18.72
2001-07-03,18.84
2001-07-05,18.69
2001-07-06,18.35
2001-07-09,18.4
2001-07-10,18.12
2001-07-11,17.94
2001-07-12,18.37
2001-07-13,18.52
2001-07-16,18.21
2001-07-17,18.58
2001-07-18,18.63
2001-07-19,18.58
2001-07-20,18.68
2001-07-23,18.47
2001-07-24,17.98
2001-07-25,18.1
2001-07-26,18.28
2001-07-27,18.45
2001-07-30,18.42
2001-07-31,18.42
2001-08-01,18.52
2001-08-02,18.54
2001-08-03,18.63
2001-08-06,18.23
2001-08-07,18.36
2001-08-08,18.2
2001-08-09,18.21
2001-08-10,18.54
2001-08-13,18.37
2001-08-14,18.38
2001-08-15,18.35
2001-08-16,18.34
2001-08-17,18.12
2001-08-20,18.1
2001-08-21,18.08
2001-08-22,18.05
2001-08-23,18.1
2001-08-24,18.44
2001-08-27,18.43
2001-08-28,18.08
2001-08-29,17.96
2001-08-30,17.62
2001-08-31,17.78
2001-09-04,17.62
2001-09-05,17.66
2001-09-06,17.36
2001-09-07,16.92
2001-09-10,16.89
2001-09-17,15.33
2001-09-18,15.11
2001-09-19,14.73
2001-09-20,13.89
2001-09-21,13.9
2001-09-24,14.83
2001-09-25,14.93
2001-09-26,14.67
2001-09-27,14.83
2001-09-28,15.18
2001-10-01,15.04
2001-10-02,15.34
2001-10-03,15.71
2001-10-04,15.73
2001-10-05,15.72
2001-10-08,15.53
2001-10-09,15.47
2001-10-10,15.76
2001-10-11,16.22
2001-10-12,16.07
2001-10-15,16.18
2001-10-16,16.14
2001-10-17,15.76
2001-10-18,15.7
2001-10-19,15.61
2001-10-22,15.93
2001-10-23,15.85
2001-10-24,15.93
2001-10-25,16.18
2001-10-26,16.48
2001-10-29,15.87
2001-10-30,15.52
2001-10-31,15.45
2001-11-01,15.77
2001-11-02,16.01
2001-11-05,16.25
2001-11-06,16.48
2001-11-07,16.44
2001-11-08,16.61
2001-11-09,16.56
2001-11-12,16.36
2001-11-13,16.77
2001-11-14,16.85
2001-11-15,16.94
2001-11-16,17.07
2001-11-19,17.22
2001-11-20,16.99
2001-11-21,17.02
2001-11-23,17.23
2001-11-26,17.31
2001-11-27,17.2
2001-11-28,16.93
2001-11-29,17.02
2001-11-30,16.99
2001-12-03,16.85
2001-12-04,17.05
2001-12-05,17.42
2001-12-06,17.63
2001-12-07,17.44
2001-12-10,17.17
2001-12-11,17.09
2001-12-12,17.17
2001-12-13,17.05
2001-12-14,16.88
2001-12-17,17.13
2001-12-18,17.54
2001-12-19,17.71
2001-12-20,17.61
2001-12-21,17.81
2001-12-24,17.83
2001-12-26,17.89
2001-12-27,17.88
2001-12-28,17.99
2001-12-31,17.76
2002-01-02,17.76
2002-01-03,17.76
2002-01-04,17.76
2002-01-07,17.64
2002-01-08,17.59
2002-01-09,17.49
2002-01-10,17.31
2002-01-11,17.03
2002-01-14,16.84
2002-01-15,16.86
2002-01-16,16.29
2002-01-17,16.35
2002-01-18,16.47
2002-01-22,16.56
2002-01-23,16.48
2002-01-24,16.63
2002-01-25,16.86
2002-01-28,16.85
2002-01-29,16.2
2002-01-30,16.38
2002-01-31,16.64
2002-02-01,16.51
2002-02-04,15.78
2002-02-05,15.56
2002-02-06,15.68
2002-02-07,15.86
2002-02-08,15.96
2002-02-11,16.31
2002-02-12,16.17
2002-02-13,16.34
2002-02-14,16.4
2002-02-15,16.28
2002-02-19,16.24
2002-02-20,16.47
2002-02-21,16.41
2002-02-22,16.57
2002-02-25,17.01
2002-02-26,17.07
2002-02-27,17.27
2002-02-28,17.06
2002-03-01,17.45
2002-03-04,18.05
2002-03-05,17.83
2002-03-06,18.36
2002-03-07,18.15
2002-03-08,18.27
2002-03-11,18.31
2002-03-12,18.27
2002-03-13,18.02
2002-03-14,18.04
2002-03-15,18.05
2002-03-18,17.98
2002-03-19,18.17
2002-03-20,17.97
2002-03-21,17.61
2002-03-22,17.51
2002-03-25,17.24
2002-03-26,17.34
2002-03-27,17.46
2002-03-28,17.52
2002-04-01,17.51
2002-04-02,17.34
2002-04-03,17.11
2002-04-04,17.24
2002-04-05,17.32
2002-04-08,17.45
2002-04-09,17.44
2002-04-10,17.85
2002-04-11,17.27
2002-04-12,17.25
2002-04-15,17.07
2002-04-16,17.37
2002-04-17,17.25
2002-04-18,17.12
2002-04-19,17.02
2002-04-22,16.75
2002-04-23,16.72
2002-04-24,16.58
2002-04-25,16.38
2002-04-26,16.21
2002-04-29,15.86
2002-04-30,16.31
2002-05-01,16.36
2002-05-02,16.42
2002-05-03,16.43
2002-05-06,15.96
2002-05-07,15.97
2002-05-08,16.64
2002-05-09,16.35
2002-05-10,16.11
2002-05-13,16.21
2002-05-14,16.57
2002-05-15,16.64
2002-05-16,16.74
2002-05-17,16.89
2002-05-20,16.75
2002-05-21,16.5
2002-05-22,16.57
2002-05-23,16.88
2002-05-24,16.69
2002-05-28,16.5
2002-05-29,16.32
2002-05-30,16.24
2002-05-31,16.38
2002-06-03,15.76
2002-06-04,15.63
2002-06-05,15.9
2002-06-06,15.52
2002-06-07,15.52
2002-06-10,15.64
2002-06-11,15.45
2002-06-12,15.45
2002-06-13,15.41
2002-06-14,15.33
2002-06-17,15.76
2002-06-18,15.91
2002-06-19,15.79
2002-06-20,15.67
2002-06-21,15.27
2002-06-24,15.49
2002-06-25,15.16
2002-06-26,15.15
2002-06-27,15.39
2002-06-28,15.38
2002-07-01,15.03
2002-07-02,14.8
2002-07-03,14.82
2002-07-05,15.43
2002-07-08,15.18
2002-07-09,14.8
2002-07-10,14.43
2002-07-11,14.45
2002-07-12,14.41
2002-07-15,14.3
2002-07-16,14.0
2002-07-17,14.17
2002-07-18,13.76
2002-07-19,13.33
2002-07-22,12.91
2002-07-23,12.62
2002-07-24,13.29
2002-07-25,13.31
2002-07-26,13.52
2002-07-29,14.36
2002-07-30,14.53
2002-07-31,14.51
2002-08-01,14.18
2002-08-02,13.67
2002-08-05,13.22
2002-08-06,13.67
2002-08-07,14.01
2002-08-08,14.41
2002-08-09,14.52
2002-08-12,14.36
2002-08-13,14.02
2002-08-14,14.32
2002-08-15,14.44
2002-08-16,14.43
2002-08-19,14.77
2002-08-20,14.7
2002-08-21,14.74
2002-08-22,14.96
2002-08-23,14.61
2002-08-26,14.79
2002-08-27,14.66
2002-08-28,14.38
2002-08-29,14.27
2002-08-30,14.28
2002-09-03,13.78
2002-09-04,13.92
2002-09-05,13.67
2002-09-06,13.85
2002-09-09,13.96
2002-09-10,14.12
2002-09-11,14.12
2002-09-12,13.92
2002-09-13,13.59
2002-09-16,13.73
2002-09-17,13.44
2002-09-18,13.42
2002-09-19,13.16
2002-09-20,13.21
2002-09-23,13.04
2002-09-24,12.76
2002-09-25,13.01
2002-09-26,13.26
2002-09-27,12.75
2002-09-30,12.63
2002-10-01,13.18
2002-10-02,12.73
2002-10-03,12.63
2002-10-04,12.3
2002-10-07,11.97
2002-10-08,12.06
2002-10-09,11.65
2002-10-10,12.05
2002-10-11,12.61
2002-10-14,12.53
2002-10-15,13.14
2002-10-16,12.82
2002-10-17,13.22
2002-10-18,13.2
2002-10-21,13.6
2002-10-22,13.41
2002-10-23,13.55
2002-10-24,13.27
2002-10-25,13.43
2002-10-28,13.25
2002-10-29,13.14
2002-10-30,13.15
2002-10-31,13.25
2002-11-01,13.43
2002-11-04,13.44
2002-11-05,13.57
2002-11-06,13.82
2002-11-07,13.52
2002-11-08,13.32
2002-11-11,13.07
2002-11-12,13.08
2002-11-13,13.05
2002-11-14,13.23
2002-11-15,13.23
2002-11-18,13.14
2002-11-19,13.16
2002-11-20,13.35
2002-11-21,13.9
2002-11-22,13.84
2002-11-25,13.81
2002-11-26,13.62
2002-11-27,13.98
2002-11-29,13.95
2002-12-02,14.04
2002-12-03,13.8
2002-12-04,13.76
2002-12-05,13.62
2002-12-06,13.61
2002-12-09,13.4
2002-12-10,13.51
2002-12-11,13.58
2002-12-12,13.52
2002-12-13,13.29
2002-12-16,13.62
2002-12-17,13.45
2002-12-18,13.43
2002-12-19,13.34
2002-12-20,13.55
2002-12-23,13.48
2002-12-24,13.42
2002-12-26,13.46
2002-12-27,13.2
2002-12-30,13.27
2002-12-31,13.4
2003-01-02,13.74
2003-01-03,13.79
2003-01-06,13.91
2003-01-07,13.83
2003-01-08,13.66
2003-01-09,13.84
2003-01-10,13.81
2003-01-13,13.79
2003-01-14,13.81
2003-01-15,13.62
2003-01-16,13.54
2003-01-17,13.44
2003-01-21,13.11
2003-01-22,12.86
2003-01-23,13.1
2003-01-24,12.69
2003-01-27,12.6
2003-01-28,12.68
2003-01-29,12.69
2003-01-30,12.47
2003-01-31,12.68
2003-02-03,12.79
2003-02-04,12.68
2003-02-05,12.69
2003-02-06,12.58
2003-02-07,12.46
2003-02-10,12.47
2003-02-11,12.34
2003-02-12,12.24
2003-02-13,12.08
2003-02-14,12.36
2003-02-18,12.5
2003-02-19,12.56
2003-02-20,12.49
2003-02-21,12.69
2003-02-24,12.27
2003-02-25,12.46
2003-02-26,12.36
2003-02-27,12.45
2003-02-28,12.48
2003-03-03,12.43
2003-03-04,12.2
2003-03-05,12.3
2003-03-06,12.21
2003-03-07,12.25
2003-03-10,11.94
2003-03-11,11.72
2003-03-12,11.86
2003-03-13,12.2
2003-03-14,12.4
2003-03-17,12.75
2003-03-18,12.92
2003-03-19,12.99
2003-03-20,12.99
2003-03-21,13.44
2003-03-24,12.97
2003-03-25,12.99
2003-03-26,12.99
2003-03-27,12.96
2003-03-28,12.82
2003-03-31,12.61
2003-04-01,12.79
2003-04-02,13.08
2003-04-03,13.06
2003-04-04,13.1
2003-04-07,13.19
2003-04-08,13.14
2003-04-09,12.98
2003-04-10,13.0
2003-04-11,13.02
2003-04-14,13.25
2003-04-15,13.36
2003-04-16,13.17
2003-04-17,13.39
2003-04-21,13.27
2003-04-22,13.67
2003-04-23,13.78
2003-04-24,13.65
2003-04-25,13.55
2003-04-28,13.79
2003-04-29,13.83
2003-04-30,13.98
2003-05-01,13.77
2003-05-02,13.96
2003-05-05,13.91
2003-05-06,13.95
2003-05-07,13.93
2003-05-08,13.8
2003-05-09,14.01
2003-05-12,14.11
2003-05-13,14.07
2003-05-14,14.02
2003-05-15,14.17
2003-05-16,14.11
2003-05-19,13.74
2003-05-20,13.82
2003-05-21,13.74
2003-05-22,13.85
2003-05-23,13.9
2003-05-27,14.24
2003-05-28,14.19
2003-05-29,14.03
2003-05-30,14.36
2003-06-02,14.5
2003-06-03,14.52
2003-06-04,14.71
2003-06-05,14.75
2003-06-06,14.87
2003-06-09,14.68
2003-06-10,14.76
2003-06-11,15.05
2003-06-12,15.09
2003-06-13,14.92
2003-06-16,15.28
2003-06-17,15.29
2003-06-18,15.21
2003-06-19,14.93
2003-06-20,15.0
2003-06-23,14.82
2003-06-24,14.83
2003-06-25,14.6
2003-06-26,14.77
2003-06-27,14.63
2003-06-30,14.66
2003-07-01,14.69
2003-07-02,14.73
2003-07-03,14.72
2003-07-07,14.91
2003-07-08,15.02
2003-07-09,14.86
2003-07-10,14.66
2003-07-11,14.81
2003-07-14,14.76
2003-07-15,14.67
2003-07-16,14.64
2003-07-17,14.6
2003-07-18,14.79
2003-07-21,14.73
2003-07-22,14.91
2003-07-23,14.87
2003-07-24,14.87
2003-07-25,15.2
2003-07-28,15.21
2003-07-29,15.0
2003-07-30,15.0
2003-07-31,15.14
2003-08-01,15.02
2003-08-04,15.06
2003-08-05,14.8
2003-08-06,14.77
2003-08-07,14.87
2003-08-08,14.89
2003-08-11,15.0
2003-08-12,15.15
2003-08-13,15.1
2003-08-14,15.27
2003-08-15,15.42
2003-08-18,15.64
2003-08-19,15.74
2003-08-20,15.64
2003-08-21,15.83
2003-08-22,15.68
2003-08-25,15.53
2003-08-26,15.63
2003-08-27,15.61
2003-08-28,15.74
2003-08-29,15.73
2003-09-02,15.96
2003-09-03,16.09
2003-09-04,16.08
2003-09-05,15.9
2003-09-08,15.98
2003-09-09,15.81
2003-09-10,15.63
2003-09-11,15.76
2003-09-12,15.75
2003-09-15,15.77
2003-09-16,15.97
2003-09-17,15.91
2003-09-18,16.1
2003-09-19,16.03
2003-09-22,15.82
2003-09-23,15.88
2003-09-24,15.57
2003-09-25,15.45
2003-09-26,15.29
2003-09-29,15.44
2003-09-30,15.3
2003-10-01,15.6
2003-10-02,15.67
2003-10-03,15.83
2003-10-06,15.84
2003-10-07,15.92
2003-10-08,15.84
2003-10-09,15.95
2003-10-10,15.86
2003-10-13,15.92
2003-10-14,16.0
2003-10-15,16.03
2003-10-16,16.04
2003-10-17,15.92
2003-10-20,15.96
2003-10-21,15.94
2003-10-22,15.75
2003-10-23,15.79
2003-10-24,15.8
2003-10-27,15.81
2003-10-28,15.99
2003-10-29,16.09
2003-10-30,16.22
2003-10-31,16.25
2003-11-03,16.32
2003-11-04,16.37
2003-11-05,16.36
2003-11-06,16.44
2003-11-07,16.38
2003-11-10,16.23
2003-11-11,16.17
2003-11-12,16.44
2003-11-13,16.43
2003-11-14,16.3
2003-11-17,16.26
2003-11-18,16.18
2003-11-19,16.32
2003-11-20,16.21
2003-11-21,16.22
2003-11-24,16.42
2003-11-25,16.55
2003-11-26,16.55
2003-11-28,16.57
2003-12-01,16.81
2003-12-02,16.78
2003-12-03,16.79
2003-12-04,16.84
2003-12-05,16.72
2003-12-08,16.87
2003-12-09,16.87
2003-12-10,16.84
2003-12-11,17.1
2003-12-12,17.13
2003-12-15,17.15
2003-12-16,17.25
2003-12-17,17.27
2003-12-18,17.47
2003-12-19,17.48
2003-12-22,17.59
2003-12-23,17.63
2003-12-24,17.56
2003-12-26,17.53
2003-12-29,17.75
2003-12-30,17.65
2003-12-31,17.67
2004-01-02,17.65
2004-01-05,17.82
2004-01-06,17.8
2004-01-07,17.82
2004-01-08,17.94
2004-01-09,17.76
2004-01-12,17.82
2004-01-13,17.74
2004-01-14,17.99
2004-01-15,18.02
2004-01-16,18.35
2004-01-20,18.13
2004-01-21,18.25
2004-01-22,18.17
2004-01-23,18.1
2004-01-26,18.33
2004-01-27,18.15
2004-01-28,17.87
2004-01-29,17.88
2004-01-30,17.84
2004-02-02,17.81
2004-02-03,17.74
2004-02-04,17.66
2004-02-05,17.82
2004-02-06,17.9
2004-02-09,17.86
2004-02-10,17.84
2004-02-11,18.04
2004-02-12,18.03
2004-02-13,17.94
2004-02-17,18.08
2004-02-18,17.99
2004-02-19,17.85
2004-02-20,17.82
2004-02-23,17.75
2004-02-24,17.75
2004-02-25,17.71
2004-02-26,17.72
2004-02-27,17.71
2004-03-01,17.8
2004-03-02,17.74
2004-03-03,17.74
2004-03-04,17.8
2004-03-05,17.84
2004-03-08,17.54
2004-03-09,17.42
2004-03-10,17.1
2004-03-11,16.84
2004-03-12,17.13
2004-03-15,16.92
2004-03-16,17.11
2004-03-17,17.32
2004-03-18,17.34
2004-03-19,17.12
2004-03-22,16.89
2004-03-23,16.85
2004-03-24,16.85
2004-03-25,17.12
2004-03-26,17.22
2004-03-29,17.42
2004-03-30,17.53
2004-03-31,17.5
2004-04-01,17.59
2004-04-02,17.79
2004-04-05,18.01
2004-04-06,17.99
2004-04-07,17.95
2004-04-08,17.85
2004-04-12,18.03
2004-04-13,17.75
2004-04-14,17.74
2004-04-15,17.79
2004-04-16,17.95
2004-04-19,17.85
2004-04-20,17.67
2004-04-21,17.79
2004-04-22,18.18
2004-04-23,18.1
2004-04-26,18.01
2004-04-27,18.02
2004-04-28,17.78
2004-04-29,17.62
2004-04-30,17.49
2004-05-03,17.69
2004-05-04,17.76
2004-05-05,17.77
2004-05-06,17.68
2004-05-07,17.37
2004-05-10,17.12
2004-05-11,17.22
2004-05-12,17.37
2004-05-13,17.37
2004-05-14,17.34
2004-05-17,17.14
2004-05-18,17.32
2004-05-19,17.29
2004-05-20,17.25
2004-05-21,17.37
2004-05-24,17.5
2004-05-25,17.75
2004-05-26,17.79
2004-05-27,17.92
2004-05-28,17.92
2004-06-01,17.92
2004-06-02,18.08
2004-06-03,17.95
2004-06-04,18.05
2004-06-07,18.36
2004-06-08,18.4
2004-06-09,18.24
2004-06-10,18.37
2004-06-14,18.27
2004-06-15,18.44
2004-06-16,18.48
2004-06-17,18.5
2004-06-18,18.6
2004-06-21,18.53
2004-06-22,18.7
2004-06-23,18.97
2004-06-24,18.93
2004-06-25,18.9
2004-06-28,18.76
2004-06-29,18.91
2004-06-30,19.03
2004-07-01,18.74
2004-07-02,18.58
2004-07-06,18.54
2004-07-07,18.57
2004-07-08,18.47
2004-07-09,18.62
2004-07-12,18.65
2004-07-13,18.69
2004-07-14,18.65
2004-07-15,18.75
2004-07-16,18.67
2004-07-19,18.59
2004-07-20,18.71
2004-07-21,18.46
2004-07-22,18.35
2004-07-23,18.26
2004-07-26,18.2
2004-07-27,18.39
2004-07-28,18.5
2004-07-29,18.52
2004-07-30,18.49
2004-08-02,18.58
2004-08-03,18.48
2004-08-04,18.48
2004-08-05,18.1
2004-08-06,17.73
2004-08-09,17.77
2004-08-10,18.07
2004-08-11,18.05
2004-08-12,17.78
2004-08-13,17.75
2004-08-16,18.08
2004-08-17,18.07
2004-08-18,18.35
2004-08-19,18.14
2004-08-20,18.31
2004-08-23,18.31
2004-08-24,18.32
2004-08-25,18.52
2004-08-26,18.53
2004-08-27,18.52
2004-08-30,18.42
2004-08-31,18.51
2004-09-01,18.51
2004-09-02,18.77
2004-09-03,18.71
2004-09-07,18.85
2004-09-08,18.82
2004-09-09,18.77
2004-09-10,18.83
2004-09-13,18.85
2004-09-14,18.89
2004-09-15,18.72
2004-09-16,18.84
2004-09-17,19.05
2004-09-20,18.95
2004-09-21,19.02
2004-09-22,18.75
2004-09-23,18.57
2004-09-24,18.64
2004-09-27,18.49
2004-09-28,18.68
2004-09-29,18.75
2004-09-30,18.91
2004-10-01,19.17
2004-10-04,19.15
2004-10-05,19.07
2004-10-06,19.27
2004-10-07,19.05
2004-10-08,18.9
2004-10-11,18.92
2004-10-12,18.91
2004-10-13,18.69
2004-10-14,18.61
2004-10-15,18.75
2004-10-18,18.8
2004-10-19,18.63
2004-10-20,18.58
2004-10-21,18.67
2004-10-22,18.51
2004-10-25,18.51
2004-10-26,18.79
2004-10-27,19.05
2004-10-28,19.01
2004-10-29,19.1
2004-11-01,19.16
2004-11-02,19.18
2004-11-03,19.39
2004-11-04,19.71
2004-11-05,19.86
2004-11-08,19.92
2004-11-09,19.99
2004-11-10,20.05
2004-11-11,20.28
2004-11-12,20.36
2004-11-15,20.34
2004-11-16,20.21
2004-11-17,20.36
2004-11-18,20.47
2004-11-19,20.22
2004-11-22,20.27
2004-11-23,20.24
2004-11-24,20.33
2004-11-26,20.33
2004-11-29,20.25
2004-11-30,20.3
2004-12-01,20.64
2004-12-02,20.57
2004-12-03,20.58
2004-12-06,20.46
2004-12-07,20.3
2004-12-08,20.35
2004-12-09,20.48
2004-12-10,20.55
2004-12-13,20.78
2004-12-14,20.82
2004-12-15,20.84
2004-12-16,20.72
2004-12-17,20.7
2004-12-20,20.71
2004-12-21,20.83
2004-12-22,20.9
2004-12-23,20.92
2004-12-27,20.8
2004-12-28,20.92
2004-12-29,20.86
2004-12-30,20.88
2004-12-31,20.8
2005-01-03,20.62
2005-01-04,20.37
2005-01-05,20.23
2005-01-06,20.29
2005-01-07,20.2
2005-01-10,20.27
2005-01-11,20.18
2005-01-12,20.21
2005-01-13,20.01
2005-01-14,20.15
2005-01-18,20.23
2005-01-19,20.07
2005-01-20,19.88
2005-01-21,19.76
2005-01-24,19.7
2005-01-25,19.88
2005-01-26,19.92
2005-01-27,19.98
2005-01-28,19.96
2005-01-31,20.22
2005-02-01,20.28
2005-02-02,20.28
2005-02-03,20.22
2005-02-04,20.39
2005-02-07,20.37
2005-02-08,20.49
2005-02-09,20.27
2005-02-10,20.37
2005-02-11,20.5
2005-02-14,20.48
2005-02-15,20.55
2005-02-16,20.61
2005-02-17,20.42
2005-02-18,20.42
2005-02-22,20.09
2005-02-23,20.12
2005-02-24,20.41
2005-02-25,20.57
2005-02-28,20.45
2005-03-01,20.52
2005-03-02,20.58
2005-03-03,20.63
2005-03-04,20.92
2005-03-07,21.02
2005-03-08,21.0
2005-03-09,20.77
2005-03-10,20.82
2005-03-11,20.77
2005-03-14,20.88
2005-03-15,20.77
2005-03-16,20.53
2005-03-17,20.52
2005-03-18,20.55
2005-03-21,20.61
2005-03-22,20.5
2005-03-23,20.37
2005-03-24,20.47
2005-03-28,20.45
2005-03-29,20.12
2005-03-30,20.5
2005-03-31,20.44
2005-04-01,20.25
2005-04-04,20.23
2005-04-05,20.33
2005-04-06,20.34
2005-04-07,20.5
2005-04-08,20.3
2005-04-11,20.34
2005-04-12,20.5
2005-04-13,20.14
2005-04-14,19.84
2005-04-15,19.45
2005-04-18,19.51
2005-04-19,19.6
2005-04-20,19.4
2005-04-21,19.91
2005-04-22,19.68
2005-04-25,19.91
2005-04-26,19.66
2005-04-27,19.69
2005-04-28,19.47
2005-04-29,19.7
2005-05-02,19.81
2005-05-03,19.67
2005-05-04,19.89
2005-05-05,19.79
2005-05-06,19.87
2005-05-09,20.01
2005-05-10,19.77
2005-05-11,19.91
2005-05-12,19.7
2005-05-13,19.6
2005-05-16,19.87
2005-05-17,20.01
2005-05-18,20.31
2005-05-19,20.34
2005-05-20,20.33
2005-05-23,20.47
2005-05-24,20.42
2005-05-25,20.24
2005-05-26,20.39
2005-05-27,20.38
2005-05-31,20.32
2005-06-01,20.4
2005-06-02,20.4
2005-06-03,20.3
2005-06-06,20.32
2005-06-07,20.4
2005-06-08,20.28
2005-06-09,20.28
2005-06-10,20.26
2005-06-13,20.29
2005-06-14,20.24
2005-06-15,20.26
2005-06-16,20.28
2005-06-17,20.45
2005-06-20,20.37
2005-06-21,20.37
2005-06-22,20.27
2005-06-23,19.86
2005-06-24,19.73
2005-06-27,19.7
2005-06-28,20.04
2005-06-29,19.92
2005-06-30,19.79
2005-07-01,19.86
2005-07-05,19.92
2005-07-06,19.69
2005-07-07,19.74
2005-07-08,20.08
2005-07-11,20.12
2005-07-12,20.01
2005-07-13,20.07
2005-07-14,20.25
2005-07-15,20.23
2005-07-18,20.19
2005-07-19,20.35
2005-07-20,20.59
2005-07-21,20.48
2005-07-22,20.54
2005-07-25,20.39
2005-07-26,20.5
2005-07-27,20.58
2005-07-28,20.69
2005-07-29,20.54
2005-08-01,20.53
2005-08-02,20.5
2005-08-03,20.46
2005-08-04,20.33
2005-08-05,20.22
2005-08-08,20.17
2005-08-09,20.32
2005-08-10,20.31
2005-08-11,20.48
2005-08-12,20.39
2005-08-15,20.43
2005-08-16,20.19
2005-08-17,20.25
2005-08-18,20.16
2005-08-19,20.24
2005-08-22,20.28
2005-08-23,20.19
2005-08-24,20.02
2005-08-25,20.06
2005-08-26,19.95
2005-08-29,20.07
2005-08-30,19.91
2005-08-31,20.06
2005-09-01,19.98
2005-09-02,20.04
2005-09-06,20.28
2005-09-07,20.36
2005-09-08,20.25
2005-09-09,20.36
2005-09-12,20.49
2005-09-13,20.4
2005-09-14,20.25
2005-09-15,20.22
2005-09-16,20.36
2005-09-19,20.09
2005-09-20,19.95
2005-09-21,19.89
2005-09-22,19.97
2005-09-23,20.12
2005-09-26,20.09
2005-09-27,20.2
2005-09-28,20.2
2005-09-29,20.3
2005-09-30,20.39
2005-10-03,20.27
2005-10-04,20.09
2005-10-05,19.84
2005-10-06,19.97
2005-10-07,20.15
2005-10-10,19.99
2005-10-11,19.89
2005-10-12,19.89
2005-10-13,19.86
2005-10-14,20.04
2005-10-17,20.08
2005-10-18,19.93
2005-10-19,20.2
2005-10-20,19.94
2005-10-21,19.81
2005-10-24,20.11
2005-10-25,20.08
2005-10-26,19.91
2005-10-27,19.73
2005-10-28,20.05
2005-10-31,20.1
2005-11-01,20.04
2005-11-02,20.24
2005-11-03,20.33
2005-11-04,20.35
2005-11-07,20.42
2005-11-08,20.29
2005-11-09,20.34
2005-11-10,20.6
2005-11-11,20.64
2005-11-14,20.68
2005-11-15,20.68
2005-11-16,20.75
2005-11-17,20.95
2005-11-18,21.16
2005-11-21,21.29
2005-11-22,21.34
2005-11-23,21.37
2005-11-25,21.37
2005-11-28,21.26
2005-11-29,21.31
2005-11-30,21.27
2005-12-01,21.51
2005-12-02,21.43
2005-12-05,21.31
2005-12-06,21.4
2005-12-07,21.25
2005-12-08,21.15
2005-12-09,21.27
2005-12-12,21.27
2005-12-13,21.29
2005-12-14,21.48
2005-12-15,21.51
2005-12-16,21.54
2005-12-19,21.33
2005-12-20,21.35
2005-12-21,21.45
2005-12-22,21.62
2005-12-23,21.66
2005-12-27,21.47
2005-12-28,21.5
2005-12-29,21.5
2005-12-30,21.37
2006-01-03,21.52
2006-01-04,21.57
2006-01-05,21.54
2006-01-06,21.62
2006-01-09,21.8
2006-01-10,21.73
2006-01-11,21.75
2006-01-12,21.58
2006-01-13,21.51
2006-01-17,21.4
2006-01-18,21.43
2006-01-19,21.53
2006-01-20,21.06
2006-01-23,21.07
2006-01-24,21.23
2006-01-25,21.22
2006-01-26,21.46
2006-01-27,21.51
2006-01-30,21.56
2006-01-31,21.43
2006-02-01,21.62
2006-02-02,21.43
2006-02-03,21.39
2006-02-06,21.46
2006-02-07,21.31
2006-02-08,21.41
2006-02-09,21.53
2006-02-10,21.67
2006-02-13,21.7
2006-02-14,21.96
2006-02-15,22.02
2006-02-16,22.08
2006-02-17,22.14
2006-02-21,22.05
2006-02-22,22.28
2006-02-23,22.2
2006-02-24,22.22
2006-02-27,22.36
2006-02-28,22.1
2006-03-01,22.28
2006-03-02,22.22
2006-03-03,22.27
2006-03-06,22.16
2006-03-07,22.17
2006-03-08,22.14
2006-03-09,22.11
2006-03-10,22.35
2006-03-13,22.33
2006-03-14,22.54
2006-03-15,22.88
2006-03-16,22.9
2006-03-17,23.07
2006-03-20,23.03
2006-03-21,22.94
2006-03-22,23.11
2006-03-23,23.02
2006-03-24,23.0
2006-03-27,23.02
2006-03-28,22.85
2006-03-29,23.09
2006-03-30,23.09
2006-03-31,23.08
2006-04-03,23.16
2006-04-04,23.32
2006-04-05,23.33
2006-04-06,23.3
2006-04-07,23.18
2006-04-10,23.1
2006-04-11,23.06
2006-04-12,23.22
2006-04-13,23.12
2006-04-17,23.0
2006-04-18,23.56
2006-04-19,23.71
2006-04-20,23.8
2006-04-21,23.82
2006-04-24,23.9
2006-04-25,23.62
2006-04-26,23.75
2006-04-27,23.62
2006-04-28,23.58
2006-05-01,23.64
2006-05-02,23.83
2006-05-03,23.84
2006-05-04,24.12
2006-05-05,24.36
2006-05-08,24.34
2006-05-09,24.34
2006-05-10,24.36
2006-05-11,24.23
2006-05-12,23.85
2006-05-15,23.86
2006-05-16,23.85
2006-05-17,23.36
2006-05-18,23.17
2006-05-19,23.24
2006-05-22,23.19
2006-05-23,23.09
2006-05-24,23.02
2006-05-25,23.18
2006-05-26,23.31
2006-05-30,23.01
2006-05-31,23.17
2006-06-01,23.41
2006-06-02,23.45
2006-06-05,22.94
2006-06-06,22.85
2006-06-07,22.6
2006-06-08,22.61
2006-06-09,22.42
2006-06-12,22.14
2006-06-13,22.07
2006-06-14,22.27
2006-06-15,22.77
2006-06-16,22.77
2006-06-19,22.59
2006-06-20,22.56
2006-06-21,22.83
2006-06-22,22.69
2006-06-23,22.75
2006-06-26,22.82
2006-06-27,22.6
2006-06-28,22.67
2006-06-29,23.15
2006-06-30,23.14
2006-07-03,23.23
2006-07-05,23.06
2006-07-06,23.12
2006-07-07,22.77
2006-07-10,22.84
2006-07-11,22.9
2006-07-12,22.67
2006-07-13,22.22
2006-07-14,21.91
2006-07-17,21.83
2006-07-18,21.93
2006-07-19,22.38
2006-07-20,21.92
2006-07-21,21.7
2006-07-24,22.06
2006-07-25,21.99
2006-07-26,21.71
2006-07-27,21.67
2006-07-28,21.92
2006-07-31,21.83
2006-08-01,21.69
2006-08-02,21.83
2006-08-03,22.01
2006-08-04,21.95
2006-08-07,21.86
2006-08-08,21.67
2006-08-09,21.33
2006-08-10,21.5
2006-08-11,21.38
2006-08-14,21.42
2006-08-15,21.81
2006-08-16,22.3
2006-08-17,22.32
2006-08-18,22.27
2006-08-21,22.07
2006-08-22,22.14
2006-08-23,21.97
2006-08-24,21.86
2006-08-25,21.86
2006-08-28,21.95
2006-08-29,22.01
2006-08-30,22.03
2006-08-31,22.08
2006-09-01,22.23
2006-09-05,22.28
2006-09-06,22.05
2006-09-07,21.99
2006-09-08,22.04
2006-09-11,22.06
2006-09-12,22.26
2006-09-13,22.49
2006-09-14,22.38
2006-09-15,22.5
2006-09-18,22.56
2006-09-19,22.47
2006-09-20,22.59
2006-09-21,22.38
2006-09-22,22.27
2006-09-25,22.53
2006-09-26,22.82
2006-09-27,22.87
2006-09-28,23.03
2006-09-29,22.92
2006-10-02,22.99
2006-10-03,23.13
2006-10-04,23.48
2006-10-05,23.59
2006-10-06,23.55
2006-10-09,23.57
2006-10-10,23.61
2006-10-11,23.61
2006-10-12,23.81
2006-10-13,23.76
2006-10-16,23.92
2006-10-17,23.79
2006-10-18,23.72
2006-10-19,23.67
2006-10-20,23.57
2006-10-23,23.69
2006-10-24,23.7
2006-10-25,23.72
2006-10-26,23.72
2006-10-27,23.55
2006-10-30,23.62
2006-10-31,23.57
2006-11-01,23.45
2006-11-02,23.37
2006-11-03,23.32
2006-11-06,23.52
2006-11-07,23.79
2006-11-08,23.83
2006-11-09,23.68
2006-11-10,23.72
2006-11-13,23.9
2006-11-14,23.98
2006-11-15,24.21
2006-11-16,24.32
2006-11-17,24.34
2006-11-20,24.25
2006-11-21,24.34
2006-11-22,24.43
2006-11-24,24.38
2006-11-27,23.99
2006-11-28,23.96
2006-11-29,24.16
2006-11-30,24.14
2006-12-01,24.01
2006-12-04,24.32
2006-12-05,24.37
2006-12-06,24.29
2006-12-07,24.25
2006-12-08,24.27
2006-12-11,24.16
2006-12-12,24.21
2006-12-13,24.12
2006-12-14,24.26
2006-12-15,24.39
2006-12-18,24.42
2006-12-19,24.43
2006-12-20,24.46
2006-12-21,24.41
2006-12-22,24.26
2006-12-26,24.38
2006-12-27,24.5
2006-12-28,24.42
2006-12-29,24.26
2007-01-03,24.41
2007-01-04,24.31
2007-01-05,24.23
2007-01-08,24.32
2007-01-09,24.3
2007-01-10,24.39
2007-01-11,24.59
2007-01-12,24.66
2007-01-16,24.79
2007-01-17,24.81
2007-01-18,24.7
2007-01-19,24.68
2007-01-22,24.41
2007-01-23,24.7
2007-01-24,24.63
2007-01-25,24.5
2007-01-26,24.4
2007-01-29,24.46
2007-01-30,24.44
2007-01-31,24.77
2007-02-01,24.98
2007-02-02,25.08
2007-02-05,25.13
2007-02-06,25.14
2007-02-07,25.11
2007-02-08,24.94
2007-02-09,24.84
2007-02-12,24.89
2007-02-13,25.09
2007-02-14,25.45
2007-02-15,25.51
2007-02-16,25.41
2007-02-20,25.45
2007-02-21,25.52
2007-02-22,25.43
2007-02-23,25.36
2007-02-26,25.22
2007-02-27,24.46
2007-02-28,24.49
2007-03-01,24.45
2007-03-02,24.14
2007-03-05,24.08
2007-03-06,24.36
2007-03-07,24.26
2007-03-08,24.44
2007-03-09,24.57
2007-03-12,24.68
2007-03-13,24.27
2007-03-14,24.37
2007-03-15,24.39
2007-03-16,24.48
2007-03-19,24.65
2007-03-20,24.72
2007-03-21,25.06
2007-03-22,25.11
2007-03-23,25.25
2007-03-26,25.04
2007-03-27,24.93
2007-03-28,24.72
2007-03-29,24.72
2007-03-30,24.69
2007-04-02,24.73
2007-04-03,24.9
2007-04-04,24.81
2007-04-05,24.88
2007-04-09,24.86
2007-04-10,24.85
2007-04-11,24.75
2007-04-12,25.05
2007-04-13,25.04
2007-04-16,25.25
2007-04-17,25.25
2007-04-18,25.31
2007-04-19,25.4
2007-04-20,25.57
2007-04-23,25.67
2007-04-24,25.59
2007-04-25,25.86
2007-04-26,25.84
2007-04-27,26.14
2007-04-30,25.84
2007-05-01,26.0
2007-05-02,26.16
2007-05-03,26.35
2007-05-04,26.38
2007-05-07,26.45
2007-05-08,26.43
2007-05-09,26.5
2007-05-10,26.32
2007-05-11,26.52
2007-05-14,26.41
2007-05-15,26.47
2007-05-16,26.61
2007-05-17,26.66
2007-05-18,26.56
2007-05-21,26.72
2007-05-22,26.66
2007-05-23,26.79
2007-05-24,26.58
2007-05-25,26.74
2007-05-29,26.91
2007-05-30,27.03
2007-05-31,27.18
2007-06-01,27.28
2007-06-04,27.29
2007-06-05,27.2
2007-06-06,26.91
2007-06-07,26.47
2007-06-08,26.84
2007-06-11,26.88
2007-06-12,26.53
2007-06-13,27.16
2007-06-14,27.3
2007-06-15,27.45
2007-06-18,27.43
2007-06-19,27.52
2007-06-20,27.36
2007-06-21,27.42
2007-06-22,27.26
2007-06-25,27.19
2007-06-26,26.96
2007-06-27,27.23
2007-06-28,27.09
2007-06-29,27.18
2007-07-02,27.38
2007-07-03,27.57
2007-07-05,27.55
2007-07-06,27.71
2007-07-09,27.92
2007-07-10,27.45
2007-07-11,27.75
2007-07-12,28.16
2007-07-13,28.35
2007-07-16,28.53
2007-07-17,28.7
2007-07-18,28.64
2007-07-19,28.9
2007-07-20,28.48
2007-07-23,28.67
2007-07-24,28.27
2007-07-25,28.34
2007-07-26,27.75
2007-07-27,27.23
2007-07-30,27.82
2007-07-31,27.44
2007-08-01,27.64
2007-08-02,27.83
2007-08-03,27.26
2007-08-06,27.67
2007-08-07,27.67
2007-08-08,27.89
2007-08-09,27.14
2007-08-10,26.83
2007-08-13,27.19
2007-08-14,26.49
2007-08-15,26.18
2007-08-16,26.19
2007-08-17,26.46
2007-08-20,26.84
2007-08-21,26.74
2007-08-22,27.22
2007-08-23,27.07
2007-08-24,27.29
2007-08-27,27.23
2007-08-28,26.58
2007-08-29,27.2
2007-08-30,27.04
2007-08-31,27.45
2007-09-04,27.57
2007-09-05,27.29
2007-09-06,27.52
2007-09-07,26.95
2007-09-10,26.97
2007-09-11,27.22
2007-09-12,27.2
2007-09-13,27.48
2007-09-14,27.53
2007-09-17,27.29
2007-09-18,28.18
2007-09-19,28.48
2007-09-20,28.24
2007-09-21,28.43
2007-09-24,28.16
2007-09-25,28.27
2007-09-26,28.47
2007-09-27,28.59
2007-09-28,28.75
2007-10-01,29.12
2007-10-02,28.88
2007-10-03,28.69
2007-10-04,28.78
2007-10-05,29.1
2007-10-08,29.05
2007-10-09,29.32
2007-10-10,29.0
2007-10-11,28.79
2007-10-12,28.92
2007-10-15,28.69
2007-10-16,28.57
2007-10-17,28.64
2007-10-18,28.72
2007-10-19,27.92
2007-10-22,28.03
2007-10-23,28.22
2007-10-24,28.13
2007-10-25,28.18
2007-10-26,28.2
2007-10-29,28.38
2007-10-30,28.13
2007-10-31,28.38
2007-11-01,27.89
2007-11-02,28.15
2007-11-05,28.03
2007-11-06,28.47
2007-11-07,27.78
2007-11-08,27.79
2007-11-09,27.24
2007-11-12,26.94
2007-11-13,27.63
2007-11-14,27.54
2007-11-15,27.15
2007-11-16,27.16
2007-11-19,26.77
2007-11-20,26.81
2007-11-21,26.36
2007-11-23,26.71
2007-11-26,26.29
2007-11-27,26.82
2007-11-28,27.47
2007-11-29,27.47
2007-11-30,27.57
2007-12-03,27.29
2007-12-04,27.23
2007-12-05,27.68
2007-12-06,27.99
2007-12-07,28.2
2007-12-10,28.34
2007-12-11,27.43
2007-12-12,27.78
2007-12-13,27.92
2007-12-14,27.61
2007-12-17,27.12
2007-12-18,27.19
2007-12-19,27.1
2007-12-20,27.33
2007-12-21,27.81
2007-12-24,28.12
2007-12-26,28.01
2007-12-27,27.69
2007-12-28,27.66
2007-12-31,27.54
2008-01-02,27.08
2008-01-03,27.1
2008-01-04,26.54
2008-01-07,26.21
2008-01-08,25.63
2008-01-09,25.71
2008-01-10,26.07
2008-01-11,25.62
2008-01-14,25.94
2008-01-15,25.4
2008-01-16,25.1
2008-01-17,24.43
2008-01-18,24.39
2008-01-22,24.47
2008-01-23,25.14
2008-01-24,25.29
2008-01-25,25.17
2008-01-28,25.55
2008-01-29,25.77
2008-01-30,25.88
2008-01-31,26.02
2008-02-01,26.61
2008-02-04,26.33
2008-02-05,25.66
2008-02-06,25.62
2008-02-07,25.62
2008-02-08,25.43
2008-02-11,25.69
2008-02-12,25.95
2008-02-13,26.41
2008-02-14,26.02
2008-02-15,25.86
2008-02-19,25.98
2008-02-20,26.07
2008-02-21,25.86
2008-02-22,26.12
2008-02-25,26.33
2008-02-26,26.35
2008-02-27,26.4
2008-02-28,26.21
2008-02-29,25.49
2008-03-03,25.86
2008-03-04,25.56
2008-03-05,25.9
2008-03-06,25.41
2008-03-07,25.04
2008-03-10,24.64
2008-03-11,25.48
2008-03-12,25.43
2008-03-13,25.78
2008-03-14,25.37
2008-03-17,25.24
2008-03-18,26.57
2008-03-19,25.6
2008-03-20,25.87
2008-03-24,26.46
2008-03-25,26.62
2008-03-26,26.41
2008-03-27,26.12
2008-03-28,26.02
2008-03-31,26.42
2008-04-01,27.02
2008-04-02,27.14
2008-04-03,27.02
2008-04-04,27.12
2008-04-07,26.95
2008-04-08,26.93
2008-04-09,26.67
2008-04-10,26.78
2008-04-11,25.73
2008-04-14,25.74
2008-04-15,25.86
2008-04-16,26.58
2008-04-17,26.27
2008-04-18,27.06
2008-04-21,26.97
2008-04-22,26.54
2008-04-23,26.56
2008-04-24,26.73
2008-04-25,27.1
2008-04-28,27.26
2008-04-29,27.0
2008-04-30,27.19
2008-05-01,27.37
2008-05-02,27.47
2008-05-05,27.4
2008-05-06,27.51
2008-05-07,27.09
2008-05-08,27.18
2008-05-09,27.01
2008-05-12,27.44
2008-05-13,27.62
2008-05-14,27.65
2008-05-15,27.81
2008-05-16,27.74
2008-05-19,28.05
2008-05-20,27.61
2008-05-21,27.14
2008-05-22,27.08
2008-05-23,26.69
2008-05-27,26.97
2008-05-28,27.16
2008-05-29,27.26
2008-05-30,27.43
2008-06-02,27.2
2008-06-03,27.11
2008-06-04,27.0
2008-06-05,27.2
2008-06-06,26.14
2008-06-09,26.41
2008-06-10,26.25
2008-06-11,25.76
2008-06-12,25.85
2008-06-13,26.15
2008-06-16,26.01
2008-06-17,25.95
2008-06-18,25.57
2008-06-19,25.91
2008-06-20,25.47
2008-06-23,25.52
2008-06-24,25.22
2008-06-25,25.03
2008-06-26,24.62
2008-06-27,23.91
2008-06-30,24.13
2008-07-01,24.12
2008-07-02,23.38
2008-07-03,23.71
2008-07-07,23.68
2008-07-08,24.23
2008-07-09,23.55
2008-07-10,23.91
2008-07-11,23.48
2008-07-14,23.59
2008-07-15,23.12
2008-07-16,23.65
2008-07-17,24.3
2008-07-18,24.34
2008-07-21,24.36
2008-07-22,24.66
2008-07-23,24.85
2008-07-24,24.23
2008-07-25,24.46
2008-07-28,23.9
2008-07-29,24.8
2008-07-30,25.09
2008-07-31,24.32
2008-08-01,24.3
2008-08-04,24.2
2008-08-05,24.87
2008-08-06,25.35
2008-08-07,24.5
2008-08-08,25.34
2008-08-11,25.4
2008-08-12,25.16
2008-08-13,25.06
2008-08-14,25.16
2008-08-15,25.3
2008-08-18,25.01
2008-08-19,24.7
2008-08-20,24.5
2008-08-21,24.56
2008-08-22,25.04
2008-08-25,24.65
2008-08-26,24.64
2008-08-27,24.72
2008-08-28,25.27
2008-08-29,24.99
2008-09-02,25.0
2008-09-03,24.81
2008-09-04,23.96
2008-09-05,23.96
2008-09-08,24.34
2008-09-09,23.62
2008-09-10,23.72
2008-09-11,24.27
2008-09-12,24.2
2008-09-15,23.23
2008-09-16,23.3
2008-09-17,22.52
2008-09-18,22.98
2008-09-19,23.62
2008-09-22,23.0
2008-09-23,22.49
2008-09-24,22.44
2008-09-25,22.62
2008-09-26,22.52
2008-09-29,21.76
2008-09-30,21.97
2008-10-01,21.45
2008-10-02,20.17
2008-10-03,19.85
2008-10-06,19.33
2008-10-07,18.69
2008-10-08,18.4
2008-10-09,17.35
2008-10-10,16.8
2008-10-13,18.59
2008-10-14,18.59
2008-10-15,16.84
2008-10-16,17.18
2008-10-17,16.81
2008-10-20,17.64
2008-10-21,17.49
2008-10-22,16.68
2008-10-23,16.72
2008-10-24,15.76
2008-10-27,15.15
2008-10-28,16.71
2008-10-29,16.78
2008-10-30,17.39
2008-10-31,17.97
2008-11-03,17.66
2008-11-04,18.43
2008-11-05,17.66
2008-11-06,16.83
2008-11-07,17.0
2008-11-10,17.01
2008-11-11,16.63
2008-11-12,15.84
2008-11-13,16.69
2008-11-14,15.98
2008-11-17,15.66
2008-11-18,15.67
2008-11-19,14.66
2008-11-20,14.27
2008-11-21,14.69
2008-11-24,15.43
2008-11-25,15.65
2008-11-26,16.14
2008-11-28,16.49
2008-12-01,15.13
2008-12-02,15.83
2008-12-03,16.1
2008-12-04,15.78
2008-12-05,16.17
2008-12-08,16.59
2008-12-09,16.3
2008-12-10,16.56
2008-12-11,15.85
2008-12-12,15.89
2008-12-15,15.88
2008-12-16,16.67
2008-12-17,16.67
2008-12-18,16.09
2008-12-19,16.27
2008-12-22,16.01
2008-12-23,15.96
2008-12-24,16.07
2008-12-26,16.19
2008-12-29,15.88
2008-12-30,16.48
2008-12-31,16.87
2009-01-02,17.49
2009-01-05,17.35
2009-01-06,17.74
2009-01-07,16.94
2009-01-08,17.11
2009-01-09,16.73
2009-01-12,16.37
2009-01-13,16.09
2009-01-14,15.49
2009-01-15,15.63
2009-01-16,15.72
2009-01-20,14.99
2009-01-21,15.37
2009-01-22,15.32
2009-01-23,14.86
2009-01-26,15.03
2009-01-27,15.31
2009-01-28,15.75
2009-01-29,15.17
2009-01-30,14.85
2009-02-02,14.51
2009-02-03,14.78
2009-02-04,14.7
2009-02-05,14.87
2009-02-06,15.23
2009-02-09,15.52
2009-02-10,14.7
2009-02-11,14.82
2009-02-12,14.65
2009-02-13,14.65
2009-02-17,13.91
2009-02-18,13.93
2009-02-19,13.62
2009-02-20,13.41
2009-02-23,12.9
2009-02-24,13.18
2009-02-25,12.86
2009-02-26,12.64
2009-02-27,12.32
2009-03-02,11.51
2009-03-03,11.43
2009-03-04,11.74
2009-03-05,11.29
2009-03-06,11.17
2009-03-09,11.07
2009-03-10,11.9
2009-03-11,12.02
2009-03-12,12.41
2009-03-13,12.43
2009-03-16,12.56
2009-03-17,12.93
2009-03-18,13.18
2009-03-19,13.05
2009-03-20,12.65
2009-03-23,13.57
2009-03-24,13.46
2009-03-25,13.57
2009-03-26,14.29
2009-03-27,14.02
2009-03-30,13.33
2009-03-31,13.41
2009-04-01,13.7
2009-04-02,14.44
2009-04-03,14.45
2009-04-06,14.49
2009-04-07,14.07
2009-04-08,14.2
2009-04-09,14.9
2009-04-13,14.94
2009-04-14,14.72
2009-04-15,14.86
2009-04-16,15.36
2009-04-17,15.35
2009-04-20,14.68
2009-04-21,15.03
2009-04-22,15.27
2009-04-23,15.43
2009-04-24,15.75
2009-04-27,15.44
2009-04-28,15.26
2009-04-29,15.77
2009-04-30,15.83
2009-05-01,16.0
2009-05-04,16.53
2009-05-05,16.58
2009-05-06,16.84
2009-05-07,16.5
2009-05-08,17.1
2009-05-11,16.59
2009-05-12,16.41
2009-05-13,15.73
2009-05-14,15.85
2009-05-15,15.86
2009-05-18,16.44
2009-05-19,16.31
2009-05-20,16.33
2009-05-21,15.83
2009-05-22,15.78
2009-05-26,16.35
2009-05-27,15.82
2009-05-28,15.97
2009-05-29,16.36
2009-06-01,17.11
2009-06-02,17.14
2009-06-03,16.81
2009-06-04,17.11
2009-06-05,17.26
2009-06-08,17.3
2009-06-09,17.27
2009-06-10,17.16
2009-06-11,17.13
2009-06-12,17.16
2009-06-15,16.63
2009-06-16,16.33
2009-06-17,16.21
2009-06-18,16.22
2009-06-19,16.26
2009-06-22,15.71
2009-06-23,15.57
2009-06-24,15.67
2009-06-25,16.15
2009-06-26,16.09
2009-06-29,16.25
2009-06-30,16.08
2009-07-01,16.15
2009-07-02,15.64
2009-07-06,15.65
2009-07-07,15.11
2009-07-08,15.05
2009-07-09,15.19
2009-07-10,15.17
2009-07-13,15.56
2009-07-14,15.79
2009-07-15,16.28
2009-07-16,16.58
2009-07-17,16.39
2009-07-20,16.72
2009-07-21,16.72
2009-07-22,16.77
2009-07-23,17.13
2009-07-24,17.14
2009-07-27,17.24
2009-07-28,17.22
2009-07-29,17.14
2009-07-30,17.42
2009-07-31,17.49
2009-08-03,17.87
2009-08-04,18.0
2009-08-05,17.85
2009-08-06,17.95
2009-08-07,18.39
2009-08-10,18.22
2009-08-11,17.98
2009-08-12,18.29
2009-08-13,18.37
2009-08-14,18.11
2009-08-17,17.57
2009-08-18,17.79
2009-08-19,17.84
2009-08-20,18.06
2009-08-21,18.52
2009-08-24,18.56
2009-08-25,18.66
2009-08-26,18.47
2009-08-27,18.64
2009-08-28,18.54
2009-08-31,18.32
2009-09-01,18.01
2009-09-02,17.94
2009-09-03,18.17
2009-09-04,18.53
2009-09-08,18.69
2009-09-09,19.01
2009-09-10,19.17
2009-09-11,19.29
2009-09-14,19.48
2009-09-15,19.71
2009-09-16,19.96
2009-09-17,20.0
2009-09-18,19.88
2009-09-21,19.76
2009-09-22,20.0
2009-09-23,19.83
2009-09-24,19.51
2009-09-25,19.23
2009-09-28,19.63
2009-09-29,19.59
2009-09-30,19.39
2009-10-01,18.9
2009-10-02,18.66
2009-10-05,19.04
2009-10-06,19.23
2009-10-07,19.15
2009-10-08,19.49
2009-10-09,19.54
2009-10-12,19.51
2009-10-13,19.52
2009-10-14,20.09
2009-10-15,20.06
2009-10-16,19.92
2009-10-19,20.13
2009-10-20,19.99
2009-10-21,19.85
2009-10-22,19.99
2009-10-23,19.64
2009-10-26,19.48
2009-10-27,19.22
2009-10-28,18.82
2009-10-29,19.27
2009-10-30,18.62
2009-11-02,18.83
2009-11-03,19.15
2009-11-04,19.12
2009-11-05,19.61
2009-11-06,19.79
2009-11-09,20.29
2009-11-10,20.17
2009-11-11,20.32
2009-11-12,20.09
2009-11-13,20.24
2009-11-16,20.71
2009-11-17,20.67
2009-11-18,20.56
2009-11-19,20.25
2009-11-20,20.21
2009-11-23,20.58
2009-11-24,20.41
2009-11-25,20.58
2009-11-27,20.18
2009-11-30,20.25
2009-12-01,20.58
2009-12-02,20.52
2009-12-03,20.43
2009-12-04,20.74
2009-12-07,20.66
2009-12-08,20.35
2009-12-09,20.44
2009-12-10,20.53
2009-12-11,20.74
2009-12-14,21.02
2009-12-15,20.96
2009-12-16,20.87
2009-12-17,20.64
2009-12-18,20.63
2009-12-21,20.79
2009-12-22,20.81
2009-12-23,20.85
2009-12-24,20.93
2009-12-28,20.89
2009-12-29,20.95
2009-12-30,20.85
2009-12-31,20.59
2010-01-04,20.98
2010-01-05,21.06
2010-01-06,21.1
2010-01-07,21.33
2010-01-08,21.67
2010-01-11,21.91
2010-01-12,21.73
2010-01-13,21.82
2010-01-14,21.82
2010-01-15,21.54
2010-01-19,21.77
2010-01-20,21.44
2010-01-21,20.94
2010-01-22,20.63
2010-01-25,20.76
2010-01-26,20.67
2010-01-27,20.73
2010-01-28,20.49
2010-01-29,20.29
2010-02-01,20.59
2010-02-02,20.98
2010-02-03,20.86
2010-02-04,20.24
2010-02-05,20.15
2010-02-08,19.93
2010-02-09,20.31
2010-02-10,20.29
2010-02-11,20.59
2010-02-12,20.43
2010-02-16,20.91
2010-02-17,21.09
2010-02-18,21.28
2010-02-19,21.38
2010-02-22,21.4
2010-02-23,21.12
2010-02-24,21.34
2010-02-25,21.29
2010-02-26,21.37
2010-03-01,21.65
2010-03-02,21.69
2010-03-03,21.72
2010-03-04,21.82
2010-03-05,22.15
2010-03-08,22.05
2010-03-09,22.23
2010-03-10,22.27
2010-03-11,22.35
2010-03-12,22.5
2010-03-15,22.5
2010-03-16,22.8
2010-03-17,22.84
2010-03-18,23.0
2010-03-19,22.9
2010-03-22,22.97
2010-03-23,23.23
2010-03-24,23.07
2010-03-25,23.05
2010-03-26,23.11
2010-03-29,23.32
2010-03-30,23.36
2010-03-31,23.22
2010-04-01,23.37
2010-04-05,23.54
2010-04-06,23.55
2010-04-07,23.42
2010-04-08,23.49
2010-04-09,23.63
2010-04-12,23.68
2010-04-13,23.71
2010-04-14,24.02
2010-04-15,24.25
2010-04-16,23.86
2010-04-19,23.81
2010-04-20,24.09
2010-04-21,24.25
2010-04-22,24.47
2010-04-23,24.62
2010-04-26,24.67
2010-04-27,24.08
2010-04-28,24.25
2010-04-29,24.8
2010-04-30,24.21
2010-05-03,24.7
2010-05-04,23.92
2010-05-05,23.61
2010-05-06,22.83
2010-05-07,22.32
2010-05-10,23.6
2010-05-11,23.54
2010-05-12,24.06
2010-05-13,23.69
2010-05-14,23.19
2010-05-17,23.13
2010-05-18,22.84
2010-05-19,22.55
2010-05-20,21.57
2010-05-21,21.87
2010-05-24,21.54
2010-05-25,21.53
2010-05-26,21.57
2010-05-27,22.3
2010-05-28,22.01
2010-06-01,21.51
2010-06-02,22.07
2010-06-03,22.18
2010-06-04,21.14
2010-06-07,20.59
2010-06-08,20.81
2010-06-09,20.81
2010-06-10,21.61
2010-06-11,21.69
2010-06-14,21.66
2010-06-15,22.32
2010-06-16,22.26
2010-06-17,22.32
2010-06-18,22.41
2010-06-21,22.45
2010-06-22,21.9
2010-06-23,21.82
2010-06-24,21.44
2010-06-25,21.61
2010-06-28,21.46
2010-06-29,20.63
2010-06-30,20.49
2010-07-01,20.43
2010-07-02,20.18
2010-07-06,20.22
2010-07-07,20.92
2010-07-08,21.19
2010-07-09,21.4
2010-07-12,21.28
2010-07-13,21.66
2010-07-14,21.7
2010-07-15,21.69
2010-07-16,20.97
2010-07-19,21.09
2010-07-20,21.42
2010-07-21,21.37
2010-07-22,22.02
2010-07-23,22.46
2010-07-26,22.83
2010-07-27,22.67
2010-07-28,22.61
2010-07-29,22.54
2010-07-30,22.63
2010-08-02,23.08
2010-08-03,22.96
2010-08-04,23.16
2010-08-05,23.17
2010-08-06,23.05
2010-08-09,23.17
2010-08-10,23.01
2010-08-11,22.15
2010-08-12,21.99
2010-08-13,21.96
2010-08-16,21.92
2010-08-17,22.3
2010-08-18,22.38
2010-08-19,21.9
2010-08-20,21.79
2010-08-23,21.55
2010-08-24,21.11
2010-08-25,21.07
2010-08-26,21.04
2010-08-27,21.47
2010-08-30,21.14
2010-08-31,21.06
2010-09-01,21.9
2010-09-02,22.17
2010-09-03,22.51
2010-09-07,22.3
2010-09-08,22.53
2010-09-09,22.51
2010-09-10,22.71
2010-09-13,22.94
2010-09-14,22.87
2010-09-15,22.87
2010-09-16,22.84
2010-09-17,23.05
2010-09-20,23.4
2010-09-21,23.44
2010-09-22,23.32
2010-09-23,22.98
2010-09-24,23.61
2010-09-27,23.46
2010-09-28,23.59
2010-09-29,23.58
2010-09-30,23.49
2010-10-01,23.51
2010-10-04,23.26
2010-10-05,23.89
2010-10-06,24.03
2010-10-07,23.98
2010-10-08,24.18
2010-10-11,24.11
2010-10-12,24.1
2010-10-13,24.49
2010-10-14,24.35
2010-10-15,24.2
2010-10-18,24.19
2010-10-19,23.86
2010-10-20,24.2
2010-10-21,24.4
2010-10-22,24.39
2010-10-25,24.47
2010-10-26,24.36
2010-10-27,24.18
2010-10-28,24.13
2010-10-29,24.16
2010-11-01,24.16
2010-11-02,24.4
2010-11-03,24.43
2010-11-04,24.95
2010-11-05,25.1
2010-11-08,25.0
2010-11-09,24.77
2010-11-10,24.76
2010-11-11,24.62
2010-11-12,24.34
2010-11-15,24.41
2010-11-16,24.02
2010-11-17,24.04
2010-11-18,24.52
2010-11-19,24.6
2010-11-22,24.55
2010-11-23,24.21
2010-11-24,24.76
2010-11-26,24.55
2010-11-29,24.55
2010-11-30,24.49
2010-12-01,25.12
2010-12-02,25.51
2010-12-03,25.56
2010-12-06,25.54
2010-12-07,25.61
2010-12-08,25.52
2010-12-09,25.6
2010-12-10,25.83
2010-12-13,25.85
2010-12-14,25.97
2010-12-15,25.86
2010-12-16,26.15
2010-12-17,26.07
2010-12-20,26.06
2010-12-21,26.27
2010-12-22,26.33
2010-12-23,26.28
2010-12-27,26.32
2010-12-28,26.31
2010-12-29,26.33
2010-12-30,26.29
2010-12-31,26.32
2011-01-03,26.51
2011-01-04,26.47
2011-01-05,26.6
2011-01-06,26.56
2011-01-07,26.61
2011-01-10,26.65
2011-01-11,26.75
2011-01-12,26.97
2011-01-13,27.0
2011-01-14,27.1
2011-01-18,27.3
2011-01-19,27.01
2011-01-20,26.88
2011-01-21,27.09
2011-01-24,27.35
2011-01-25,27.32
2011-01-26,27.48
2011-01-27,27.58
2011-01-28,27.04
2011-01-31,27.35
2011-02-01,27.74
2011-02-02,27.65
2011-02-03,27.66
2011-02-04,27.76
2011-02-07,28.02
2011-02-08,28.21
2011-02-09,28.2
2011-02-10,28.35
2011-02-11,28.57
2011-02-14,28.54
2011-02-15,28.43
2011-02-16,28.57
2011-02-17,28.63
2011-02-18,28.71
2011-02-22,27.88
2011-02-23,27.39
2011-02-24,27.55
2011-02-25,27.8
2011-02-28,27.93
2011-03-01,27.34
2011-03-02,27.47
2011-03-03,28.14
2011-03-04,27.8
2011-03-07,27.55
2011-03-08,27.98
2011-03-09,27.92
2011-03-10,27.35
2011-03-11,27.68
2011-03-14,27.44
2011-03-15,27.18
2011-03-16,26.68
2011-03-17,27.09
2011-03-18,27.27
2011-03-21,27.87
2011-03-22,27.65
2011-03-23,27.74
2011-03-24,28.02
2011-03-25,28.12
2011-03-28,28.1
2011-03-29,28.33
2011-03-30,28.44
2011-03-31,28.55
2011-04-01,28.79
2011-04-04,28.83
2011-04-05,28.72
2011-04-06,28.75
2011-04-07,28.62
2011-04-08,28.37
2011-04-11,28.34
2011-04-12,28.13
2011-04-13,28.05
2011-04-14,28.05
2011-04-15,28.15
2011-04-18,27.74
2011-04-19,27.99
2011-04-20,28.44
2011-04-21,28.52
2011-04-25,28.44
2011-04-26,28.99
2011-04-27,29.12
2011-04-28,29.21
2011-04-29,29.34
2011-05-02,29.29
2011-05-03,29.17
2011-05-04,28.74
2011-05-05,28.61
2011-05-06,28.86
2011-05-09,28.98
2011-05-10,29.24
2011-05-11,28.85
2011-05-12,28.91
2011-05-13,28.56
2011-05-16,28.46
2011-05-17,28.07
2011-05-18,28.45
2011-05-19,28.63
2011-05-20,28.33
2011-05-23,27.93
2011-05-24,27.78
2011-05-25,28.02
2011-05-26,28.13
2011-05-27,28.27
2011-05-31,28.52
2011-06-01,27.59
2011-06-02,27.74
2011-06-03,27.36
2011-06-06,27.17
2011-06-07,27.15
2011-06-08,26.92
2011-06-09,27.12
2011-06-10,26.69
2011-06-13,26.7
2011-06-14,27.21
2011-06-15,26.8
2011-06-16,26.89
2011-06-17,27.01
2011-06-20,27.24
2011-06-21,27.67
2011-06-22,27.52
2011-06-23,27.45
2011-06-24,27.14
2011-06-27,27.36
2011-06-28,27.78
2011-06-29,27.93
2011-06-30,28.37
2011-07-01,28.88
2011-07-05,28.72
2011-07-06,28.87
2011-07-07,29.18
2011-07-08,28.81
2011-07-11,28.28
2011-07-12,28.0
2011-07-13,28.12
2011-07-14,27.81
2011-07-15,27.84
2011-07-18,27.52
2011-07-19,27.88
2011-07-20,27.93
2011-07-21,28.35
2011-07-22,28.06
2011-07-25,28.04
2011-07-26,27.52
2011-07-27,26.78
2011-07-28,26.55
2011-07-29,26.42
2011-08-01,26.25
2011-08-02,25.34
2011-08-03,25.57
2011-08-04,24.19
2011-08-05,24.19
2011-08-08,22.49
2011-08-09,23.6
2011-08-10,22.4
2011-08-11,23.46
2011-08-12,23.92
2011-08-15,24.28
2011-08-16,23.94
2011-08-17,23.86
2011-08-18,22.54
2011-08-19,22.19
2011-08-22,22.27
2011-08-23,23.06
2011-08-24,23.52
2011-08-25,23.08
2011-08-26,23.56
2011-08-29,24.31
2011-08-30,24.51
2011-08-31,24.68
2011-09-01,24.28
2011-09-02,23.5
2011-09-06,23.26
2011-09-07,23.98
2011-09-08,23.62
2011-09-09,22.99
2011-09-12,23.04
2011-09-13,23.46
2011-09-14,23.87
2011-09-15,24.36
2011-09-16,24.49
2011-09-19,24.26
2011-09-20,24.08
2011-09-21,23.09
2011-09-22,22.22
2011-09-23,22.45
2011-09-26,23.02
2011-09-27,23.43
2011-09-28,22.83
2011-09-29,23.16
2011-09-30,22.38
2011-10-03,21.76
2011-10-04,22.36
2011-10-05,22.84
2011-10-06,23.3
2011-10-07,23.24
2011-10-10,24.05
2011-10-11,24.12
2011-10-12,24.43
2011-10-13,24.22
2011-10-14,24.66
2011-10-17,23.95
2011-10-18,24.64
2011-10-19,24.35
2011-10-20,24.55
2011-10-21,25.03
2011-10-24,25.49
2011-10-25,24.97
2011-10-26,25.15
2011-10-27,26.24
2011-10-28,26.24
2011-10-31,25.6
2011-11-01,24.83
2011-11-02,25.32
2011-11-03,25.94
2011-11-04,25.74
2011-11-07,25.8
2011-11-08,26.09
2011-11-09,25.08
2011-11-10,25.39
2011-11-11,25.99
2011-11-14,25.83
2011-11-15,25.98
2011-11-16,25.6
2011-11-17,25.16
2011-11-18,25.22
2011-11-21,24.64
2011-11-22,24.48
2011-11-23,23.91
2011-11-25,23.87
2011-11-28,24.67
2011-11-29,24.7
2011-11-30,25.96
2011-12-01,25.88
2011-12-02,25.82
2011-12-05,26.1
2011-12-06,26.09
2011-12-07,26.08
2011-12-08,25.44
2011-12-09,26.02
2011-12-12,25.55
2011-12-13,25.21
2011-12-14,24.91
2011-12-15,25.09
2011-12-16,25.19
2011-12-19,24.93
2011-12-20,25.79
2011-12-21,25.8
2011-12-22,26.04
2011-12-23,26.29
2011-12-27,26.28
2011-12-28,25.87
2011-12-29,26.19
2011-12-30,26.03
2012-01-03,26.6
2012-01-04,26.72
2012-01-05,26.73
2012-01-06,26.68
2012-01-09,26.88
2012-01-10,27.26
2012-01-11,27.35
2012-01-12,27.59
2012-01-13,27.37
2012-01-17,27.51
2012-01-18,27.75
2012-01-19,28.05
2012-01-20,27.89
2012-01-23,27.86
2012-01-24,27.89
2012-01-25,28.19
2012-01-26,28.14
2012-01-27,28.12
2012-01-30,28.02
2012-01-31,27.93
2012-02-01,28.23
2012-02-02,28.25
2012-02-03,28.73
2012-02-06,28.66
2012-02-07,28.63
2012-02-08,28.7
2012-02-09,28.77
2012-02-10,28.51
2012-02-13,28.86
2012-02-14,28.76
2012-02-15,28.38
2012-02-16,28.64
2012-02-17,28.75
2012-02-21,28.85
2012-02-22,28.82
2012-02-23,28.91
2012-02-24,28.9
2012-02-27,28.93
2012-02-28,28.89
2012-02-29,28.71
2012-03-01,28.81
2012-03-02,28.64
2012-03-05,28.44
2012-03-06,27.8
2012-03-07,28.09
2012-03-08,28.49
2012-03-09,28.55
2012-03-12,28.54
2012-03-13,29.14
2012-03-14,29.07
2012-03-15,29.41
2012-03-16,29.43
2012-03-19,29.43
2012-03-20,29.09
2012-03-21,29.07
2012-03-22,28.74
2012-03-23,28.79
2012-03-26,29.22
2012-03-27,29.12
2012-03-28,28.85
2012-03-29,28.86
2012-03-30,28.99
2012-04-02,29.18
2012-04-03,28.97
2012-04-04,28.76
2012-04-05,28.64
2012-04-09,28.18
2012-04-10,27.61
2012-04-11,27.92
2012-04-12,28.51
2012-04-13,28.15
2012-04-16,28.23
2012-04-17,28.69
2012-04-18,28.57
2012-04-19,28.25
2012-04-20,28.49
2012-04-23,28.17
2012-04-24,28.54
2012-04-25,28.6
2012-04-26,28.77
2012-04-27,28.95
2012-04-30,28.67
2012-05-01,28.76
2012-05-02,28.77
2012-05-03,28.54
2012-05-04,28.12
2012-05-07,28.05
2012-05-08,27.98
2012-05-09,27.65
2012-05-10,27.69
2012-05-11,27.64
2012-05-14,27.32
2012-05-15,27.18
2012-05-16,27.15
2012-05-17,26.57
2012-05-18,26.44
2012-05-21,27.02
2012-05-22,27.13
2012-05-23,27.27
2012-05-24,27.24
2012-05-25,27.06
2012-05-29,27.42
2012-05-30,26.96
2012-05-31,26.86
2012-06-01,26.12
2012-06-04,25.85
2012-06-05,25.92
2012-06-06,26.61
2012-06-07,26.76
2012-06-08,26.96
2012-06-11,26.61
2012-06-12,27.04
2012-06-13,26.77
2012-06-14,26.98
2012-06-15,27.21
2012-06-18,27.28
2012-06-19,27.64
2012-06-20,27.49
2012-06-21,26.96
2012-06-22,27.05
2012-06-25,26.55
2012-06-26,26.6
2012-06-27,26.86
2012-06-28,26.83
2012-06-29,27.77
2012-07-02,27.53
2012-07-03,27.81
2012-07-05,27.78
2012-07-06,27.41
2012-07-09,27.39
2012-07-10,26.95
2012-07-11,26.73
2012-07-12,26.63
2012-07-13,27.14
2012-07-16,26.96
2012-07-17,27.07
2012-07-18,27.58
2012-07-19,27.71
2012-07-20,27.37
2012-07-23,27.23
2012-07-24,26.93
2012-07-25,27.02
2012-07-26,27.43
2012-07-27,28.03
2012-07-30,27.95
2012-07-31,27.88
2012-08-01,27.69
2012-08-02,27.55
2012-08-03,28.15
2012-08-06,28.15
2012-08-07,28.44
2012-08-08,28.4
2012-08-09,28.42
2012-08-10,28.55
2012-08-13,28.49
2012-08-14,28.45
2012-08-15,28.51
2012-08-16,28.8
2012-08-17,28.94
2012-08-20,28.88
2012-08-21,28.82
2012-08-22,28.68
2012-08-23,28.44
2012-08-24,28.58
2012-08-27,28.49
2012-08-28,28.38
2012-08-29,28.37
2012-08-30,28.13
2012-08-31,28.3
2012-09-04,28.01
2012-09-05,27.93
2012-09-06,28.56
2012-09-07,28.8
2012-09-10,28.62
2012-09-11,28.77
2012-09-12,28.89
2012-09-13,29.22
2012-09-14,29.39
2012-09-17,29.25
2012-09-18,29.26
2012-09-19,29.33
2012-09-20,29.05
2012-09-21,28.97
2012-09-24,28.97
2012-09-25,28.58
2012-09-26,28.47
2012-09-27,28.74
2012-09-28,28.62
2012-10-01,28.75
2012-10-02,28.71
2012-10-03,28.86
2012-10-04,29.02
2012-10-05,29.11
2012-10-08,29.04
2012-10-09,28.71
2012-10-10,28.44
2012-10-11,28.53
2012-10-12,28.56
2012-10-15,28.75
2012-10-16,29.06
2012-10-17,29.23
2012-10-18,29.32
2012-10-19,28.82
2012-10-22,28.75
2012-10-23,28.46
2012-10-24,28.28
2012-10-25,28.43
2012-10-26,28.46
2012-10-31,28.59
2012-11-01,29.1
2012-11-02,28.86
2012-11-05,29.01
2012-11-06,29.33
2012-11-07,28.64
2012-11-08,28.34
2012-11-09,28.42
2012-11-12,28.5
2012-11-13,28.42
2012-11-14,27.75
2012-11-15,27.75
2012-11-16,27.83
2012-11-19,28.35
2012-11-20,28.38
2012-11-21,28.42
2012-11-23,28.79
2012-11-26,28.81
2012-11-27,28.75
2012-11-28,28.99
2012-11-29,29.15
2012-11-30,29.09
2012-12-03,28.78
2012-12-04,28.89
2012-12-05,29.19
2012-12-06,29.18
2012-12-07,29.37
2012-12-10,29.52
2012-12-11,29.58
2012-12-12,29.63
2012-12-13,29.54
2012-12-14,29.47
2012-12-17,29.75
2012-12-18,30.13
2012-12-19,29.97
2012-12-20,30.13
2012-12-21,29.94
2012-12-24,29.85
2012-12-26,29.75
2012-12-27,29.7
2012-12-28,29.38
2012-12-31,29.91
2013-01-02,30.63
2013-01-03,30.65
2013-01-04,30.87
2013-01-07,30.74
2013-01-08,30.5
2013-01-09,30.81
2013-01-10,30.96
2013-01-11,30.85
2013-01-14,30.97
2013-01-15,31.06
2013-01-16,30.93
2013-01-17,31.26
2013-01-18,31.51
2013-01-22,31.64
2013-01-23,31.65
2013-01-24,31.84
2013-01-25,31.94
2013-01-28,31.96
2013-01-29,32.03
2013-01-30,31.74
2013-01-31,31.63
2013-02-01,31.94
2013-02-04,31.66
2013-02-05,31.96
2013-02-06,31.96
2013-02-07,31.92
2013-02-08,32.05
2013-02-11,32.03
2013-02-12,32.17
2013-02-13,32.34
2013-02-14,32.39
2013-02-15,32.41
2013-02-19,32.64
2013-02-20,32.22
2013-02-21,31.98
2013-02-22,32.23
2013-02-25,31.57
2013-02-26,31.76
2013-02-27,32.36
2013-02-28,32.33
2013-03-01,32.28
2013-03-04,32.22
2013-03-05,32.67
2013-03-06,32.67
2013-03-07,32.7
2013-03-08,33.01
2013-03-11,33.12
2013-03-12,32.93
2013-03-13,33.08
2013-03-14,33.24
2013-03-15,33.27
2013-03-18,33.06
2013-03-19,33.03
2013-03-20,33.07
2013-03-21,32.74
2013-03-22,32.99
2013-03-25,32.7
2013-03-26,32.86
2013-03-27,32.86
2013-03-28,33.1
2013-04-01,32.7
2013-04-02,32.59
2013-04-03,32.4
2013-04-04,32.54
2013-04-05,32.48
2013-04-08,32.67
2013-04-09,32.77
2013-04-10,33.2
2013-04-11,33.29
2013-04-12,33.1
2013-04-15,32.09
2013-04-16,32.53
2013-04-17,31.99
2013-04-18,31.85
2013-04-19,32.01
2013-04-22,32.05
2013-04-23,32.28
2013-04-24,32.61
2013-04-25,32.78
2013-04-26,32.68
2013-04-29,32.85
2013-04-30,32.86
2013-05-01,32.43
2013-05-02,32.83
2013-05-03,33.39
2013-05-06,33.61
2013-05-07,33.92
2013-05-08,34.13
2013-05-09,34.13
2013-05-10,34.23
2013-05-13,34.1
2013-05-14,34.52
2013-05-15,34.66
2013-05-16,34.49
2013-05-17,35.01
2013-05-20,35.11
2013-05-21,35.16
2013-05-22,34.85
2013-05-23,34.76
2013-05-24,34.65
2013-05-28,34.83
2013-05-29,34.63
2013-05-30,34.84
2013-05-31,34.5
2013-06-03,34.67
2013-06-04,34.48
2013-06-05,33.85
2013-06-06,34.07
2013-06-07,34.71
2013-06-10,34.61
2013-06-11,34.29
2013-06-12,34.05
2013-06-13,34.55
2013-06-14,34.32
2013-06-17,34.59
2013-06-18,35.0
2013-06-19,34.46
2013-06-20,33.68
2013-06-21,33.7
2013-06-24,33.14
2013-06-25,33.51
2013-06-26,33.84
2013-06-27,34.17
2013-06-28,33.97
2013-07-01,34.31
2013-07-02,33.95
2013-07-03,33.96
2013-07-05,34.5
2013-07-08,34.59
2013-07-09,35.08
2013-07-10,35.07
2013-07-11,35.63
2013-07-12,35.41
2013-07-15,35.54
2013-07-16,35.35
2013-07-17,35.45
2013-07-18,35.81
2013-07-19,36.18
2013-07-22,36.2
2013-07-23,36.18
2013-07-24,35.9
2013-07-25,35.92
2013-07-26,35.8
2013-07-29,35.7
2013-07-30,35.85
2013-07-31,35.98
2013-08-01,36.59
2013-08-02,36.66
2013-08-05,36.52
2013-08-06,36.25
2013-08-07,36.19
2013-08-08,36.36
2013-08-09,36.24
2013-08-12,36.29
2013-08-13,36.45
2013-08-14,36.19
2013-08-15,35.79
2013-08-16,35.84
2013-08-19,35.64
2013-08-20,35.71
2013-08-21,35.46
2013-08-22,35.95
2013-08-23,35.96
2013-08-26,35.88
2013-08-27,35.15
2013-08-28,35.18
2013-08-29,35.29
2013-08-30,35.09
2013-09-03,35.31
2013-09-04,35.67
2013-09-05,35.76
2013-09-06,35.74
2013-09-09,36.19
2013-09-10,36.71
2013-09-11,36.86
2013-09-12,36.71
2013-09-13,36.82
2013-09-16,37.29
2013-09-17,37.45
2013-09-18,37.92
2013-09-19,38.05
2013-09-20,37.59
2013-09-23,37.47
2013-09-24,37.6
2013-09-25,37.43
2013-09-26,37.6
2013-09-27,37.36
2013-09-30,37.15
2013-10-01,37.38
2013-10-02,37.2
2013-10-03,36.79
2013-10-04,37.03
2013-10-07,36.78
2013-10-08,36.36
2013-10-09,36.35
2013-10-10,37.28
2013-10-11,37.46
2013-10-14,37.6
2013-10-15,37.23
2013-10-16,37.47
2013-10-17,37.76
2013-10-18,38.17
2013-10-21,38.27
2013-10-22,38.52
2013-10-23,38.54
2013-10-24,38.83
2013-10-25,39.03
2013-10-28,38.97
2013-10-29,39.08
2013-10-30,38.91
2013-10-31,38.91
2013-11-01,39.19
2013-11-04,39.34
2013-11-05,39.3
2013-11-06,39.41
2013-11-07,38.99
2013-11-08,39.52
2013-11-11,39.49
2013-11-12,39.51
2013-11-13,39.74
2013-11-14,39.89
2013-11-15,40.03
2013-11-18,40.09
2013-11-19,39.8
2013-11-20,39.63
2013-11-21,39.95
2013-11-22,40.3
2013-11-25,40.21
2013-11-26,40.29
2013-11-27,40.45
2013-11-29,40.34
2013-12-02,40.17
2013-12-03,39.83
2013-12-04,39.67
2013-12-05,39.68
2013-12-06,40.29
2013-12-09,40.4
2013-12-10,40.31
2013-12-11,39.67
2013-12-12,39.71
2013-12-13,39.83
2013-12-16,40.21
2013-12-17,40.19
2013-12-18,40.87
2013-12-19,40.91
2013-12-20,41.24
2013-12-23,41.4
2013-12-24,41.59
2013-12-26,41.88
2013-12-27,41.83
2013-12-30,41.79
2013-12-31,42.04
2014-01-02,41.45
2014-01-03,41.57
2014-01-06,41.32
2014-01-07,41.58
2014-01-08,41.51
2014-01-09,41.71
2014-01-10,41.78
2014-01-13,41.27
2014-01-14,41.7
2014-01-15,42.0
2014-01-16,41.9
2014-01-17,41.69
2014-01-21,41.73
2014-01-22,41.86
2014-01-23,41.36
2014-01-24,40.07
2014-01-27,40.11
2014-01-28,40.49
2014-01-29,40.05
2014-01-30,40.45
2014-01-31,40.25
2014-02-03,39.13
2014-02-04,39.38
2014-02-05,39.36
2014-02-06,39.91
2014-02-07,40.6
2014-02-10,40.34
2014-02-11,40.79
2014-02-12,41.03
2014-02-13,41.06
2014-02-14,41.32
2014-02-18,41.29
2014-02-19,40.91
2014-02-20,41.29
2014-02-21,41.34
2014-02-24,41.65
2014-02-25,41.52
2014-02-26,41.56
2014-02-27,41.8
2014-02-28,41.88
2014-03-03,41.6
2014-03-04,42.2
2014-03-05,42.26
2014-03-06,42.5
2014-03-07,42.64
2014-03-10,42.45
2014-03-11,42.15
2014-03-12,42.06
2014-03-13,41.47
2014-03-14,41.31
2014-03-17,41.82
2014-03-18,42.04
2014-03-19,41.61
2014-03-20,41.73
2014-03-21,41.73
2014-03-24,41.59
2014-03-25,41.97
2014-03-26,41.55
2014-03-27,41.49
2014-03-28,41.8
2014-03-31,42.28
2014-04-01,42.58
2014-04-02,42.88
2014-04-03,42.94
2014-04-04,42.45
2014-04-07,41.84
2014-04-08,41.84
2014-04-09,42.38
2014-04-10,41.54
2014-04-11,41.13
2014-04-14,41.36
2014-04-15,41.65
2014-04-16,42.29
2014-04-17,42.62
2014-04-21,42.74
2014-04-22,42.77
2014-04-23,42.93
2014-04-24,42.85
2014-04-25,42.43
2014-04-28,42.45
2014-04-29,42.56
2014-04-30,42.85
2014-05-01,42.74
2014-05-02,42.68
2014-05-05,42.77
2014-05-06,42.44
2014-05-07,42.81
2014-05-08,42.8
2014-05-09,42.83
2014-05-12,43.47
2014-05-13,43.54
2014-05-14,43.22
2014-05-15,42.84
2014-05-16,42.89
2014-05-19,43.06
2014-05-20,42.49
2014-05-21,42.91
2014-05-22,42.99
2014-05-23,43.27
2014-05-27,43.49
2014-05-28,43.52
2014-05-29,43.7
2014-05-30,43.67
2014-06-02,43.86
2014-06-03,43.81
2014-06-04,43.8
2014-06-05,44.24
2014-06-06,44.69
2014-06-09,44.91
2014-06-10,44.81
2014-06-11,44.48
2014-06-12,43.88
2014-06-13,44.03
2014-06-16,43.99
2014-06-17,44.11
2014-06-18,44.36
2014-06-19,44.47
2014-06-20,44.66
2014-06-23,44.4
2014-06-24,43.95
2014-06-25,43.99
2014-06-26,43.96
2014-06-27,44.06
2014-06-30,43.88
2014-07-01,44.15
2014-07-02,44.07
2014-07-03,44.44
2014-07-07,44.12
2014-07-08,43.82
2014-07-09,43.89
2014-07-10,43.63
2014-07-11,43.89
2014-07-14,44.14
2014-07-15,44.16
2014-07-16,44.35
2014-07-17,43.66
2014-07-18,44.02
2014-07-21,44.0
2014-07-22,44.16
2014-07-23,43.98
2014-07-24,43.77
2014-07-25,43.66
2014-07-28,43.44
2014-07-29,42.9
2014-07-30,42.94
2014-07-31,42.07
2014-08-01,42.03
2014-08-04,42.17
2014-08-05,41.92
2014-08-06,41.71
2014-08-07,41.75
2014-08-08,42.34
2014-08-11,42.51
2014-08-12,42.42
2014-08-13,42.83
2014-08-14,43.02
2014-08-15,42.93
2014-08-18,43.58
2014-08-19,43.68
2014-08-20,44.15
2014-08-21,44.1
2014-08-22,43.95
2014-08-25,44.12
2014-08-26,43.97
2014-08-27,43.95
2014-08-28,43.89
2014-08-29,43.85
2014-09-02,43.99
2014-09-03,43.93
2014-09-04,43.95
2014-09-05,44.1
2014-09-08,44.06
2014-09-09,43.92
2014-09-10,43.95
2014-09-11,43.97
2014-09-12,43.82
2014-09-15,43.8
2014-09-16,44.05
2014-09-17,44.22
2014-09-18,44.43
2014-09-19,44.39
2014-09-22,43.89
2014-09-23,43.53
2014-09-24,43.76
2014-09-25,43.07
2014-09-26,43.47
2014-09-29,43.41
2014-09-30,43.34
2014-10-01,42.53
2014-10-02,42.48
2014-10-03,43.06
2014-10-06,42.93
2014-10-07,41.88
2014-10-08,42.63
2014-10-09,41.65
2014-10-10,41.03
2014-10-13,40.4
2014-10-14,40.96
2014-10-15,40.86
2014-10-16,41.17
2014-10-17,41.98
2014-10-20,42.1
2014-10-21,43.04
2014-10-22,42.48
2014-10-23,43.42
2014-10-24,43.8
2014-10-27,43.78
2014-10-28,44.56
2014-10-29,44.4
2014-10-30,44.58
2014-10-31,45.02
2014-11-03,44.97
2014-11-04,44.94
2014-11-05,45.22
2014-11-06,45.69
2014-11-07,45.76
2014-11-10,45.98
2014-11-11,45.93
2014-11-12,45.99
2014-11-13,45.86
2014-11-14,45.92
2014-11-17,45.85
2014-11-18,46.2
2014-11-19,46.06
2014-11-20,46.18
2014-11-21,46.63
2014-11-24,46.75
2014-11-25,46.89
2014-11-26,46.8
2014-11-28,46.41
2014-12-01,45.81
2014-12-02,46.2
2014-12-03,46.82
2014-12-04,46.59
2014-12-05,46.69
2014-12-08,46.18
2014-12-09,46.19
2014-12-10,45.31
2014-12-11,45.53
2014-12-12,44.7
2014-12-15,44.56
2014-12-16,44.6
2014-12-17,45.01
2014-12-18,46.15
2014-12-19,46.41
2014-12-22,46.85
2014-12-23,47.02
2014-12-24,47.07
2014-12-26,47.07
2014-12-29,47.14
2014-12-30,46.87
2014-12-31,46.4
2015-01-02,46.34
2015-01-05,45.26
2015-01-06,44.7
2015-01-07,45.04
2015-01-08,45.94
2015-01-09,45.45
2015-01-12,45.14
2015-01-13,45.05
2015-01-14,44.8
2015-01-15,44.59
2015-01-16,44.88
2015-01-20,45.2
2015-01-21,45.57
2015-01-22,46.3
2015-01-23,45.91
2015-01-26,45.97
2015-01-27,45.37
2015-01-28,44.97
2015-01-29,45.49
2015-01-30,44.75
2015-02-02,45.41
2015-02-03,46.15
2015-02-04,45.8
2015-02-05,46.19
2015-02-06,46.09
2015-02-09,45.96
2015-02-10,46.22
2015-02-11,46.23
2015-02-12,46.67
2015-02-13,46.88
2015-02-17,46.95
2015-02-18,47.21
2015-02-19,47.29
2015-02-20,47.69
2015-02-23,47.49
2015-02-24,47.68
2015-02-25,47.58
2015-02-26,47.37
2015-02-27,47.14
2015-03-02,47.58
2015-03-03,47.28
2015-03-04,46.91
2015-03-05,46.94
2015-03-06,46.3
2015-03-09,46.73
2015-03-10,45.87
2015-03-11,45.82
2015-03-12,46.42
2015-03-13,45.99
2015-03-16,46.75
2015-03-17,46.56
2015-03-18,47.11
2015-03-19,46.79
2015-03-20,47.06
2015-03-23,46.66
2015-03-24,46.5
2015-03-25,45.71
2015-03-26,45.59
2015-03-27,45.76
2015-03-30,46.41
2015-03-31,45.94
2015-04-01,45.64
2015-04-02,45.66
2015-04-06,46.01
2015-04-07,45.9
2015-04-08,46.06
2015-04-09,46.28
2015-04-10,46.93
2015-04-13,46.49
2015-04-14,46.55
2015-04-15,46.63
2015-04-16,46.53
2015-04-17,45.97
2015-04-20,46.5
2015-04-21,46.45
2015-04-22,46.64
2015-04-23,46.6
2015-04-24,46.4
2015-04-27,46.38
2015-04-28,46.46
2015-04-29,46.23
2015-04-30,45.83
2015-05-01,46.41
2015-05-04,46.48
2015-05-05,45.85
2015-05-06,45.83
2015-05-07,46.07
2015-05-08,46.61
2015-05-11,46.57
2015-05-12,46.52
2015-05-13,46.62
2015-05-14,47.09
2015-05-15,47.05
2015-05-18,47.14
2015-05-19,47.01
2015-05-20,46.83
2015-05-21,47.09
2015-05-22,46.88
2015-05-26,46.36
2015-05-27,46.66
2015-05-28,46.44
2015-05-29,45.98
2015-06-01,46.18
2015-06-02,46.27
2015-06-03,46.5
2015-06-04,45.99
2015-06-05,46.02
2015-06-08,45.68
2015-06-09,45.67
2015-06-10,46.13
2015-06-11,46.39
2015-06-12,46.12
2015-06-15,45.73
2015-06-16,45.77
2015-06-17,45.9
2015-06-18,46.36
2015-06-19,46.13
2015-06-22,46.41
2015-06-23,46.3
2015-06-24,45.87
2015-06-25,45.51
2015-06-26,45.59
2015-06-29,44.73
2015-06-30,44.76
2015-07-01,44.98
2015-07-02,44.9
2015-07-06,44.72
2015-07-07,45.09
2015-07-08,44.28
2015-07-09,44.38
2015-07-10,44.85
2015-07-13,45.34
2015-07-14,45.47
2015-07-15,45.28
2015-07-16,45.49
2015-07-17,45.47
2015-07-20,45.48
2015-07-21,44.99
2015-07-22,44.79
2015-07-23,44.38
2015-07-24,43.8
2015-07-27,43.58
2015-07-28,44.43
2015-07-29,44.97
2015-07-30,44.93
2015-07-31,44.89
2015-08-03,44.67
2015-08-04,44.65
2015-08-05,44.9
2015-08-06,44.67
2015-08-07,44.45
2015-08-10,45.32
2015-08-11,44.77
2015-08-12,44.77
2015-08-13,44.74
2015-08-14,45.02
2015-08-17,45.25
2015-08-18,45.16
2015-08-19,44.74
2015-08-20,43.81
2015-08-21,42.6
2015-08-24,41.09
2015-08-25,40.55
2015-08-26,41.82
2015-08-27,42.83
2015-08-28,42.84
2015-08-31,42.46
2015-09-01,41.34
2015-09-02,42.26
2015-09-03,42.28
2015-09-04,41.69
2015-09-08,42.84
2015-09-09,42.39
2015-09-10,42.41
2015-09-11,42.65
2015-09-14,42.43
2015-09-15,43.17
2015-09-16,43.48
2015-09-17,43.29
2015-09-18,42.34
2015-09-21,42.54
2015-09-22,41.93
2015-09-23,41.64
2015-09-24,41.38
2015-09-25,41.46
2015-09-28,40.65
2015-09-29,40.91
2015-09-30,41.53
2015-10-01,41.44
2015-10-02,41.96
2015-10-05,43.15
2015-10-06,43.11
2015-10-07,43.68
2015-10-08,44.28
2015-10-09,44.43
2015-10-12,44.44
2015-10-13,43.97
2015-10-14,43.49
2015-10-15,43.97
2015-10-16,43.74
2015-10-19,43.8
2015-10-20,44.09
2015-10-21,44.1
2015-10-22,45.33
2015-10-23,45.5
2015-10-26,45.4
2015-10-27,44.9
2015-10-28,45.26
2015-10-29,45.23
2015-10-30,45.17
2015-11-02,45.7
2015-11-03,45.73
2015-11-04,45.61
2015-11-05,45.66
2015-11-06,45.66
2015-11-09,45.32
2015-11-10,45.31
2015-11-11,45.37
2015-11-12,44.75
2015-11-13,44.55
2015-11-16,45.12
2015-11-17,45.03
2015-11-18,45.66
2015-11-19,45.86
2015-11-20,46.09
2015-11-23,45.86
2015-11-24,45.78
2015-11-25,45.78
2015-11-27,45.86
2015-11-30,45.56
2015-12-01,45.78
2015-12-02,45.32
2015-12-03,44.75
2015-12-04,45.41
2015-12-07,45.19
2015-12-08,44.47
2015-12-09,44.33
2015-12-10,44.54
2015-12-11,43.79
2015-12-14,43.95
2015-12-15,43.96
2015-12-16,44.74
2015-12-17,44.0
2015-12-18,43.33
2015-12-21,43.66
2015-12-22,44.27
2015-12-23,44.79
2015-12-24,44.77
2015-12-28,44.67
2015-12-29,45.1
2015-12-30,44.72
2015-12-31,44.39
2016-01-04,43.8
2016-01-05,43.92
2016-01-06,43.24
2016-01-07,42.06
2016-01-08,41.64
2016-01-11,41.66
2016-01-12,42.0
2016-01-13,40.98
2016-01-14,41.47
2016-01-15,40.74
2016-01-19,40.73
2016-01-20,40.21
2016-01-21,40.38
2016-01-22,40.73
2016-01-25,40.23
2016-01-26,40.99
2016-01-27,40.53
2016-01-28,40.77
2016-01-29,41.86
2016-02-01,41.76
2016-02-02,40.93
2016-02-03,41.59
2016-02-04,42.31
2016-02-05,41.91
2016-02-08,41.55
2016-02-09,41.8
2016-02-10,41.59
2016-02-11,40.77
2016-02-12,41.6
2016-02-16,42.43
2016-02-17,43.09
2016-02-18,43.06
2016-02-19,42.98
2016-02-22,43.71
2016-02-23,43.27
2016-02-24,43.3
2016-02-25,43.87
2016-02-26,43.92
2016-02-29,43.65
2016-03-01,44.5
2016-03-02,44.54
2016-03-03,44.85
2016-03-04,45.04
2016-03-07,45.17
2016-03-08,44.54
2016-03-09,44.68
2016-03-10,44.61
2016-03-11,45.26
2016-03-14,45.3
2016-03-15,45.27
2016-03-16,45.43
2016-03-17,46.43
2016-03-18,46.83
2016-03-21,47.1
2016-03-22,46.83
2016-03-23,46.53
2016-03-24,46.4
2016-03-28,46.41
2016-03-29,46.72
2016-03-30,46.8
2016-03-31,46.69
2016-04-01,46.91
2016-04-04,46.38
2016-04-05,46.09
2016-04-06,46.32
2016-04-07,45.87
2016-04-08,46.05
2016-04-11,46.07
2016-04-12,46.34
2016-04-13,47.03
2016-04-14,47.11
2016-04-15,47.18
2016-04-18,47.22
2016-04-19,47.56
2016-04-20,47.48
2016-04-21,47.36
2016-04-22,47.48
2016-04-25,47.26
2016-04-26,47.68
2016-04-27,48.01
2016-04-28,47.55
2016-04-29,47.27
2016-05-02,47.52
2016-05-03,47.13
2016-05-04,46.55
2016-05-05,46.52
2016-05-06,46.83
2016-05-09,46.62
2016-05-10,47.42
2016-05-11,47.03
2016-05-12,46.93
2016-05-13,46.34
2016-05-16,46.91
2016-05-17,46.68
2016-05-18,46.52
2016-05-19,46.09
2016-05-20,46.32
2016-05-23,46.24
2016-05-24,46.72
2016-05-25,47.04
2016-05-26,46.9
2016-05-27,47.08
2016-05-31,47.07
2016-06-01,47.11
2016-06-02,47.17
2016-06-03,47.13
2016-06-06,47.57
2016-06-07,47.8
2016-06-08,48.11
2016-06-09,48.1
2016-06-10,47.53
2016-06-13,47.02
2016-06-14,47.03
2016-06-15,47.04
2016-06-16,47.13
2016-06-17,47.17
2016-06-20,47.6
2016-06-21,47.57
2016-06-22,47.43
2016-06-23,47.98
2016-06-24,46.03
2016-06-27,44.94
2016-06-28,45.7
2016-06-29,46.52
2016-06-30,47.41
2016-07-01,47.56
2016-07-05,47.13
2016-07-06,47.36
2016-07-07,47.49
2016-07-08,48.44
2016-07-11,48.74
2016-07-12,49.19
2016-07-13,49.31
2016-07-14,49.68
2016-07-15,49.67
2016-07-18,49.63
2016-07-19,49.66
2016-07-20,49.75
2016-07-21,49.24
2016-07-22,49.34
2016-07-25,49.07
2016-07-26,49.48
2016-07-27,49.28
2016-07-28,49.27
2016-07-29,49.12
2016-08-01,49.06
2016-08-02,48.61
2016-08-03,48.84
2016-08-04,48.86
2016-08-05,49.35
2016-08-08,49.42
2016-08-09,49.4
2016-08-10,49.38
2016-08-11,49.7
2016-08-12,49.56
2016-08-15,49.89
2016-08-16,49.67
2016-08-17,49.82
2016-08-18,49.97
2016-08-19,49.95
2016-08-22,49.91
2016-08-23,49.95
2016-08-24,49.8
2016-08-25,49.79
2016-08-26,49.65
2016-08-29,50.0
2016-08-30,49.87
2016-08-31,49.59
2016-09-01,49.63
2016-09-02,49.88
2016-09-06,49.73
2016-09-07,49.79
2016-09-08,49.75
2016-09-09,48.35
2016-09-12,48.96
2016-09-13,48.24
2016-09-14,48.2
2016-09-15,48.58
2016-09-16,48.18
2016-09-19,48.39
2016-09-20,48.43
2016-09-21,49.06
2016-09-22,49.41
2016-09-23,49.12
2016-09-26,48.91
2016-09-27,49.25
2016-09-28,49.63
2016-09-29,49.24
2016-09-30,49.68
2016-10-03,49.72
2016-10-04,49.31
2016-10-05,49.62
2016-10-06,49.62
2016-10-07,48.98
2016-10-10,49.03
2016-10-11,48.52
2016-10-12,48.62
2016-10-13,48.6
2016-10-14,48.7
2016-10-17,48.58
2016-10-18,48.68
2016-10-19,48.83
2016-10-20,48.57
2016-10-21,48.5
2016-10-24,48.59
2016-10-25,48.46
2016-10-26,48.63
2016-10-27,48.3
2016-10-28,48.59
2016-10-31,48.69
2016-11-01,48.27
2016-11-02,48.09
2016-11-03,48.01
2016-11-04,48.06
2016-11-07,49.24
2016-11-08,49.54
2016-11-09,50.78
2016-11-10,51.86
2016-11-11,51.95
2016-11-14,52.17
2016-11-15,52.37
2016-11-16,52.07
2016-11-17,52.18
2016-11-18,52.17
2016-11-21,52.45
2016-11-22,52.69
2016-11-23,53.08
2016-11-25,53.37
2016-11-28,53.0
2016-11-29,53.04
2016-11-30,53.11
2016-12-01,53.46
2016-12-02,53.45
2016-12-05,53.41
2016-12-06,53.51
2016-12-07,54.51
2016-12-08,54.2
2016-12-09,54.45
2016-12-12,54.25
2016-12-13,54.17
2016-12-14,53.63
2016-12-15,53.69
2016-12-16,53.58
2016-12-19,53.88
2016-12-20,54.19
2016-12-21,53.98
2016-12-22,53.88
2016-12-23,53.93
2016-12-27,54.04
2016-12-28,53.48
2016-12-29,53.46
2016-12-30,53.27
2017-01-03,53.59
2017-01-04,53.91
2017-01-05,53.75
2017-01-06,54.06
2017-01-09,53.64
2017-01-10,53.86
2017-01-11,54.15
2017-01-12,53.92
2017-01-13,54.13
2017-01-17,53.71
2017-01-18,53.92
2017-01-19,54.31
2017-01-20,54.32
2017-01-23,54.02
2017-01-24,54.56
2017-01-25,55.13
2017-01-26,55.26
2017-01-27,55.22
2017-01-30,54.75
2017-01-31,54.27
2017-02-01,54.17
2017-02-02,54.07
2017-02-03,54.47
2017-02-06,54.55
2017-02-07,54.64
2017-02-08,54.57
2017-02-09,54.99
2017-02-10,55.42
2017-02-13,55.98
2017-02-14,56.0
2017-02-15,56.3
2017-02-16,56.32
2017-02-17,56.42
2017-02-21,56.7
2017-02-22,56.54
2017-02-23,56.18
2017-02-24,56.42
2017-02-27,56.62
2017-02-28,56.39
2017-03-01,57.34
2017-03-02,56.72
2017-03-03,56.78
2017-03-06,56.65
2017-03-07,56.48
2017-03-08,56.29
2017-03-09,56.03
2017-03-10,56.37
2017-03-13,56.34
2017-03-14,55.81
2017-03-15,56.44
2017-03-16,56.18
2017-03-17,56.49
2017-03-20,56.39
2017-03-21,55.53
2017-03-22,55.73
2017-03-23,55.65
2017-03-24,55.5
2017-03-27,55.3
2017-03-28,55.89
2017-03-29,55.88
2017-03-30,56.19
2017-03-31,55.96
2017-04-03,55.84
2017-04-04,55.98
2017-04-05,55.8
2017-04-06,55.96
2017-04-07,56.02
2017-04-10,56.16
2017-04-11,56.23
2017-04-12,55.46
2017-04-13,55.06
2017-04-17,55.67
2017-04-18,55.49
2017-04-19,55.54
2017-04-20,56.21
2017-04-21,56.26
2017-04-24,57.06
2017-04-25,57.33
2017-04-26,57.34
2017-04-27,57.33
2017-04-28,57.06
2017-05-01,56.89
2017-05-02,57.16
2017-05-03,57.21
2017-05-04,57.27
2017-05-05,57.56
2017-05-08,57.4
2017-05-09,57.48
2017-05-10,57.36
2017-05-11,57.34
2017-05-12,57.03
2017-05-15,57.29
2017-05-16,57.23
2017-05-17,56.09
2017-05-18,56.16
2017-05-19,56.9
2017-05-22,57.34
2017-05-23,57.46
2017-05-24,57.53
2017-05-25,57.91
2017-05-26,57.98
2017-05-30,57.96
2017-05-31,58.07
2017-06-01,58.44
2017-06-02,58.67
2017-06-05,58.46
2017-06-06,58.07
2017-06-07,58.0
2017-06-08,58.19
2017-06-09,58.41
2017-06-12,58.62
2017-06-13,58.87
2017-06-14,58.81
2017-06-15,59.16
2017-06-16,59.35
2017-06-19,59.71
2017-06-20,59.08
2017-06-21,58.68
2017-06-22,58.56
2017-06-23,58.77
2017-06-26,58.79
2017-06-27,58.35
2017-06-28,58.88
2017-06-29,58.38
2017-06-30,58.86
2017-07-03,59.22
2017-07-05,59.39
2017-07-06,58.88
2017-07-07,59.33
2017-07-10,59.51
2017-07-11,59.46
2017-07-12,59.78
2017-07-13,59.74
2017-07-14,60.0
2017-07-17,59.97
2017-07-18,59.83
2017-07-19,59.89
2017-07-20,59.55
2017-07-21,59.44
2017-07-24,59.31
2017-07-25,59.23
2017-07-26,59.31
2017-07-27,58.97
2017-07-28,59.11
2017-07-31,59.03
2017-08-01,58.86
2017-08-02,59.12
2017-08-03,59.41
2017-08-04,59.52
2017-08-07,59.52
2017-08-08,59.34
2017-08-09,59.36
2017-08-10,58.61
2017-08-11,58.64
2017-08-14,59.26
2017-08-15,59.13
2017-08-16,59.29
2017-08-17,58.26
2017-08-18,58.03
2017-08-21,58.12
2017-08-22,58.79
2017-08-23,58.24
2017-08-24,58.06
2017-08-25,58.33
2017-08-28,58.3
2017-08-29,58.72
2017-08-30,58.96
2017-08-31,59.16
2017-09-01,59.21
2017-09-05,58.62
2017-09-06,58.68
2017-09-07,58.8
2017-09-08,59.0
2017-09-11,59.51
2017-09-12,59.79
2017-09-13,59.71
2017-09-14,59.99
2017-09-15,60.24
2017-09-18,60.58
2017-09-19,60.64
2017-09-20,61.08
2017-09-21,61.26
2017-09-22,61.42
2017-09-25,61.42
2017-09-26,61.42
2017-09-27,61.49
2017-09-28,61.45
2017-09-29,61.64
2017-10-02,62.06
2017-10-03,62.33
2017-10-04,62.31
2017-10-05,62.46
2017-10-06,62.45
2017-10-09,62.28
2017-10-10,62.38
2017-10-11,62.34
2017-10-12,62.67
2017-10-13,62.56
2017-10-16,62.63
2017-10-17,62.46
2017-10-18,62.49
2017-10-19,62.66
2017-10-20,63.34
2017-10-23,62.94
2017-10-24,63.3
2017-10-25,62.67
2017-10-26,62.76
2017-10-27,62.78
2017-10-30,62.35
2017-10-31,62.1
2017-11-01,62.06
2017-11-02,62.42
2017-11-03,62.36
2017-11-06,62.39
2017-11-07,62.49
2017-11-08,62.38
2017-11-09,61.6
2017-11-10,61.69
2017-11-13,61.48
2017-11-14,61.32
2017-11-15,60.97
2017-11-16,61.54
2017-11-17,61.2
2017-11-20,61.48
2017-11-21,61.92
2017-11-22,61.99
2017-11-24,61.99
2017-11-27,62.1
2017-11-28,63.04
2017-11-29,63.6
2017-11-30,64.68
2017-12-01,63.89
2017-12-04,64.42
2017-12-05,63.88
2017-12-06,63.97
2017-12-07,64.56
2017-12-08,64.84
2017-12-11,64.71
2017-12-12,64.78
2017-12-13,65.03
2017-12-14,64.59
2017-12-15,65.04
2017-12-18,65.51
2017-12-19,65.52
2017-12-20,65.74
2017-12-21,65.8
2017-12-22,65.81
2017-12-26,65.88
2017-12-27,66.04
2017-12-28,66.17
2017-12-29,66.05
2018-01-02,66.44
2018-01-03,66.8
2018-01-04,67.29
2018-01-05,67.75
2018-01-08,68.03
2018-01-09,68.47
2018-01-10,68.46
2018-01-11,69.33
2018-01-12,69.98
2018-01-16,69.35
2018-01-17,69.73
2018-01-18,69.36
2018-01-19,69.56
2018-01-22,69.56
2018-01-23,69.59
2018-01-24,69.53
2018-01-25,69.6
2018-01-26,70.4
2018-01-29,69.93
2018-01-30,69.38
2018-01-31,69.59
2018-02-01,69.47
2018-02-02,68.07
2018-02-05,64.98
2018-02-06,66.17
2018-02-07,66.29
2018-02-08,63.74
2018-02-09,64.42
2018-02-12,65.46
2018-02-13,65.61
2018-02-14,66.44
2018-02-15,67.44
2018-02-16,67.46
2018-02-20,66.78
2018-02-21,66.8
2018-02-22,67.24
2018-02-23,67.8
2018-02-26,68.74
2018-02-27,67.87
2018-02-28,66.9
2018-03-01,65.59
2018-03-02,65.58
2018-03-05,66.36
2018-03-06,66.66
2018-03-07,66.65
2018-03-08,67.0
2018-03-09,68.47
2018-03-12,67.63
2018-03-13,67.3
2018-03-14,66.56
2018-03-15,66.76
2018-03-16,67.11
2018-03-19,66.59
2018-03-20,66.82
2018-03-21,66.9
2018-03-22,64.69
2018-03-23,63.75
2018-03-26,65.29
2018-03-27,64.39
2018-03-28,64.17
2018-03-29,65.11
2018-04-02,63.76
2018-04-03,64.65
2018-04-04,64.93
2018-04-05,65.59
2018-04-06,63.77
2018-04-09,63.58
2018-04-10,64.55
2018-04-11,64.08
2018-04-12,65.0
2018-04-13,64.84
2018-04-16,65.49
2018-04-17,66.04
2018-04-18,66.73
2018-04-19,66.54
2018-04-20,66.25
2018-04-23,66.17
2018-04-24,64.33
2018-04-25,64.51
2018-04-26,64.27
2018-04-27,64.14
2018-04-30,63.29
2018-05-01,63.0
2018-05-02,62.45
2018-05-03,62.6
2018-05-04,63.33
2018-05-07,63.75
2018-05-08,64.2
2018-05-09,64.89
2018-05-10,65.33
2018-05-11,65.47
2018-05-14,65.36
2018-05-15,65.14
2018-05-16,65.38
2018-05-17,65.63
2018-05-18,66.02
2018-05-21,67.02
2018-05-22,66.19
2018-05-23,66.13
2018-05-24,66.45
2018-05-25,66.33
2018-05-29,65.27
2018-05-30,66.19
2018-05-31,65.24
2018-06-01,65.96
2018-06-04,65.86
2018-06-05,65.94
2018-06-06,66.49
2018-06-07,66.77
2018-06-08,66.99
2018-06-11,67.12
2018-06-12,67.05
2018-06-13,66.52
2018-06-14,66.26
2018-06-15,66.1
2018-06-18,65.82
2018-06-19,64.43
2018-06-20,64.48
2018-06-21,63.67
2018-06-22,63.89
2018-06-25,63.08
2018-06-26,63.32
2018-06-27,62.81
2018-06-28,62.89
2018-06-29,63.03
2018-07-02,63.17
2018-07-03,62.96
2018-07-05,63.27
2018-07-06,63.49
2018-07-09,64.67
2018-07-10,64.87
2018-07-11,63.81
2018-07-12,64.56
2018-07-13,64.89
2018-07-16,64.63
2018-07-17,64.88
2018-07-18,65.59
2018-07-19,65.57
2018-07-20,65.5
2018-07-23,65.09
2018-07-24,65.37
2018-07-25,66.36
2018-07-26,66.87
2018-07-27,66.88
2018-07-30,66.22
2018-07-31,67.68
2018-08-01,66.77
2018-08-02,66.68
2018-08-03,66.74
2018-08-06,66.84
2018-08-07,67.31
2018-08-08,67.01
2018-08-09,66.64
2018-08-10,66.05
2018-08-13,65.74
2018-08-14,66.19
2018-08-15,65.88
2018-08-16,66.71
2018-08-17,67.12
2018-08-20,67.57
2018-08-21,68.07
2018-08-22,67.41
2018-08-23,67.21
2018-08-24,67.5
2018-08-27,68.36
2018-08-28,68.22
2018-08-29,68.27
2018-08-30,67.79
2018-08-31,67.84
2018-09-04,67.79
2018-09-05,68.27
2018-09-06,68.48
2018-09-07,68.27
2018-09-10,68.62
2018-09-11,68.6
2018-09-12,68.82
2018-09-13,69.23
2018-09-14,69.57
2018-09-17,69.6
2018-09-18,70.23
2018-09-19,70.17
2018-09-20,70.28
2018-09-21,70.73
2018-09-24,69.52
2018-09-25,69.31
2018-09-26,69.26
2018-09-27,69.36
2018-09-28,69.32
2018-10-01,69.93
2018-10-02,70.08
2018-10-03,70.38
2018-10-04,70.15
2018-10-05,69.78
2018-10-08,69.96
2018-10-09,68.88
2018-10-10,66.66
2018-10-11,64.9
2018-10-12,65.34
2018-10-15,65.46
2018-10-16,66.57
2018-10-17,66.08
2018-10-18,64.94
2018-10-19,64.7
2018-10-22,64.48
2018-10-23,63.42
2018-10-24,61.27
2018-10-25,61.7
2018-10-26,61.09
2018-10-29,60.08
2018-10-30,61.31
2018-10-31,61.78
2018-11-01,62.87
2018-11-02,62.76
2018-11-05,63.09
2018-11-06,63.75
2018-11-07,64.79
2018-11-08,64.68
2018-11-09,64.03
2018-11-12,62.76
2018-11-13,63.05
2018-11-14,62.84
2018-11-15,63.67
2018-11-16,63.65
2018-11-19,62.64
2018-11-20,61.34
2018-11-21,61.77
2018-11-23,61.65
2018-11-26,62.1
2018-11-27,62.0
2018-11-28,63.48
2018-11-29,63.52
2018-11-30,64.13
2018-12-03,64.88
2018-12-04,62.12
2018-12-06,61.77
2018-12-07,60.15
2018-12-10,60.3
2018-12-11,59.94
2018-12-12,60.28
2018-12-13,60.11
2018-12-14,59.28
2018-12-17,58.31
2018-12-18,58.6
2018-12-19,57.49
2018-12-20,56.44
2018-12-21,55.38
2018-12-24,53.68
2018-12-26,56.18
2018-12-27,56.88
2018-12-28,56.73
2018-12-31,57.3
2019-01-02,57.59
2019-01-03,55.84
2019-01-04,57.96
2019-01-07,58.43
2019-01-08,59.23
2019-01-09,59.63
2019-01-10,60.44
2019-01-11,60.38
2019-01-14,60.37
2019-01-15,60.18
2019-01-16,60.24
2019-01-17,61.28
2019-01-18,62.44
2019-01-22,61.15
2019-01-23,61.24
2019-01-24,61.55
2019-01-25,62.33
2019-01-28,61.74
2019-01-29,62.59
2019-01-30,63.57
2019-01-31,63.85
2019-02-01,63.94
2019-02-04,64.77
2019-02-05,65.33
2019-02-06,65.35
2019-02-07,64.9
2019-02-08,65.0
2019-02-11,65.35
2019-02-12,66.36
2019-02-13,66.75
2019-02-14,66.44
2019-02-15,67.33
2019-02-19,67.31
2019-02-20,67.63
2019-02-21,67.35
2019-02-22,67.8
2019-02-25,68.06
2019-02-26,67.88
2019-02-27,68.14
2019-02-28,67.91
2019-03-01,67.97
2019-03-04,67.67
2019-03-05,67.24
2019-03-06,66.6
2019-03-07,66.2
2019-03-08,66.07
2019-03-11,66.63
2019-03-12,66.08
2019-03-13,66.66
2019-03-14,66.43
2019-03-15,66.2
2019-03-18,66.84
2019-03-19,66.6
2019-03-20,66.15
2019-03-21,66.78
2019-03-22,65.27
2019-03-25,65.42
2019-03-26,65.86
2019-03-27,65.93
2019-03-28,66.41
2019-03-29,67.13
2019-04-01,68.52
2019-04-02,68.49
2019-04-03,68.28
2019-04-04,68.71
2019-04-05,68.9
2019-04-08,68.61
2019-04-09,67.68
2019-04-10,67.66
2019-04-11,68.24
2019-04-12,69.14
2019-04-15,68.76
2019-04-16,69.18
2019-04-17,69.27
2019-04-18,70.07
2019-04-22,69.85
2019-04-23,70.46
2019-04-24,70.25
2019-04-25,68.84
2019-04-26,69.36
2019-04-29,69.52
2019-04-30,69.8
2019-05-01,69.34
2019-05-02,69.3
2019-05-03,70.15
2019-05-06,69.47
2019-05-07,68.07
2019-05-08,68.07
2019-05-09,67.97
2019-05-10,68.24
2019-05-13,66.3
2019-05-14,66.99
2019-05-15,67.08
2019-05-16,67.69
2019-05-17,66.94
2019-05-20,66.77
2019-05-21,67.56
2019-05-22,67.01
2019-05-23,65.99
2019-05-24,66.01
2019-05-28,65.4
2019-05-29,65.11
2019-05-30,65.36
2019-05-31,64.46
2019-06-03,64.9
2019-06-04,66.45
2019-06-05,67.09
2019-06-06,67.21
2019-06-07,67.75
2019-06-10,67.84
2019-06-11,67.26
2019-06-12,67.4
2019-06-13,67.74
2019-06-14,67.47
2019-06-17,67.24
2019-06-18,68.54
2019-06-19,68.49
2019-06-20,69.64
2019-06-21,69.26
2019-06-24,69.13
2019-06-25,68.61
2019-06-26,68.78
2019-06-27,68.84
2019-06-28,69.57
2019-07-01,69.63
2019-07-02,69.54
2019-07-03,69.93
2019-07-05,69.65
2019-07-08,69.08
2019-07-09,68.92
2019-07-10,68.76
2019-07-11,69.23
2019-07-12,70.44
2019-07-15,70.15
2019-07-16,70.6
2019-07-17,69.09
2019-07-18,69.22
2019-07-19,69.6
2019-07-22,69.65
2019-07-23,70.53
2019-07-24,70.84
2019-07-25,70.69
2019-07-26,70.54
2019-07-29,70.42
2019-07-30,70.72
2019-07-31,69.93
2019-08-01,68.57
2019-08-02,68.13
2019-08-05,66.25
2019-08-06,67.24
2019-08-07,67.21
2019-08-08,68.35
2019-08-09,67.77
2019-08-12,66.84
2019-08-13,67.64
2019-08-14,65.57
2019-08-15,65.5
2019-08-16,66.77
2019-08-19,67.4
2019-08-20,67.0
2019-08-21,67.41
2019-08-22,67.51
2019-08-23,65.71
2019-08-26,66.19
2019-08-27,65.85
2019-08-28,66.66
2019-08-29,67.8
2019-08-30,68.08
2019-09-03,67.15
2019-09-04,68.01
2019-09-05,69.23
2019-09-06,69.37
2019-09-09,69.58
2019-09-10,70.22
2019-09-11,70.87
2019-09-12,70.92
2019-09-13,71.3
2019-09-16,71.24
2019-09-17,71.21
2019-09-18,71.1
2019-09-19,70.74
2019-09-20,70.29
2019-09-23,70.16
2019-09-24,69.76
2019-09-25,70.21
2019-09-26,70.31
2019-09-27,70.03
2019-09-30,70.13
2019-10-01,68.45
2019-10-02,67.16
2019-10-03,67.6
2019-10-04,68.3
2019-10-07,67.96
2019-10-08,66.91
2019-10-09,67.48
2019-10-10,68.1
2019-10-11,69.38
2019-10-14,69.24
2019-10-15,69.8
2019-10-16,69.77
2019-10-17,70.11
2019-10-18,69.51
2019-10-21,69.92
2019-10-22,70.47
2019-10-23,70.46
2019-10-24,70.56
2019-10-25,71.01
2019-10-28,71.2
2019-10-29,71.44
2019-10-30,71.69
2019-10-31,70.92
2019-11-01,72.47
2019-11-04,73.31
2019-11-05,73.46
2019-11-06,73.51
2019-11-07,73.76
2019-11-08,73.86
2019-11-11,73.9
2019-11-12,73.89
2019-11-13,73.58
2019-11-14,73.81
2019-11-15,74.36
2019-11-18,74.08
2019-11-19,74.01
2019-11-20,73.43
2019-11-21,73.4
2019-11-22,73.78
2019-11-25,74.31
2019-11-26,74.53
2019-11-27,74.46
2019-11-29,74.11
2019-12-02,72.89
2019-12-03,72.1
2019-12-04,72.38
2019-12-05,72.4
2019-12-06,73.27
2019-12-09,72.99
2019-12-10,72.9
2019-12-11,73.36
2019-12-12,74.01
2019-12-13,73.81
2019-12-16,73.78
2019-12-17,73.71
2019-12-18,73.4
2019-12-19,73.6
2019-12-20,73.94
2019-12-23,74.54
2019-12-24,74.25
2019-12-26,74.42
2019-12-27,74.35
2019-12-30,74.01
2019-12-31,73.96
2020-01-02,75.36
2020-01-03,75.22
2020-01-06,75.24
2020-01-07,75.09
2020-01-08,75.34
2020-01-09,75.66
2020-01-10,75.13
2020-01-13,75.74
2020-01-14,75.75
2020-01-15,75.87
2020-01-16,76.62
2020-01-17,76.63
2020-01-21,75.79
2020-01-22,75.39
2020-01-23,76.21
2020-01-24,75.85
2020-01-27,74.42
2020-01-28,74.9
2020-01-29,75.3
2020-01-30,75.38
2020-01-31,73.64
2020-02-03,73.61
2020-02-04,75.0
2020-02-05,76.25
2020-02-06,76.5
2020-02-07,75.94
2020-02-10,76.37
2020-02-11,76.66
2020-02-12,77.38
2020-02-13,76.94
2020-02-14,76.84
2020-02-18,76.41
2020-02-19,76.38
2020-02-20,76.27
2020-02-21,75.89
2020-02-24,73.73
2020-02-25,70.72
2020-02-26,70.19
2020-02-27,67.58
2020-02-28,66.35
2020-03-02,68.68
2020-03-03,67.0
2020-03-04,69.77
2020-03-05,66.36
2020-03-06,65.77
2020-03-09,59.71
2020-03-10,62.81
2020-03-11,59.12
2020-03-12,53.0
2020-03-13,57.14
2020-03-16,50.66
2020-03-17,52.99
2020-03-18,49.09
2020-03-19,49.12
2020-03-20,46.66
2020-03-23,44.62
2020-03-24,50.27
2020-03-25,52.91
2020-03-26,56.25
2020-03-27,53.88
2020-03-30,54.67
2020-03-31,53.99
2020-04-01,51.56
2020-04-02,52.24
2020-04-03,51.55
2020-04-06,55.11
2020-04-07,54.99
2020-04-08,56.98
2020-04-09,57.84
2020-04-13,56.15
2020-04-14,57.22
2020-04-15,55.64
2020-04-16,55.14
2020-04-17,57.73
2020-04-20,56.19
2020-04-21,54.87
2020-04-22,55.44
2020-04-23,55.88
2020-04-24,56.33
2020-04-27,57.73
2020-04-28,58.81
2020-04-29,59.94
2020-04-30,58.75
2020-05-01,56.97
2020-05-04,56.25
2020-05-05,56.47
2020-05-06,55.69
2020-05-07,56.34
2020-05-08,57.74
2020-05-11,57.02
2020-05-12,55.42
2020-05-13,54.03
2020-05-14,54.59
2020-05-15,54.4
2020-05-18,57.99
2020-05-19,57.25
2020-05-20,58.32
2020-05-21,58.45
2020-05-22,58.41
2020-05-26,60.86
2020-05-27,62.89
2020-05-28,62.3
2020-05-29,61.91
2020-06-01,62.05
2020-06-02,62.85
2020-06-03,65.31
2020-06-04,66.0
2020-06-05,68.43
2020-06-08,69.8
2020-06-09,68.06
2020-06-10,66.43
2020-06-11,61.77
2020-06-12,62.96
2020-06-15,63.59
2020-06-16,64.83
2020-06-17,64.36
2020-06-18,64.13
2020-06-19,63.34
2020-06-22,63.45
2020-06-23,63.46
2020-06-24,61.25
2020-06-25,61.93
2020-06-26,60.78
2020-06-29,62.78
2020-06-30,63.13
2020-07-01,62.85
2020-07-02,63.39
2020-07-06,64.3
2020-07-07,63.07
2020-07-08,63.07
2020-07-09,61.7
2020-07-10,62.5
2020-07-13,62.76
2020-07-14,64.12
2020-07-15,65.75
2020-07-16,65.77
2020-07-17,66.17
2020-07-20,65.36
2020-07-21,66.22
2020-07-22,66.75
2020-07-23,66.55
2020-07-24,66.02
2020-07-27,66.29
2020-07-28,65.84
2020-07-29,66.84
2020-07-30,66.17
2020-07-31,65.92
2020-08-03,66.19
2020-08-04,66.36
2020-08-05,67.63
2020-08-06,67.88
2020-08-07,69.04
2020-08-10,70.74
2020-08-11,71.12
2020-08-12,71.35
2020-08-13,70.97
2020-08-14,71.25
2020-08-17,70.92
2020-08-18,70.53
2020-08-19,70.35
2020-08-20,69.97
2020-08-21,70.26
2020-08-24,71.52
2020-08-25,71.43
2020-08-26,71.47
2020-08-27,71.73
2020-08-28,72.41
2020-08-31,71.51
2020-09-01,72.23
2020-09-02,73.43
2020-09-03,71.37
2020-09-04,71.53
2020-09-08,70.19
2020-09-09,71.28
2020-09-10,70.37
2020-09-11,71.32
2020-09-14,72.29
2020-09-15,72.33
2020-09-16,73.07
2020-09-17,73.21
2020-09-18,72.4
2020-09-21,69.99
2020-09-22,70.69
2020-09-23,69.42
2020-09-24,69.52
2020-09-25,70.57
2020-09-28,71.84
2020-09-29,71.2
2020-09-30,71.02
2020-10-01,70.81
2020-10-02,71.6
2020-10-05,72.75
2020-10-06,71.87
2020-10-07,73.45
2020-10-08,74.18
2020-10-09,74.46
2020-10-12,74.88
2020-10-13,74.05
2020-10-14,74.47
2020-10-15,74.74
2020-10-16,75.28
2020-10-19,74.35
2020-10-20,74.74
2020-10-21,73.98
2020-10-22,74.59
2020-10-23,74.88
2020-10-26,73.01
2020-10-27,71.41
2020-10-28,69.07
2020-10-29,70.08
2020-10-30,69.99
2020-11-02,71.88
2020-11-03,74.01
2020-11-04,73.24
2020-11-05,74.97
2020-11-06,75.04
2020-11-09,77.6
2020-11-10,78.96
2020-11-11,78.3
2020-11-12,77.4
2020-11-13,79.12
2020-11-16,81.05
2020-11-17,80.83
2020-11-18,80.47
2020-11-19,80.68
2020-11-20,79.95
2020-11-23,81.29
2020-11-24,82.71
2020-11-25,82.08
2020-11-27,81.94
2020-11-30,81.21
2020-12-01,81.01
2020-12-02,81.12
2020-12-03,81.33
2020-12-04,82.3
2020-12-07,81.9
2020-12-08,82.3
2020-12-09,82.48
2020-12-10,81.7
2020-12-11,81.89
2020-12-14,80.83
2020-12-15,81.96
2020-12-16,81.45
2020-12-17,81.95
2020-12-18,81.96
2020-12-21,81.46
2020-12-22,81.08
2020-12-23,81.51
2020-12-24,81.52
2020-12-28,81.62
2020-12-29,81.13
2020-12-30,81.65
2020-12-31,82.03
2021-01-04,80.05
2021-01-05,80.83
2021-01-06,82.76
2021-01-07,83.22
2021-01-08,83.01
2021-01-11,82.98
2021-01-12,83.81
2021-01-13,83.09
2021-01-14,83.37
2021-01-15,82.29
2021-01-19,82.56
2021-01-20,83.07
2021-01-21,82.42
2021-01-22,81.99
2021-01-25,81.44
2021-01-26,80.69
2021-01-27,79.08
2021-01-28,80.26
2021-01-29,78.53
2021-02-01,79.34
2021-02-02,81.03
2021-02-03,81.08
2021-02-04,81.96
2021-02-05,82.44
2021-02-08,83.14
2021-02-09,83.35
2021-02-10,83.22
2021-02-11,83.05
2021-02-12,83.65
2021-02-16,83.57
2021-02-17,83.34
2021-02-18,82.92
2021-02-19,84.28
2021-02-22,84.55
2021-02-23,84.81
2021-02-24,86.41
2021-02-25,84.82
2021-02-26,83.94
2021-03-01,86.09
2021-03-02,85.84
2021-03-03,85.93
2021-03-04,84.56
2021-03-05,86.56
2021-03-08,87.47
2021-03-09,87.11
2021-03-10,88.39
2021-03-11,88.46
2021-03-12,89.64
2021-03-15,90.39
2021-03-16,89.11
2021-03-17,90.13
2021-03-18,90.05
2021-03-19,89.37
2021-03-22,89.32
2021-03-23,87.75
2021-03-24,88.4
2021-03-25,89.81
2021-03-26,91.36
2021-03-29,91.38
2021-03-30,91.78
2021-03-31,91.48
2021-04-01,91.79
2021-04-05,92.92
2021-04-06,92.7
2021-04-07,92.27
2021-04-08,92.49
2021-04-09,93.4
2021-04-12,93.74
2021-04-13,93.28
2021-04-14,93.4
2021-04-15,93.78
2021-04-16,93.98
2021-04-19,93.59
2021-04-20,92.56
2021-04-21,93.82
2021-04-22,93.35
2021-04-23,94.37
2021-04-26,94.09
2021-04-27,94.87
2021-04-28,94.68
2021-04-29,95.35
2021-04-30,94.71
2021-05-03,95.69
2021-05-04,96.11
2021-05-05,96.2
2021-05-06,96.87
2021-05-07,97.89
2021-05-10,97.99
2021-05-11,96.54
2021-05-12,94.22
2021-05-13,95.99
2021-05-14,97.32
2021-05-17,97.02
2021-05-18,95.61
2021-05-19,95.07
2021-05-20,95.28
2021-05-21,95.75
2021-05-24,96.34
2021-05-25,96.05
2021-05-26,96.36
2021-05-27,97.68
2021-05-28,97.68
2021-06-01,98.06
2021-06-02,97.78
2021-06-03,97.57
2021-06-04,97.88
2021-06-07,97.2
2021-06-08,97.46
2021-06-09,96.46
2021-06-10,95.99
2021-06-11,96.18
2021-06-14,95.75
2021-06-15,96.15
2021-06-16,95.24
2021-06-17,93.78
2021-06-18,92.56
2021-06-21,94.59
2021-06-22,94.7
2021-06-23,94.48
2021-06-24,95.22
2021-06-25,95.41
2021-06-28,94.9
2021-06-29,94.72
2021-06-30,95.45
2021-07-01,96.13
2021-07-02,96.28
2021-07-06,95.36
2021-07-07,96.31
2021-07-08,94.97
2021-07-09,96.47
2021-07-12,96.6
2021-07-13,95.67
2021-07-14,95.66
2021-07-15,95.84
2021-07-16,95.0
2021-07-19,93.01
2021-07-20,95.61
2021-07-21,96.52
2021-07-22,96.17
2021-07-23,96.58
2021-07-26,96.53
2021-07-27,96.0
2021-07-28,95.78
2021-07-29,96.53
2021-07-30,96.35
2021-08-02,95.69
2021-08-03,96.93
2021-08-04,95.62
2021-08-05,96.07
2021-08-06,96.51
2021-08-09,96.13
2021-08-10,97.11
2021-08-11,98.37
2021-08-12,98.18
2021-08-13,97.88
2021-08-16,98.21
2021-08-17,97.15
2021-08-18,96.09
2021-08-19,95.42
2021-08-20,95.67
2021-08-23,96.45
2021-08-24,96.93
2021-08-25,97.56
2021-08-26,97.13
2021-08-27,97.8
2021-08-30,97.69
2021-08-31,97.42
2021-09-01,97.05
2021-09-02,98.09
2021-09-03,97.49
2021-09-07,95.81
2021-09-08,95.94
2021-09-09,95.47
2021-09-10,95.04
2021-09-13,95.29
2021-09-14,94.15
2021-09-15,95.18
2021-09-16,94.53
2021-09-17,93.52
2021-09-20,92.45
2021-09-21,91.96
2021-09-22,92.69
2021-09-23,94.11
2021-09-24,94.31
2021-09-27,94.4
2021-09-28,93.31
2021-09-29,93.41
2021-09-30,91.5
2021-10-01,92.75
2021-10-04,92.24
2021-10-05,93.27
2021-10-06,93.68
2021-10-07,94.41
2021-10-08,94.4
2021-10-11,93.65
2021-10-12,93.34
2021-10-13,93.53
2021-10-14,95.3
2021-10-15,96.22
2021-10-18,96.28
2021-10-19,96.85
2021-10-20,97.46
2021-10-21,97.66
2021-10-22,98.0
2021-10-25,98.23
2021-10-26,97.62
2021-10-27,96.48
2021-10-28,97.69
2021-10-29,97.72
2021-11-01,97.99
2021-11-02,98.31
2021-11-03,98.1
2021-11-04,98.49
2021-11-05,99.49
2021-11-08,99.9
2021-11-09,100.16
2021-11-10,99.59
2021-11-11,99.18
2021-11-12,99.97
2021-11-15,100.16
2021-11-16,100.17
2021-11-17,99.58
2021-11-18,99.37
2021-11-19,98.87
2021-11-22,99.15
2021-11-23,99.31
2021-11-24,99.2
2021-11-26,96.52
2021-11-29,96.69
2021-11-30,94.24
2021-12-01,92.93
2021-12-02,95.69
2021-12-03,95.57
2021-12-06,97.19
2021-12-07,98.18
2021-12-08,98.43
2021-12-09,98.12
2021-12-10,98.52
2021-12-13,97.5
2021-12-14,96.57
2021-12-15,97.42
2021-12-16,97.46
2021-12-17,95.8
2021-12-20,94.26
2021-12-21,96.14
2021-12-22,96.41
2021-12-23,97.55
2021-12-27,98.58
2021-12-28,99.08
2021-12-29,99.26
2021-12-30,98.9
2021-12-31,99.32
2022-01-03,98.51
2022-01-04,100.49
2022-01-05,99.53
2022-01-06,99.99
2022-01-07,99.96
2022-01-10,98.83
2022-01-11,99.43
2022-01-12,99.75
2022-01-13,99.96
2022-01-14,99.36
2022-01-18,98.22
2022-01-19,97.12
2022-01-20,95.88
2022-01-21,95.0
2022-01-24,95.54
2022-01-25,94.6
2022-01-26,93.78
2022-01-27,92.94
2022-01-28,93.59
2022-01-31,94.56
2022-02-01,95.87
2022-02-02,96.53
2022-02-03,95.0
2022-02-04,93.97
2022-02-07,94.05
2022-02-08,94.99
2022-02-09,96.29
2022-02-10,94.71
2022-02-11,93.27
2022-02-14,92.92
2022-02-15,94.32
2022-02-16,94.82
2022-02-17,93.08
2022-02-18,92.31
2022-02-22,91.42
2022-02-23,89.74
2022-02-24,90.88
2022-02-25,93.05
2022-02-28,93.77
2022-03-01,92.37
2022-03-02,94.34
2022-03-03,94.44
2022-03-04,94.24
2022-03-07,91.71
2022-03-08,91.15
2022-03-09,92.8
2022-03-10,92.68
2022-03-11,91.94
2022-03-14,92.25
2022-03-15,93.71
2022-03-16,94.95
2022-03-17,96.17
2022-03-18,96.53
2022-03-21,96.75
2022-03-22,97.28
2022-03-23,96.35
2022-03-24,97.08
2022-03-25,97.68
2022-03-28,97.71
2022-03-29,98.62
2022-03-30,98.5
2022-03-31,96.99
2022-04-01,96.23
2022-04-04,96.11
2022-04-05,94.75
2022-04-06,94.01
2022-04-07,94.33
2022-04-08,93.8
2022-04-11,93.5
2022-04-12,93.35
2022-04-13,94.23
2022-04-14,94.12
2022-04-18,93.8
2022-04-19,95.5
2022-04-20,96.02
2022-04-21,95.04
2022-04-22,92.7
2022-04-25,92.7
2022-04-26,90.68
2022-04-27,91.02
2022-04-28,92.04
2022-04-29,89.6
2022-05-02,89.79
2022-05-03,90.39
2022-05-04,93.0
2022-05-05,90.57
2022-05-06,89.96
2022-05-09,87.79
2022-05-10,87.21
2022-05-11,86.42
2022-05-12,86.58
2022-05-13,87.68
2022-05-16,87.56
2022-05-17,89.55
2022-05-18,86.21
2022-05-19,85.44
2022-05-20,84.52
2022-05-23,85.9
2022-05-24,85.86
2022-05-25,86.35
2022-05-26,88.11
2022-05-27,89.91
2022-05-31,89.19
2022-06-01,88.64
2022-06-02,90.34
2022-06-03,89.99
2022-06-06,90.37
2022-06-07,91.58
2022-06-08,89.92
2022-06-09,88.15
2022-06-10,85.55
2022-06-13,82.98
2022-06-14,82.78
2022-06-15,83.58
2022-06-16,80.79
2022-06-17,80.58
2022-06-21,82.05
2022-06-22,81.6
2022-06-23,81.18
2022-06-24,84.02
2022-06-27,83.82
2022-06-28,82.85
2022-06-29,82.36
2022-06-30,82.62
2022-07-01,83.34
2022-07-05,82.09
2022-07-06,82.56
2022-07-07,83.54
2022-07-08,83.16
2022-07-11,82.6
2022-07-12,82.34
2022-07-13,81.34
2022-07-14,80.88
2022-07-15,82.15
2022-07-18,81.65
2022-07-19,84.57
2022-07-20,85.22
2022-07-21,85.84
2022-07-22,85.56
2022-07-25,85.97
2022-07-26,85.5
2022-07-27,86.83
2022-07-28,88.64
2022-07-29,90.47
2022-08-01,90.57
2022-08-02,89.61
2022-08-03,90.45
2022-08-04,90.78
2022-08-05,90.92
2022-08-08,90.9
2022-08-09,90.57
2022-08-10,92.55
2022-08-11,93.04
2022-08-12,94.44
2022-08-15,94.67
2022-08-16,95.1
2022-08-17,94.34
2022-08-18,94.72
2022-08-19,93.5
2022-08-22,91.72
2022-08-23,91.89
2022-08-24,92.19
2022-08-25,93.6
2022-08-26,90.36
2022-08-29,89.95
2022-08-30,88.65
2022-08-31,87.91
2022-09-01,88.03
2022-09-02,87.18
2022-09-06,87.32
2022-09-07,88.72
2022-09-08,88.99
2022-09-09,90.14
2022-09-12,90.68
2022-09-13,87.26
2022-09-14,87.09
2022-09-15,86.19
2022-09-16,84.39
2022-09-19,85.53
2022-09-20,84.47
2022-09-21,83.35
2022-09-22,82.09
2022-09-23,80.55
2022-09-26,79.71
2022-09-27,79.44
2022-09-28,81.19
2022-09-29,79.78
2022-09-30,78.74
2022-10-03,81.11
2022-10-04,83.94
2022-10-05,83.48
2022-10-06,82.52
2022-10-07,80.94
2022-10-10,81.23
2022-10-11,81.21
2022-10-12,80.57
2022-10-13,82.35
2022-10-14,80.54
2022-10-17,82.3
2022-10-18,84.29
2022-10-19,83.69
2022-10-20,82.05
2022-10-21,84.3
2022-10-24,85.42
2022-10-25,86.57
2022-10-26,86.87
2022-10-27,87.89
2022-10-28,89.93
2022-10-31,89.68
2022-11-01,89.59
2022-11-02,88.01
2022-11-03,88.94
2022-11-04,90.36
2022-11-07,91.33
2022-11-08,92.13
2022-11-09,90.85
2022-11-10,94.66
2022-11-11,94.6
2022-11-14,94.02
2022-11-15,94.67
2022-11-16,93.98
2022-11-17,93.82
2022-11-18,94.52
2022-11-21,94.82
2022-11-22,95.55
2022-11-23,95.91
2022-11-25,96.28
2022-11-28,94.53
2022-11-29,95.11
2022-11-30,96.68
2022-12-01,96.71
2022-12-02,97.26
2022-12-05,95.64
2022-12-06,94.51
2022-12-07,94.38
2022-12-08,94.94
2022-12-09,94.16
2022-12-12,95.78
2022-12-13,96.14
2022-12-14,95.96
2022-12-15,93.64
2022-12-16,93.24
2022-12-19,92.75
2022-12-20,92.87
2022-12-21,94.61
2022-12-22,93.41
2022-12-23,93.96
2022-12-27,94.25
2022-12-28,93.02
2022-12-29,94.16
2022-12-30,93.79
2023-01-03,93.99
2023-01-04,94.82
2023-01-05,93.8
2023-01-06,96.37
2023-01-09,95.94
2023-01-10,96.47
2023-01-11,97.39
2023-01-12,97.97
2023-01-13,97.85
2023-01-17,97.02
2023-01-18,95.2
2023-01-19,93.24
2023-01-20,94.54
2023-01-23,95.57
2023-01-24,96.2
2023-01-25,95.66
2023-01-26,96.19
2023-01-27,96.59
2023-01-30,95.64
2023-01-31,97.27
2023-02-01,97.97
2023-02-02,98.74
2023-02-03,98.22
2023-02-06,97.98
2023-02-07,98.29
2023-02-08,97.74
2023-02-09,96.86
2023-02-10,97.54
2023-02-13,98.43
2023-02-14,98.17
2023-02-15,98.78
2023-02-16,97.76
2023-02-17,98.39
2023-02-21,96.14
2023-02-22,95.9
2023-02-23,96.35
2023-02-24,95.8
2023-02-27,96.65
2023-02-28,96.43
2023-03-01,96.81
2023-03-02,97.95
2023-03-03,99.01
2023-03-06,98.82
2023-03-07,97.55
2023-03-08,97.78
2023-03-09,96.34
2023-03-10,94.55
2023-03-13,94.01
2023-03-14,95.0
2023-03-15,92.66
2023-03-16,93.86
2023-03-17,92.32
2023-03-20,93.54
2023-03-21,94.63
2023-03-22,92.81
2023-03-23,92.55
2023-03-24,92.93
2023-03-27,93.71
2023-03-28,94.19
2023-03-29,95.56
2023-03-30,95.76
2023-03-31,97.02
2023-04-03,97.2
2023-04-04,95.02
2023-04-05,93.78
2023-04-06,93.75
2023-04-10,94.61
2023-04-11,95.17
2023-04-12,95.49
2023-04-13,95.85
2023-04-14,95.73
2023-04-17,96.49
2023-04-18,96.95
2023-04-19,96.87
2023-04-20,96.7
2023-04-21,96.48
2023-04-24,96.71
2023-04-25,94.92
2023-04-26,93.13
2023-04-27,94.97
2023-04-28,95.89
2023-05-01,96.41
2023-05-02,95.4
2023-05-03,95.04
2023-05-04,94.0
2023-05-05,95.42
2023-05-08,95.08
2023-05-09,95.29
2023-05-10,94.94
2023-05-11,94.37
2023-05-12,94.44
2023-05-15,94.9
2023-05-16,93.61
2023-05-17,95.22
2023-05-18,95.91
2023-05-19,95.68
2023-05-22,95.66
2023-05-23,94.51
2023-05-24,93.29
2023-05-25,93.6
2023-05-26,94.3
2023-05-30,94.16
2023-05-31,92.87
2023-06-01,94.06
2023-06-02,96.79
2023-06-05,96.12
2023-06-06,96.73
2023-06-07,98.28
2023-06-08,98.45
2023-06-09,98.19
2023-06-12,98.89
2023-06-13,100.05
2023-06-14,99.78
2023-06-15,101.28
2023-06-16,101.12
2023-06-20,100.37
2023-06-21,100.93
2023-06-22,100.19
2023-06-23,99.43
2023-06-26,100.26
2023-06-27,101.47
2023-06-28,101.47
2023-06-29,102.45
2023-06-30,103.32
2023-07-03,103.34
2023-07-05,102.78
2023-07-06,102.01
2023-07-07,102.25
2023-07-10,103.7
2023-07-11,104.92
2023-07-12,104.74
2023-07-13,104.87
2023-07-14,104.57
2023-07-17,104.96
2023-07-18,105.55
2023-07-19,105.5
2023-07-20,105.97
2023-07-21,105.47
2023-07-24,105.71
2023-07-25,105.58
2023-07-26,106.32
2023-07-27,105.4
2023-07-28,106.06
2023-07-31,106.31
2023-08-01,106.63
2023-08-02,105.51
2023-08-03,104.85
2023-08-04,104.21
2023-08-07,105.49
2023-08-08,105.01
2023-08-09,104.95
2023-08-10,104.66
2023-08-11,104.84
2023-08-14,104.87
2023-08-15,103.54
2023-08-16,102.96
2023-08-17,102.09
2023-08-18,102.28
2023-08-21,102.16
2023-08-22,101.92
2023-08-23,102.97
2023-08-24,101.72
2023-08-25,102.57
2023-08-28,103.41
2023-08-29,104.2
2023-08-30,104.67
2023-08-31,104.2
2023-09-01,104.75
2023-09-05,102.99
2023-09-06,102.54
2023-09-07,102.21
2023-09-08,101.7
2023-09-11,101.73
2023-09-12,101.36
2023-09-13,100.69
2023-09-14,101.68
2023-09-15,101.09
2023-09-18,101.2
2023-09-19,100.78
2023-09-20,100.38
2023-09-21,98.74
2023-09-22,98.4
2023-09-25,98.89
2023-09-26,97.38
2023-09-27,98.11
2023-09-28,98.52
2023-09-29,98.0
2023-10-02,97.05
2023-10-03,96.37
2023-10-04,96.68
2023-10-05,96.11
2023-10-06,97.42
2023-10-09,98.95
2023-10-10,99.55
2023-10-11,100.15
2023-10-12,99.24
2023-10-13,98.36
2023-10-16,99.4
2023-10-17,99.71
2023-10-18,97.31
2023-10-19,96.41
2023-10-20,95.41
2023-10-23,94.97
2023-10-24,95.68
2023-10-25,94.46
2023-10-26,94.06
2023-10-27,93.23
2023-10-30,94.39
2023-10-31,95.08
2023-11-01,95.39
2023-11-02,97.36
2023-11-03,98.22
2023-11-06,97.95
2023-11-07,97.71
2023-11-08,97.94
2023-11-09,97.72
2023-11-10,99.13
2023-11-13,99.22
2023-11-14,101.21
2023-11-15,101.42
2023-11-16,101.44
2023-11-17,102.09
2023-11-20,102.4
2023-11-21,102.32
2023-11-22,102.55
2023-11-24,102.8
2023-11-27,102.22
2023-11-28,101.98
2023-11-29,102.36
2023-11-30,103.48
2023-12-01,105.12
2023-12-04,105.29
2023-12-05,104.44
2023-12-06,104.9
2023-12-07,105.0
2023-12-08,105.33
2023-12-11,106.34
2023-12-12,106.82
2023-12-13,108.01
2023-12-14,109.4
2023-12-15,109.25
2023-12-18,109.25
2023-12-19,110.1
2023-12-20,108.32
2023-12-21,109.43
2023-12-22,109.96
2023-12-26,110.74
2023-12-27,110.9
2023-12-28,110.93
2023-12-29,110.8
2024-01-02,109.68
2024-01-03,108.04
2024-01-04,108.18
2024-01-05,108.31
2024-01-08,109.02
2024-01-09,108.68
2024-01-10,109.23
2024-01-11,108.98
2024-01-12,108.97
2024-01-16,107.87
2024-01-17,107.14
2024-01-18,108.59
2024-01-19,109.3
2024-01-22,110.14
2024-01-23,110.06
2024-01-24,109.38
2024-01-25,110.43
2024-01-26,110.25
2024-01-29,110.97
2024-01-30,111.01
2024-01-31,109.73
2024-02-01,111.59
2024-02-02,112.34
2024-02-05,111.73
2024-02-06,112.73
2024-02-07,113.48
2024-02-08,113.5
2024-02-09,113.67
2024-02-12,113.84
2024-02-13,112.67
2024-02-14,114.56
2024-02-15,115.41
2024-02-16,114.72
2024-02-20,114.36
2024-02-21,114.82
2024-02-22,116.24
2024-02-23,116.85
2024-02-26,116.68
2024-02-27,116.85
2024-02-28,117.25
2024-02-29,117.61
2024-03-01,118.11
2024-03-04,118.54
2024-03-05,117.57
2024-03-06,118.18
2024-03-07,119.14
2024-03-08,118.87
2024-03-11,118.26
2024-03-12,118.79
2024-03-13,119.11
2024-03-14,118.6
2024-03-15,118.62
2024-03-18,118.83
2024-03-19,119.85
2024-03-20,121.3
2024-03-21,122.5
2024-03-22,122.08
2024-03-25,121.29
2024-03-26,120.85
2024-03-27,122.79
2024-03-28,122.81
2024-04-01,121.86
2024-04-02,121.3
2024-04-03,121.92
2024-04-04,120.85
2024-04-05,122.53
2024-04-08,122.31
2024-04-09,122.03
2024-04-10,120.99
2024-04-11,121.12
2024-04-12,119.83
2024-04-15,118.97
2024-04-16,118.69
2024-04-17,118.08
2024-04-18,117.67
2024-04-19,117.46
2024-04-22,118.34
2024-04-23,119.99
2024-04-24,119.04
2024-04-25,119.4
2024-04-26,119.59
2024-04-29,120.39
2024-04-30,118.48
2024-05-01,118.19
2024-05-02,118.87
2024-05-03,119.7
2024-05-06,120.91
2024-05-07,121.24
2024-05-08,121.24
2024-05-09,122.45
2024-05-10,122.54
2024-05-13,122.02
2024-05-14,121.99
2024-05-15,122.79
2024-05-16,122.06
2024-05-17,122.19
2024-05-20,122.43
2024-05-21,122.03
2024-05-22,122.17
2024-05-23,120.73
2024-05-24,121.35
2024-05-28,119.86
2024-05-29,118.17
2024-05-30,118.98
2024-05-31,120.42
2024-06-03,118.95
2024-06-04,118.66
2024-06-05,119.85
2024-06-06,119.14
2024-06-07,119.27
2024-06-10,119.64
2024-06-11,118.96
2024-06-12,120.09
2024-06-13,119.32
2024-06-14,118.12
2024-06-17,119.43
2024-06-18,120.07
2024-06-20,120.15
2024-06-21,119.89
2024-06-24,120.4
2024-06-25,119.38
2024-06-26,119.05
2024-06-27,119.18
2024-06-28,119.23
2024-07-01,117.95
2024-07-02,118.59
2024-07-03,119.02
2024-07-05,118.59
2024-07-08,118.74
2024-07-09,118.22
2024-07-10,119.28
2024-07-11,120.79
2024-07-12,121.49
2024-07-15,122.36
2024-07-16,125.41
2024-07-17,123.81
2024-07-18,122.84
2024-07-19,122.16
2024-07-22,123.41
2024-07-23,123.17
2024-07-24,120.52
2024-07-25,121.49
2024-07-26,123.56
2024-07-29,123.35
2024-07-30,123.71
2024-07-31,125.09
2024-08-01,122.77
2024-08-02,120.07
2024-08-05,117.99
2024-08-06,119.41
2024-08-07,118.83
2024-08-08,121.57
2024-08-09,121.59
2024-08-12,120.97
2024-08-13,122.24
2024-08-14,122.74
2024-08-15,124.39
2024-08-16,124.22
2024-08-19,124.97
2024-08-20,124.63
2024-08-21,125.38
2024-08-22,125.23
2024-08-23,126.48
2024-08-26,126.34
2024-08-27,126.42
2024-08-28,126.36
2024-08-29,127.25
2024-08-30,128.61
2024-09-03,125.76
2024-09-04,125.89
2024-09-05,124.42
2024-09-06,123.16
2024-09-09,125.05
2024-09-10,125.27
2024-09-11,125.49
2024-09-12,126.46
2024-09-13,127.74
2024-09-16,128.4
2024-09-17,129.1
2024-09-18,128.99
2024-09-19,131.21
2024-09-20,130.29
2024-09-23,131.17
2024-09-24,132.11
2024-09-25,131.49
2024-09-26,132.15
2024-09-27,132.34
2024-09-30,132.94
2024-10-01,133.0
2024-10-02,132.76
2024-10-03,132.08
2024-10-04,133.0
2024-10-07,132.68
2024-10-08,132.97
2024-10-09,134.16
2024-10-10,133.47
2024-10-11,135.86
2024-10-14,136.67
2024-10-15,135.62
2024-10-16,136.67
2024-10-17,136.28
2024-10-18,136.69
2024-10-21,136.21
2024-10-22,134.56
2024-10-23,134.17
2024-10-24,133.25
2024-10-25,132.9
2024-10-28,133.29
2024-10-29,133.11
2024-10-30,132.89
2024-10-31,131.35
2024-11-01,131.53
2024-11-04,131.38
2024-11-05,133.58
2024-11-06,138.81
2024-11-07,137.98
2024-11-08,139.46
2024-11-11,140.54
2024-11-12,139.33
2024-11-13,139.63
2024-11-14,137.27
2024-11-15,136.54
2024-11-18,136.35
2024-11-19,136.23
2024-11-20,136.38
2024-11-21,138.09
2024-11-22,140.01
2024-11-25,140.89
2024-11-26,141.05
2024-11-27,140.53
2024-11-29,141.33
2024-12-02,140.29
2024-12-03,139.4
2024-12-04,140.01
2024-12-05,138.31
2024-12-06,137.96
2024-12-09,136.76
2024-12-10,136.43
2024-12-11,136.12
2024-12-12,135.24
2024-12-13,134.89
2024-12-16,135.01
2024-12-17,133.77
2024-12-18,129.99
2024-12-19,129.82
2024-12-20,131.35
2024-12-23,131.32
2024-12-24,132.34
2024-12-26,132.44
2024-12-27,131.45
2024-12-30,130.13
2024-12-31,129.97
2025-01-02,129.52
2025-01-03,130.92
2025-01-06,130.63
2025-01-07,130.51
2025-01-08,131.02
2025-01-10,129.55
2025-01-13,131.07
2025-01-14,132.62
2025-01-15,133.46
2025-01-16,135.07
2025-01-17,135.88
2025-01-21,138.67
2025-01-22,138.35
2025-01-23,139.75
2025-01-24,139.16
2025-01-27,137.29
2025-01-28,136.39
2025-01-29,135.92
2025-01-30,137.44
2025-01-31,136.47
2025-02-03,135.12
2025-02-04,135.16
2025-02-05,135.26
2025-02-06,135.87
2025-02-07,135.47
2025-02-10,136.68
2025-02-11,136.73
2025-02-12,135.88
2025-02-13,136.02
2025-02-14,135.69
2025-02-18,136.75
2025-02-19,136.89
2025-02-20,135.99
2025-02-21,133.01
2025-02-24,132.41
2025-02-25,133.09
2025-02-26,133.17
2025-02-27,132.71
2025-02-28,134.48
2025-03-03,132.57
2025-03-04,129.98
2025-03-05,132.04
2025-03-06,130.9
2025-03-07,132.43
2025-03-10,130.36
2025-03-11,128.36
2025-03-12,128.35
2025-03-13,127.03
2025-03-14,129.35
2025-03-17,131.14
2025-03-18,130.09
2025-03-19,131.82
2025-03-20,131.16
2025-03-21,130.46
2025-03-24,132.88
2025-03-25,133.07
2025-03-26,132.19
2025-03-27,131.49
2025-03-28,128.78
2025-03-31,129.69
2025-04-01,130.42
2025-04-02,131.65
2025-04-03,124.53
2025-04-04,116.7
2025-04-07,116.15
2025-04-08,115.19
2025-04-09,125.43
2025-04-10,122.19
2025-04-11,124.35
2025-04-14,125.64
2025-04-15,125.02
2025-04-16,123.31
2025-04-17,123.98
2025-04-21,121.2
2025-04-22,123.32
2025-04-23,124.86
2025-04-24,127.66
2025-04-25,127.65
2025-04-28,128.08
2025-04-29,128.91
2025-04-30,129.84
2025-05-01,130.82
2025-05-02,133.16
2025-05-05,133.23
2025-05-06,132.07
2025-05-07,132.74
2025-05-08,134.57
2025-05-09,134.68
2025-05-12,138.82
2025-05-13,139.79
2025-05-14,139.12
2025-05-15,140.66
2025-05-16,142.27
2025-05-19,142.75
2025-05-20,142.24
2025-05-21,139.83
2025-05-22,139.8
2025-05-23,139.35
2025-05-27,141.8
2025-05-28,141.1
2025-05-29,141.23
2025-05-30,141.32
2025-06-02,141.14
2025-06-03,142.23
2025-06-04,142.31
2025-06-05,142.21
2025-06-06,143.4
2025-06-09,143.28
2025-06-10,142.65
2025-06-11,142.72
2025-06-12,142.35
2025-06-13,141.15
2025-06-16,142.12
2025-06-17,141.05
2025-06-18,140.71
2025-06-20,140.87
2025-06-23,142.78
2025-06-24,143.97
2025-06-25,142.7
2025-06-26,144.25
2025-06-27,145.69
2025-06-30,146.41
2025-07-01,146.9
2025-07-02,147.05
2025-07-03,148.3
2025-07-07,147.78
2025-07-08,147.74
2025-07-09,148.77
2025-07-10,149.61
2025-07-11,149.07
2025-07-14,149.88
2025-07-15,148.75
2025-07-16,149.28
2025-07-17,150.66
2025-07-18,150.32
2025-07-21,149.53
2025-07-22,149.89
2025-07-23,152.57
2025-07-24,152.32
2025-07-25,153.83
2025-07-28,153.35
2025-07-29,151.6
2025-07-30,150.86
2025-07-31,150.87
2025-08-01,148.61
2025-08-04,149.98
2025-08-05,149.68
2025-08-06,149.8
2025-08-07,149.58
2025-08-08,149.7
2025-08-11,149.21
2025-08-12,150.76
2025-08-13,151.33
2025-08-14,149.99
2025-08-15,149.31
2025-08-18,149.9
2025-08-19,150.22
2025-08-20,150.08
2025-08-21,149.55
2025-08-22,151.99
2025-08-25,150.47
2025-08-26,152.02
2025-08-27,152.0
2025-08-28,152.27
2025-08-29,150.87
2025-09-02,149.43
2025-09-03,148.67
2025-09-04,150.35
2025-09-05,149.8
2025-09-08,150.13
2025-09-09,149.12
2025-09-10,150.22
2025-09-11,151.65
2025-09-12,150.44
2025-09-15,151.14
2025-09-16,150.69
2025-09-17,150.0
2025-09-18,151.6
2025-09-19,151.97
2025-09-22,152.48
2025-09-23,152.52
2025-09-24,151.73
2025-09-25,150.7
2025-09-26,152.06
2025-09-29,152.53
2025-09-30,153.7
2025-10-01,153.28
2025-10-02,153.67
2025-10-03,153.88
2025-10-06,154.6
2025-10-07,153.72
2025-10-08,155.06
2025-10-09,152.77
2025-10-10,149.39
2025-10-13,150.94
2025-10-14,152.72
2025-10-15,152.08
2025-10-16,151.08
2025-10-17,151.21
2025-10-20,153.0
2025-10-21,154.35
2025-10-22,152.35
2025-10-23,154.25
2025-10-24,154.38
2025-10-27,155.26
2025-10-28,154.15
2025-10-29,154.55
2025-10-30,154.16
2025-10-31,154.53
2025-11-03,153.87
2025-11-04,152.09
2025-11-05,152.68
2025-11-06,152.07
2025-11-07,152.81
2025-11-10,153.67
2025-11-11,153.71
2025-11-12,153.86
2025-11-13,151.48
2025-11-14,151.49
2025-11-17,150.01
2025-11-18,149.34
2025-11-19,149.84
2025-11-20,147.33
2025-11-21,149.12
2025-11-24,149.49
2025-11-25,151.4
2025-11-26,152.28
2025-11-28,153.17
2025-12-01,150.92
2025-12-02,152.24
2025-12-03,153.68
2025-12-04,154.48
2025-12-05,154.05
2025-12-08,153.86
2025-12-09,152.74
2025-12-10,155.53
2025-12-11,157.19
2025-12-12,156.21
2025-12-15,156.45
2025-12-16,155.53
2025-12-17,153.01
2025-12-18,154.0
2025-12-19,155.33
2025-12-22,157.05
2025-12-23,156.99
2025-12-24,157.5
2025-12-26,157.21
2025-12-29,156.87
2025-12-30,156.42
2025-12-31,155.12
2026-01-02,157.98
2026-01-05,159.85
2026-01-06,162.02
2026-01-07,158.97
2026-01-08,160.17
2026-01-09,161.93
2026-01-12,163.17
2026-01-13,164.01
2026-01-14,164.27
2026-01-15,165.78
2026-01-16,166.9
2026-01-20,163.53
2026-01-21,166.36
2026-01-22,165.5
2026-01-23,164.22
2026-01-26,164.38
2026-01-27,165.06
2026-01-28,164.14
2026-01-29,165.86
2026-01-30,165.44
2026-02-02,167.53
2026-02-03,168.94
2026-02-04,169.39
2026-02-05,168.37
2026-02-06,173.18
2026-02-09,173.7
2026-02-10,173.91
2026-02-11,174.84
2026-02-12,172.75
2026-02-13,174.17
2026-02-17,175.08
2026-02-18,175.04
2026-02-19,176.34
2026-02-20,177.23
2026-02-23,174.83
2026-02-24,176.98
2026-02-25,175.6
2026-02-26,176.7
2026-02-27,177.14
2026-03-02,178.9
2026-03-03,175.44
2026-03-04,175.97
2026-03-05,172.06
2026-03-06,169.94
2026-03-09,170.94
2026-03-10,170.02
2026-03-11,169.49
2026-03-12,165.24
2026-03-13,164.65
2026-03-16,166.06
2026-03-17,166.5
2026-03-18,165.18
2026-03-19,164.06
2026-03-20,161.67
2026-03-23,163.05
2026-03-24,164.0
2026-03-25,165.1
2026-03-26,161.27
2026-03-27,159.2
2026-03-30,156.61
2026-03-31,161.73
2026-04-01,164.43
2026-04-02,163.77
2026-04-06,164.61
2026-04-07,164.28
2026-04-08,170.44
2026-04-09,172.19
2026-04-10,171.52
2026-04-13,172.73
2026-04-14,173.35
2026-04-15,171.18
2026-04-16,170.33
2026-04-17,173.51
2026-04-20,173.9
2026-04-21,171.44
2026-04-22,171.04
2026-04-23,174.07
2026-04-24,172.47
2026-04-27,172.51
2026-04-28,170.98
2026-04-29,169.93
2026-04-30,174.58
2026-05-01,172.96
2026-05-04,170.98
2026-05-05,172.41
2026-05-06,176.87
2026-05-07,174.0
2026-05-08,173.2
2026-05-11,175.04
2026-05-12,174.35
2026-05-13,173.62
2026-05-14,174.51
2026-05-15,171.4
2026-05-18,170.75
2026-05-19,168.74
2026-05-20,170.73
2026-05-21,170.53
2026-05-22,171.77
2026-05-26,174.3
2026-05-27,174.3
