date,price
2000-01-03,20.65
2000-01-04,19.6
2000-01-05,19.31
2000-01-06,18.67
2000-01-07,19.0
2000-01-10,19.72
2000-01-11,19.16
2000-01-12,19.08
2000-01-13,19.26
2000-01-14,19.7
2000-01-18,19.8
2000-01-19,19.84
2000-01-20,19.95
2000-01-21,19.98
2000-01-24,19.32
2000-01-25,19.74
2000-01-26,19.09
2000-01-27,18.91
2000-01-28,18.23
2000-01-31,18.84
2000-02-01,19.23
2000-02-02,19.37
2000-02-03,19.93
2000-02-04,20.16
2000-02-07,20.4
2000-02-08,20.58
2000-02-09,20.33
2000-02-10,20.81
2000-02-11,20.26
2000-02-14,20.27
2000-02-15,20.33
2000-02-16,20.22
2000-02-17,20.68
2000-02-18,19.98
2000-02-22,19.93
2000-02-23,20.54
2000-02-24,20.79
2000-02-25,20.59
2000-02-28,20.35
2000-02-29,20.82
2000-03-01,21.02
2000-03-02,21.23
2000-03-03,21.82
2000-03-06,21.79
2000-03-07,21.19
2000-03-08,21.56
2000-03-09,22.21
2000-03-10,22.26
2000-03-13,21.93
2000-03-14,21.43
2000-03-15,21.06
2000-03-16,21.79
2000-03-17,22.31
2000-03-20,22.21
2000-03-21,22.79
2000-03-22,23.19
2000-03-23,23.63
2000-03-24,23.84
2000-03-27,24.03
2000-03-28,23.45
2000-03-29,22.76
2000-03-30,22.14
2000-03-31,22.56
2000-04-03,21.61
2000-04-04,21.4
2000-04-05,21.54
2000-04-06,21.82
2000-04-07,22.56
2000-04-10,21.75
2000-04-11,21.21
2000-04-12,19.84
2000-04-13,19.46
2000-04-14,18.44
2000-04-17,19.44
2000-04-18,20.55
2000-04-19,19.87
2000-04-20,19.7
2000-04-24,19.09
2000-04-25,20.2
2000-04-26,19.81
2000-04-27,20.43
2000-04-28,20.49
2000-05-01,20.78
2000-05-02,20.4
2000-05-03,19.51
2000-05-04,19.37
2000-05-05,19.9
2000-05-08,19.2
2000-05-09,18.84
2000-05-10,17.93
2000-05-11,18.43
2000-05-12,18.67
2000-05-15,19.02
2000-05-16,19.59
2000-05-17,19.31
2000-05-18,18.82
2000-05-19,18.09
2000-05-22,18.01
2000-05-23,17.14
2000-05-24,17.81
2000-05-25,17.52
2000-05-26,17.58
2000-05-30,18.72
2000-05-31,18.36
2000-06-01,19.19
2000-06-02,20.06
2000-06-05,20.12
2000-06-06,19.84
2000-06-07,20.21
2000-06-08,20.12
2000-06-09,20.16
2000-06-12,19.74
2000-06-13,20.16
2000-06-14,19.79
2000-06-15,20.19
2000-06-16,20.26
2000-06-19,20.9
2000-06-20,20.95
2000-06-21,21.14
2000-06-22,20.49
2000-06-23,20.05
2000-06-26,20.19
2000-06-27,19.99
2000-06-28,20.19
2000-06-29,19.79
2000-06-30,20.19
2000-07-03,20.33
2000-07-05,19.67
2000-07-06,19.98
2000-07-07,20.3
2000-07-10,20.08
2000-07-11,19.92
2000-07-12,20.43
2000-07-13,20.83
2000-07-14,21.21
2000-07-17,21.39
2000-07-18,20.95
2000-07-19,20.49
2000-07-20,20.92
2000-07-21,20.47
2000-07-24,19.97
2000-07-25,20.3
2000-07-26,20.04
2000-07-27,19.45
2000-07-28,18.73
2000-07-31,19.12
2000-08-01,18.89
2000-08-02,18.81
2000-08-03,19.17
2000-08-04,19.17
2000-08-07,19.57
2000-08-08,19.6
2000-08-09,19.67
2000-08-10,19.26
2000-08-11,19.32
2000-08-14,19.72
2000-08-15,19.77
2000-08-16,19.79
2000-08-17,20.16
2000-08-18,20.19
2000-08-21,20.28
2000-08-22,20.28
2000-08-23,20.48
2000-08-24,20.67
2000-08-25,20.6
2000-08-28,20.77
2000-08-29,20.79
2000-08-30,20.65
2000-08-31,21.06
2000-09-01,21.07
2000-09-05,20.59
2000-09-06,20.07
2000-09-07,20.4
2000-09-08,19.74
2000-09-11,19.23
2000-09-12,18.95
2000-09-13,19.14
2000-09-14,19.24
2000-09-15,18.91
2000-09-18,18.49
2000-09-19,19.21
2000-09-20,19.28
2000-09-21,18.88
2000-09-22,18.35
2000-09-25,17.96
2000-09-26,17.58
2000-09-27,17.46
2000-09-28,18.07
2000-09-29,17.28
2000-10-02,17.15
2000-10-03,16.69
2000-10-04,17.14
2000-10-05,16.9
2000-10-06,16.55
2000-10-09,16.46
2000-10-10,15.97
2000-10-11,15.46
2000-10-12,14.92
2000-10-13,16.18
2000-10-16,15.93
2000-10-17,15.51
2000-10-18,15.26
2000-10-19,16.62
2000-10-20,16.87
2000-10-23,16.76
2000-10-24,16.44
2000-10-25,15.28
2000-10-26,15.65
2000-10-27,15.78
2000-10-30,15.56
2000-10-31,16.29
2000-11-01,15.97
2000-11-02,16.39
2000-11-03,16.51
2000-11-06,16.25
2000-11-07,16.37
2000-11-08,15.51
2000-11-09,15.28
2000-11-10,14.44
2000-11-13,14.39
2000-11-14,15.17
2000-11-15,15.27
2000-11-16,14.78
2000-11-17,14.9
2000-11-20,14.3
2000-11-21,14.37
2000-11-22,13.84
2000-11-24,14.39
2000-11-27,14.31
2000-11-28,13.73
2000-11-29,13.67
2000-11-30,12.95
2000-12-01,13.11
2000-12-04,13.04
2000-12-05,14.27
2000-12-06,13.88
2000-12-07,13.42
2000-12-08,14.04
2000-12-11,14.57
2000-12-12,14.27
2000-12-13,13.67
2000-12-14,13.46
2000-12-15,12.92
2000-12-18,12.67
2000-12-19,12.29
2000-12-20,11.37
2000-12-21,11.41
2000-12-22,12.19
2000-12-26,11.99
2000-12-27,12.11
2000-12-28,12.05
2000-12-29,11.66
2001-01-02,10.99
2001-01-03,12.76
2001-01-04,12.89
2001-01-05,12.11
2001-01-08,12.07
2001-01-09,12.34
2001-01-10,12.71
2001-01-11,13.25
2001-01-12,13.05
2001-01-16,12.9
2001-01-17,13.29
2001-01-18,13.99
2001-01-19,14.19
2001-01-22,13.92
2001-01-23,14.16
2001-01-24,14.33
2001-01-25,13.83
2001-01-26,13.92
2001-01-29,14.22
2001-01-30,14.25
2001-01-31,13.9
2001-02-01,13.89
2001-02-02,13.28
2001-02-05,13.19
2001-02-06,13.27
2001-02-07,12.93
2001-02-08,12.74
2001-02-09,12.15
2001-02-12,12.26
2001-02-13,12.05
2001-02-14,12.33
2001-02-15,12.7
2001-02-16,11.92
2001-02-20,11.28
2001-02-21,10.99
2001-02-22,11.01
2001-02-23,10.93
2001-02-26,11.1
2001-02-27,10.68
2001-02-28,10.43
2001-03-01,10.73
2001-03-02,10.36
2001-03-05,10.58
2001-03-06,11.03
2001-03-07,11.04
2001-03-08,10.82
2001-03-09,10.11
2001-03-12,9.57
2001-03-13,10.05
2001-03-14,9.8
2001-03-15,9.69
2001-03-16,9.48
2001-03-19,9.77
2001-03-20,9.3
2001-03-21,9.35
2001-03-22,9.78
2001-03-23,9.98
2001-03-26,9.85
2001-03-27,10.17
2001-03-28,9.42
2001-03-29,9.29
2001-03-30,9.24
2001-04-02,9.02
2001-04-03,8.41
2001-04-04,8.25
2001-04-05,9.12
2001-04-06,8.7
2001-04-09,8.72
2001-04-10,9.31
2001-04-11,9.64
2001-04-12,9.89
2001-04-16,9.65
2001-04-17,9.75
2001-04-18,10.64
2001-04-19,11.31
2001-04-20,11.18
2001-04-23,10.56
2001-04-24,10.39
2001-04-25,10.58
2001-04-26,10.43
2001-04-27,10.57
2001-04-30,10.73
2001-05-01,10.99
2001-05-02,11.21
2001-05-03,10.85
2001-05-04,11.01
2001-05-07,11.0
2001-05-08,11.05
2001-05-09,10.89
2001-05-10,10.73
2001-05-11,10.62
2001-05-14,10.47
2001-05-15,10.45
2001-05-16,10.87
2001-05-17,10.94
2001-05-18,10.99
2001-05-21,11.47
2001-05-22,11.45
2001-05-23,11.17
2001-05-24,11.26
2001-05-25,11.05
2001-05-29,10.63
2001-05-30,10.2
2001-05-31,10.29
2001-06-01,10.47
2001-06-04,10.45
2001-06-05,10.86
2001-06-06,10.75
2001-06-07,11.06
2001-06-08,10.81
2001-06-11,10.64
2001-06-12,10.55
2001-06-13,10.32
2001-06-14,9.95
2001-06-15,9.85
2001-06-18,9.61
2001-06-19,9.64
2001-06-20,9.75
2001-06-21,9.93
2001-06-22,9.83
2001-06-25,9.98
2001-06-26,10.03
2001-06-27,10.05
2001-06-28,10.25
2001-06-29,10.49
2001-07-02,10.49
2001-07-03,10.45
2001-07-05,10.11
2001-07-06,9.65
2001-07-09,9.77
2001-07-10,9.47
2001-07-11,9.52
2001-07-12,10.16
2001-07-13,10.18
2001-07-16,9.94
2001-07-17,10.06
2001-07-18,9.67
2001-07-19,9.85
2001-07-20,9.8
2001-07-23,9.56
2001-07-24,9.43
2001-07-25,9.63
2001-07-26,9.82
2001-07-27,9.8
2001-07-30,9.77
2001-07-31,9.77
2001-08-01,10.03
2001-08-02,10.17
2001-08-03,10.02
2001-08-06,9.9
2001-08-07,9.84
2001-08-08,9.53
2001-08-09,9.53
2001-08-10,9.51
2001-08-13,9.55
2001-08-14,9.43
2001-08-15,9.22
2001-08-16,9.26
2001-08-17,8.99
2001-08-20,9.05
2001-08-21,8.78
2001-08-22,8.87
2001-08-23,8.87
2001-08-24,9.3
2001-08-27,9.28
2001-08-28,9.02
2001-08-29,8.85
2001-08-30,8.5
2001-08-31,8.58
2001-09-04,8.39
2001-09-05,8.32
2001-09-06,7.92
2001-09-07,7.83
2001-09-10,8.0
2001-09-17,7.49
2001-09-18,7.42
2001-09-19,7.35
2001-09-20,7.03
2001-09-21,6.83
2001-09-24,7.22
2001-09-25,7.28
2001-09-26,7.04
2001-09-27,6.98
2001-09-28,7.17
2001-10-01,7.08
2001-10-02,7.07
2001-10-03,7.54
2001-10-04,7.7
2001-10-05,7.7
2001-10-08,7.75
2001-10-09,7.57
2001-10-10,7.81
2001-10-11,8.18
2001-10-12,8.17
2001-10-15,8.11
2001-10-16,8.2
2001-10-17,7.82
2001-10-18,7.8
2001-10-19,7.91
2001-10-22,8.1
2001-10-23,8.1
2001-10-24,8.2
2001-10-25,8.4
2001-10-26,8.41
2001-10-29,8.01
2001-10-30,7.85
2001-10-31,7.95
2001-11-01,8.23
2001-11-02,8.24
2001-11-05,8.49
2001-11-06,8.79
2001-11-07,8.75
2001-11-08,8.8
2001-11-09,8.77
2001-11-12,8.83
2001-11-13,9.15
2001-11-14,9.19
2001-11-15,9.14
2001-11-16,9.11
2001-11-19,9.3
2001-11-20,9.04
2001-11-21,8.95
2001-11-23,9.09
2001-11-26,9.24
2001-11-27,9.21
2001-11-28,8.92
2001-11-29,9.16
2001-11-30,9.14
2001-12-03,9.01
2001-12-04,9.29
2001-12-05,9.74
2001-12-06,9.72
2001-12-07,9.54
2001-12-10,9.33
2001-12-11,9.4
2001-12-12,9.43
2001-12-13,9.1
2001-12-14,9.13
2001-12-17,9.31
2001-12-18,9.35
2001-12-19,9.21
2001-12-20,8.9
2001-12-21,9.02
2001-12-24,8.98
2001-12-26,9.05
2001-12-27,9.13
2001-12-28,9.15
2001-12-31,8.94
2002-01-02,9.16
2002-01-03,9.57
2002-01-04,9.63
2002-01-07,9.52
2002-01-08,9.59
2002-01-09,9.52
2002-01-10,9.44
2002-01-11,9.35
2002-01-14,9.21
2002-01-15,9.26
2002-01-16,9.04
2002-01-17,9.26
2002-01-18,8.95
2002-01-22,8.63
2002-01-23,8.76
2002-01-24,8.89
2002-01-25,8.86
2002-01-28,8.92
2002-01-29,8.61
2002-01-30,8.72
2002-01-31,8.84
2002-02-01,8.68
2002-02-04,8.43
2002-02-05,8.3
2002-02-06,8.26
2002-02-07,8.13
2002-02-08,8.29
2002-02-11,8.48
2002-02-12,8.34
2002-02-13,8.47
2002-02-14,8.38
2002-02-15,8.14
2002-02-19,7.85
2002-02-20,7.95
2002-02-21,7.58
2002-02-22,7.63
2002-02-25,7.89
2002-02-26,7.84
2002-02-27,7.78
2002-02-28,7.69
2002-03-01,8.08
2002-03-04,8.37
2002-03-05,8.4
2002-03-06,8.48
2002-03-07,8.45
2002-03-08,8.68
2002-03-11,8.7
2002-03-12,8.52
2002-03-13,8.29
2002-03-14,8.2
2002-03-15,8.26
2002-03-18,8.28
2002-03-19,8.31
2002-03-20,8.06
2002-03-21,8.22
2002-03-22,8.1
2002-03-25,7.92
2002-03-26,7.98
2002-03-27,7.98
2002-03-28,8.07
2002-04-01,8.16
2002-04-02,7.92
2002-04-03,7.8
2002-04-04,7.83
2002-04-05,7.71
2002-04-08,7.67
2002-04-09,7.48
2002-04-10,7.5
2002-04-11,7.25
2002-04-12,7.38
2002-04-15,7.39
2002-04-16,7.73
2002-04-17,7.76
2002-04-18,7.68
2002-04-19,7.66
2002-04-22,7.47
2002-04-23,7.31
2002-04-24,7.2
2002-04-25,7.25
2002-04-26,7.0
2002-04-29,6.96
2002-04-30,7.1
2002-05-01,7.04
2002-05-02,6.86
2002-05-03,6.69
2002-05-06,6.5
2002-05-07,6.5
2002-05-08,7.18
2002-05-09,6.94
2002-05-10,6.71
2002-05-13,6.97
2002-05-14,7.31
2002-05-15,7.28
2002-05-16,7.39
2002-05-17,7.43
2002-05-20,7.23
2002-05-21,7.06
2002-05-22,7.14
2002-05-23,7.2
2002-05-24,7.04
2002-05-28,6.98
2002-05-29,6.85
2002-05-30,6.88
2002-05-31,6.8
2002-06-03,6.6
2002-06-04,6.69
2002-06-05,6.78
2002-06-06,6.61
2002-06-07,6.47
2002-06-10,6.41
2002-06-11,6.27
2002-06-12,6.39
2002-06-13,6.28
2002-06-14,6.27
2002-06-17,6.49
2002-06-18,6.41
2002-06-19,6.16
2002-06-20,6.02
2002-06-21,5.85
2002-06-24,5.95
2002-06-25,5.74
2002-06-26,5.75
2002-06-27,5.9
2002-06-28,5.89
2002-07-01,5.64
2002-07-02,5.48
2002-07-03,5.68
2002-07-05,5.98
2002-07-08,5.8
2002-07-09,5.72
2002-07-10,5.57
2002-07-11,5.77
2002-07-12,5.74
2002-07-15,5.86
2002-07-16,5.79
2002-07-17,5.83
2002-07-18,5.71
2002-07-19,5.53
2002-07-22,5.24
2002-07-23,4.98
2002-07-24,5.23
2002-07-25,4.92
2002-07-26,4.99
2002-07-29,5.28
2002-07-30,5.36
2002-07-31,5.33
2002-08-01,5.1
2002-08-02,4.99
2002-08-05,4.78
2002-08-06,4.98
2002-08-07,5.07
2002-08-08,5.25
2002-08-09,5.23
2002-08-12,5.19
2002-08-13,5.07
2002-08-14,5.38
2002-08-15,5.46
2002-08-16,5.59
2002-08-19,5.79
2002-08-20,5.63
2002-08-21,5.8
2002-08-22,5.87
2002-08-23,5.66
2002-08-26,5.7
2002-08-27,5.51
2002-08-28,5.35
2002-08-29,5.43
2002-08-30,5.29
2002-09-03,5.03
2002-09-04,5.19
2002-09-05,5.01
2002-09-06,5.18
2002-09-09,5.23
2002-09-10,5.32
2002-09-11,5.35
2002-09-12,5.16
2002-09-13,5.18
2002-09-16,5.09
2002-09-17,5.03
2002-09-18,4.98
2002-09-19,4.75
2002-09-20,4.78
2002-09-23,4.63
2002-09-24,4.56
2002-09-25,4.73
2002-09-26,4.68
2002-09-27,4.56
2002-09-30,4.41
2002-10-01,4.65
2002-10-02,4.54
2002-10-03,4.53
2002-10-04,4.43
2002-10-07,4.35
2002-10-08,4.35
2002-10-09,4.31
2002-10-10,4.54
2002-10-11,4.83
2002-10-14,4.84
2002-10-15,5.14
2002-10-16,4.86
2002-10-17,5.07
2002-10-18,5.13
2002-10-21,5.24
2002-10-22,5.22
2002-10-23,5.36
2002-10-24,5.27
2002-10-25,5.41
2002-10-28,5.4
2002-10-29,5.31
2002-10-30,5.49
2002-10-31,5.5
2002-11-01,5.66
2002-11-04,5.88
2002-11-05,5.84
2002-11-06,5.94
2002-11-07,5.7
2002-11-08,5.66
2002-11-11,5.46
2002-11-12,5.62
2002-11-13,5.64
2002-11-14,5.87
2002-11-15,5.88
2002-11-18,5.82
2002-11-19,5.72
2002-11-20,5.96
2002-11-21,6.27
2002-11-22,6.25
2002-11-25,6.34
2002-11-26,6.16
2002-11-27,6.41
2002-11-29,6.37
2002-12-02,6.39
2002-12-03,6.17
2002-12-04,6.07
2002-12-05,5.94
2002-12-06,5.99
2002-12-09,5.71
2002-12-10,5.8
2002-12-11,5.85
2002-12-12,5.82
2002-12-13,5.69
2002-12-16,5.89
2002-12-17,5.86
2002-12-18,5.7
2002-12-19,5.67
2002-12-20,5.73
2002-12-23,5.8
2002-12-24,5.74
2002-12-26,5.72
2002-12-27,5.61
2002-12-30,5.56
2002-12-31,5.53
2003-01-02,5.83
2003-01-03,5.85
2003-01-06,6.11
2003-01-07,6.17
2003-01-08,5.97
2003-01-09,6.14
2003-01-10,6.18
2003-01-13,6.14
2003-01-14,6.23
2003-01-15,6.11
2003-01-16,5.98
2003-01-17,5.69
2003-01-21,5.65
2003-01-22,5.61
2003-01-23,5.71
2003-01-24,5.48
2003-01-27,5.42
2003-01-28,5.5
2003-01-29,5.58
2003-01-30,5.41
2003-01-31,5.4
2003-02-03,5.45
2003-02-04,5.35
2003-02-05,5.33
2003-02-06,5.3
2003-02-07,5.24
2003-02-10,5.3
2003-02-11,5.28
2003-02-12,5.21
2003-02-13,5.23
2003-02-14,5.39
2003-02-18,5.57
2003-02-19,5.53
2003-02-20,5.44
2003-02-21,5.51
2003-02-24,5.42
2003-02-25,5.43
2003-02-26,5.29
2003-02-27,5.34
2003-02-28,5.42
2003-03-03,5.33
2003-03-04,5.27
2003-03-05,5.32
2003-03-06,5.26
2003-03-07,5.23
2003-03-10,5.12
2003-03-11,5.1
2003-03-12,5.16
2003-03-13,5.44
2003-03-14,5.46
2003-03-17,5.71
2003-03-18,5.73
2003-03-19,5.72
2003-03-20,5.72
2003-03-21,5.8
2003-03-24,5.57
2003-03-25,5.64
2003-03-26,5.63
2003-03-27,5.56
2003-03-28,5.49
2003-03-31,5.34
2003-04-01,5.41
2003-04-02,5.64
2003-04-03,5.62
2003-04-04,5.56
2003-04-07,5.57
2003-04-08,5.52
2003-04-09,5.4
2003-04-10,5.43
2003-04-11,5.38
2003-04-14,5.51
2003-04-15,5.52
2003-04-16,5.57
2003-04-17,5.68
2003-04-21,5.66
2003-04-22,5.78
2003-04-23,5.88
2003-04-24,5.83
2003-04-25,5.72
2003-04-28,5.84
2003-04-29,5.9
2003-04-30,5.83
2003-05-01,5.89
2003-05-02,6.01
2003-05-05,6.0
2003-05-06,6.1
2003-05-07,6.03
2003-05-08,5.93
2003-05-09,6.1
2003-05-12,6.19
2003-05-13,6.18
2003-05-14,6.16
2003-05-15,6.22
2003-05-16,6.16
2003-05-19,5.94
2003-05-20,5.95
2003-05-21,5.96
2003-05-22,6.02
2003-05-23,6.03
2003-05-27,6.19
2003-05-28,6.23
2003-05-29,6.24
2003-05-30,6.33
2003-06-02,6.3
2003-06-03,6.35
2003-06-04,6.49
2003-06-05,6.49
2003-06-06,6.42
2003-06-09,6.33
2003-06-10,6.42
2003-06-11,6.46
2003-06-12,6.49
2003-06-13,6.35
2003-06-16,6.51
2003-06-17,6.54
2003-06-18,6.6
2003-06-19,6.55
2003-06-20,6.54
2003-06-23,6.41
2003-06-24,6.39
2003-06-25,6.32
2003-06-26,6.44
2003-06-27,6.39
2003-06-30,6.38
2003-07-01,6.47
2003-07-02,6.6
2003-07-03,6.52
2003-07-07,6.75
2003-07-08,6.8
2003-07-09,6.79
2003-07-10,6.63
2003-07-11,6.73
2003-07-14,6.76
2003-07-15,6.77
2003-07-16,6.75
2003-07-17,6.54
2003-07-18,6.56
2003-07-21,6.41
2003-07-22,6.55
2003-07-23,6.59
2003-07-24,6.49
2003-07-25,6.63
2003-07-28,6.64
2003-07-29,6.58
2003-07-30,6.53
2003-07-31,6.57
2003-08-01,6.54
2003-08-04,6.6
2003-08-05,6.43
2003-08-06,6.37
2003-08-07,6.35
2003-08-08,6.35
2003-08-11,6.38
2003-08-12,6.47
2003-08-13,6.46
2003-08-14,6.52
2003-08-15,6.49
2003-08-18,6.68
2003-08-19,6.77
2003-08-20,6.73
2003-08-21,6.79
2003-08-22,6.78
2003-08-25,6.74
2003-08-26,6.78
2003-08-27,6.82
2003-08-28,6.87
2003-08-29,6.89
2003-09-02,7.04
2003-09-03,7.11
2003-09-04,7.18
2003-09-05,7.14
2003-09-08,7.27
2003-09-09,7.19
2003-09-10,6.98
2003-09-11,7.06
2003-09-12,7.07
2003-09-15,7.03
2003-09-16,7.21
2003-09-17,7.2
2003-09-18,7.3
2003-09-19,7.31
2003-09-22,7.17
2003-09-23,7.21
2003-09-24,6.96
2003-09-25,6.91
2003-09-26,6.87
2003-09-29,6.99
2003-09-30,6.83
2003-10-01,6.98
2003-10-02,6.96
2003-10-03,7.18
2003-10-06,7.21
2003-10-07,7.26
2003-10-08,7.21
2003-10-09,7.24
2003-10-10,7.3
2003-10-13,7.32
2003-10-14,7.3
2003-10-15,7.35
2003-10-16,7.37
2003-10-17,7.25
2003-10-20,7.34
2003-10-21,7.38
2003-10-22,7.27
2003-10-23,7.22
2003-10-24,7.11
2003-10-27,7.15
2003-10-28,7.32
2003-10-29,7.33
2003-10-30,7.32
2003-10-31,7.33
2003-11-03,7.5
2003-11-04,7.44
2003-11-05,7.46
2003-11-06,7.52
2003-11-07,7.49
2003-11-10,7.39
2003-11-11,7.37
2003-11-12,7.53
2003-11-13,7.47
2003-11-14,7.37
2003-11-17,7.27
2003-11-18,7.18
2003-11-19,7.25
2003-11-20,7.14
2003-11-21,7.2
2003-11-24,7.38
2003-11-25,7.38
2003-11-26,7.41
2003-11-28,7.43
2003-12-01,7.51
2003-12-02,7.47
2003-12-03,7.45
2003-12-04,7.54
2003-12-05,7.41
2003-12-08,7.43
2003-12-09,7.27
2003-12-10,7.31
2003-12-11,7.44
2003-12-12,7.45
2003-12-15,7.36
2003-12-16,7.4
2003-12-17,7.38
2003-12-18,7.51
2003-12-19,7.48
2003-12-22,7.49
2003-12-23,7.55
2003-12-24,7.54
2003-12-26,7.55
2003-12-29,7.69
2003-12-30,7.68
2003-12-31,7.67
2004-01-02,7.7
2004-01-05,7.89
2004-01-06,7.96
2004-01-07,8.0
2004-01-08,8.16
2004-01-09,8.05
2004-01-12,8.17
2004-01-13,8.06
2004-01-14,8.16
2004-01-15,8.19
2004-01-16,8.29
2004-01-20,8.31
2004-01-21,8.25
2004-01-22,8.17
2004-01-23,8.14
2004-01-26,8.29
2004-01-27,8.17
2004-01-28,8.03
2004-01-29,7.99
2004-01-30,7.99
2004-02-02,7.99
2004-02-03,8.0
2004-02-04,7.81
2004-02-05,7.82
2004-02-06,7.99
2004-02-09,7.93
2004-02-10,7.99
2004-02-11,8.05
2004-02-12,7.98
2004-02-13,7.93
2004-02-17,8.05
2004-02-18,8.01
2004-02-19,7.89
2004-02-20,7.85
2004-02-23,7.75
2004-02-24,7.75
2004-02-25,7.81
2004-02-26,7.83
2004-02-27,7.79
2004-03-01,7.88
2004-03-02,7.85
2004-03-03,7.82
2004-03-04,7.88
2004-03-05,7.82
2004-03-08,7.66
2004-03-09,7.66
2004-03-10,7.52
2004-03-11,7.44
2004-03-12,7.58
2004-03-15,7.44
2004-03-16,7.49
2004-03-17,7.58
2004-03-18,7.53
2004-03-19,7.43
2004-03-22,7.31
2004-03-23,7.3
2004-03-24,7.34
2004-03-25,7.57
2004-03-26,7.52
2004-03-29,7.62
2004-03-30,7.63
2004-03-31,7.58
2004-04-01,7.66
2004-04-02,7.85
2004-04-05,7.92
2004-04-06,7.84
2004-04-07,7.79
2004-04-08,7.81
2004-04-12,7.82
2004-04-13,7.73
2004-04-14,7.72
2004-04-15,7.63
2004-04-16,7.56
2004-04-19,7.64
2004-04-20,7.48
2004-04-21,7.59
2004-04-22,7.71
2004-04-23,7.81
2004-04-26,7.72
2004-04-27,7.69
2004-04-28,7.56
2004-04-29,7.45
2004-04-30,7.29
2004-05-03,7.34
2004-05-04,7.41
2004-05-05,7.44
2004-05-06,7.41
2004-05-07,7.37
2004-05-10,7.34
2004-05-11,7.44
2004-05-12,7.42
2004-05-13,7.42
2004-05-14,7.32
2004-05-17,7.24
2004-05-18,7.31
2004-05-19,7.34
2004-05-20,7.34
2004-05-21,7.36
2004-05-24,7.37
2004-05-25,7.51
2004-05-26,7.5
2004-05-27,7.54
2004-05-28,7.58
2004-06-01,7.53
2004-06-02,7.53
2004-06-03,7.43
2004-06-04,7.5
2004-06-07,7.67
2004-06-08,7.72
2004-06-09,7.63
2004-06-10,7.67
2004-06-14,7.56
2004-06-15,7.68
2004-06-16,7.64
2004-06-17,7.56
2004-06-18,7.57
2004-06-21,7.54
2004-06-22,7.62
2004-06-23,7.72
2004-06-24,7.69
2004-06-25,7.72
2004-06-28,7.66
2004-06-29,7.73
2004-06-30,7.79
2004-07-01,7.64
2004-07-02,7.56
2004-07-06,7.4
2004-07-07,7.45
2004-07-08,7.32
2004-07-09,7.38
2004-07-12,7.37
2004-07-13,7.34
2004-07-14,7.22
2004-07-15,7.18
2004-07-16,7.11
2004-07-19,7.13
2004-07-20,7.25
2004-07-21,7.14
2004-07-22,7.21
2004-07-23,7.09
2004-07-26,7.13
2004-07-27,7.2
2004-07-28,7.2
2004-07-29,7.3
2004-07-30,7.31
2004-08-02,7.33
2004-08-03,7.21
2004-08-04,7.22
2004-08-05,7.11
2004-08-06,6.9
2004-08-09,6.94
2004-08-10,7.06
2004-08-11,6.89
2004-08-12,6.75
2004-08-13,6.79
2004-08-16,6.85
2004-08-17,6.9
2004-08-18,7.01
2004-08-19,6.99
2004-08-20,7.02
2004-08-23,7.05
2004-08-24,7.02
2004-08-25,7.09
2004-08-26,7.06
2004-08-27,7.09
2004-08-30,7.02
2004-08-31,6.99
2004-09-01,7.04
2004-09-02,7.12
2004-09-03,6.97
2004-09-07,7.0
2004-09-08,7.01
2004-09-09,7.11
2004-09-10,7.23
2004-09-13,7.27
2004-09-14,7.3
2004-09-15,7.18
2004-09-16,7.2
2004-09-17,7.25
2004-09-20,7.27
2004-09-21,7.3
2004-09-22,7.18
2004-09-23,7.2
2004-09-24,7.14
2004-09-27,7.07
2004-09-28,7.09
2004-09-29,7.17
2004-09-30,7.19
2004-10-01,7.37
2004-10-04,7.43
2004-10-05,7.49
2004-10-06,7.53
2004-10-07,7.46
2004-10-08,7.35
2004-10-11,7.37
2004-10-12,7.35
2004-10-13,7.33
2004-10-14,7.27
2004-10-15,7.32
2004-10-18,7.39
2004-10-19,7.39
2004-10-20,7.4
2004-10-21,7.47
2004-10-22,7.31
2004-10-25,7.29
2004-10-26,7.31
2004-10-27,7.49
2004-10-28,7.5
2004-10-29,7.51
2004-11-01,7.57
2004-11-02,7.58
2004-11-03,7.62
2004-11-04,7.71
2004-11-05,7.78
2004-11-08,7.79
2004-11-09,7.78
2004-11-10,7.72
2004-11-11,7.81
2004-11-12,7.92
2004-11-15,7.97
2004-11-16,7.91
2004-11-17,8.0
2004-11-18,8.03
2004-11-19,7.9
2004-11-22,7.91
2004-11-23,7.88
2004-11-24,7.94
2004-11-26,7.93
2004-11-29,7.94
2004-11-30,7.89
2004-12-01,8.05
2004-12-02,8.08
2004-12-03,8.13
2004-12-06,8.17
2004-12-07,8.06
2004-12-08,8.05
2004-12-09,8.05
2004-12-10,8.0
2004-12-13,8.1
2004-12-14,8.11
2004-12-15,8.11
2004-12-16,8.08
2004-12-17,8.04
2004-12-20,8.0
2004-12-21,8.08
2004-12-22,8.1
2004-12-23,8.12
2004-12-27,8.07
2004-12-28,8.11
2004-12-29,8.11
2004-12-30,8.11
2004-12-31,8.1
2005-01-03,8.03
2005-01-04,7.88
2005-01-05,7.85
2005-01-06,7.83
2005-01-07,7.85
2005-01-10,7.85
2005-01-11,7.77
2005-01-12,7.81
2005-01-13,7.73
2005-01-14,7.76
2005-01-18,7.84
2005-01-19,7.68
2005-01-20,7.62
2005-01-21,7.57
2005-01-24,7.51
2005-01-25,7.52
2005-01-26,7.6
2005-01-27,7.59
2005-01-28,7.59
2005-01-31,7.64
2005-02-01,7.69
2005-02-02,7.69
2005-02-03,7.64
2005-02-04,7.77
2005-02-07,7.75
2005-02-08,7.79
2005-02-09,7.65
2005-02-10,7.67
2005-02-11,7.74
2005-02-14,7.76
2005-02-15,7.8
2005-02-16,7.77
2005-02-17,7.64
2005-02-18,7.63
2005-02-22,7.58
2005-02-23,7.56
2005-02-24,7.63
2005-02-25,7.68
2005-02-28,7.65
2005-03-01,7.75
2005-03-02,7.73
2005-03-03,7.67
2005-03-04,7.72
2005-03-07,7.78
2005-03-08,7.71
2005-03-09,7.7
2005-03-10,7.73
2005-03-11,7.63
2005-03-14,7.66
2005-03-15,7.58
2005-03-16,7.51
2005-03-17,7.5
2005-03-18,7.46
2005-03-21,7.46
2005-03-22,7.4
2005-03-23,7.43
2005-03-24,7.43
2005-03-28,7.44
2005-03-29,7.38
2005-03-30,7.49
2005-03-31,7.5
2005-04-01,7.44
2005-04-04,7.47
2005-04-05,7.48
2005-04-06,7.47
2005-04-07,7.57
2005-04-08,7.52
2005-04-11,7.47
2005-04-12,7.52
2005-04-13,7.41
2005-04-14,7.31
2005-04-15,7.09
2005-04-18,7.09
2005-04-19,7.18
2005-04-20,7.12
2005-04-21,7.31
2005-04-22,7.22
2005-04-25,7.27
2005-04-26,7.22
2005-04-27,7.25
2005-04-28,7.17
2005-04-29,7.24
2005-05-02,7.23
2005-05-03,7.28
2005-05-04,7.33
2005-05-05,7.32
2005-05-06,7.34
2005-05-09,7.37
2005-05-10,7.29
2005-05-11,7.33
2005-05-12,7.34
2005-05-13,7.43
2005-05-16,7.5
2005-05-17,7.52
2005-05-18,7.63
2005-05-19,7.67
2005-05-20,7.68
2005-05-23,7.71
2005-05-24,7.75
2005-05-25,7.71
2005-05-26,7.8
2005-05-27,7.79
2005-05-31,7.74
2005-06-01,7.82
2005-06-02,7.85
2005-06-03,7.77
2005-06-06,7.76
2005-06-07,7.73
2005-06-08,7.74
2005-06-09,7.78
2005-06-10,7.74
2005-06-13,7.77
2005-06-14,7.72
2005-06-15,7.77
2005-06-16,7.78
2005-06-17,7.79
2005-06-20,7.78
2005-06-21,7.81
2005-06-22,7.83
2005-06-23,7.76
2005-06-24,7.67
2005-06-27,7.61
2005-06-28,7.7
2005-06-29,7.71
2005-06-30,7.64
2005-07-01,7.66
2005-07-05,7.71
2005-07-06,7.69
2005-07-07,7.71
2005-07-08,7.85
2005-07-11,7.93
2005-07-12,7.97
2005-07-13,8.0
2005-07-14,8.07
2005-07-15,8.07
2005-07-18,8.02
2005-07-19,8.14
2005-07-20,8.11
2005-07-21,8.06
2005-07-22,8.04
2005-07-25,8.0
2005-07-26,8.06
2005-07-27,8.11
2005-07-28,8.12
2005-07-29,8.08
2005-08-01,8.08
2005-08-02,8.16
2005-08-03,8.21
2005-08-04,8.14
2005-08-05,8.12
2005-08-08,8.05
2005-08-09,8.11
2005-08-10,8.02
2005-08-11,8.08
2005-08-12,7.98
2005-08-15,8.02
2005-08-16,7.94
2005-08-17,8.01
2005-08-18,7.96
2005-08-19,7.96
2005-08-22,7.98
2005-08-23,7.98
2005-08-24,7.93
2005-08-25,7.93
2005-08-26,7.9
2005-08-29,7.96
2005-08-30,7.96
2005-08-31,8.0
2005-09-01,7.98
2005-09-02,7.96
2005-09-06,8.05
2005-09-07,8.05
2005-09-08,8.07
2005-09-09,8.08
2005-09-12,8.09
2005-09-13,8.1
2005-09-14,8.02
2005-09-15,8.0
2005-09-16,8.05
2005-09-19,7.98
2005-09-20,7.95
2005-09-21,7.86
2005-09-22,7.89
2005-09-23,7.89
2005-09-26,7.88
2005-09-27,7.85
2005-09-28,7.9
2005-09-29,7.96
2005-09-30,8.02
2005-10-03,8.01
2005-10-04,7.93
2005-10-05,7.82
2005-10-06,7.73
2005-10-07,7.75
2005-10-10,7.7
2005-10-11,7.64
2005-10-12,7.59
2005-10-13,7.65
2005-10-14,7.68
2005-10-17,7.67
2005-10-18,7.65
2005-10-19,7.75
2005-10-20,7.69
2005-10-21,7.74
2005-10-24,7.84
2005-10-25,7.78
2005-10-26,7.76
2005-10-27,7.68
2005-10-28,7.75
2005-10-31,7.83
2005-11-01,7.82
2005-11-02,7.91
2005-11-03,7.98
2005-11-04,8.01
2005-11-07,8.03
2005-11-08,8.03
2005-11-09,8.03
2005-11-10,8.09
2005-11-11,8.11
2005-11-14,8.12
2005-11-15,8.09
2005-11-16,8.13
2005-11-17,8.22
2005-11-18,8.27
2005-11-21,8.26
2005-11-22,8.32
2005-11-23,8.36
2005-11-25,8.39
2005-11-28,8.36
2005-11-29,8.36
2005-11-30,8.33
2005-12-01,8.46
2005-12-02,8.45
2005-12-05,8.41
2005-12-06,8.42
2005-12-07,8.4
2005-12-08,8.34
2005-12-09,8.37
2005-12-12,8.39
2005-12-13,8.37
2005-12-14,8.38
2005-12-15,8.34
2005-12-16,8.33
2005-12-19,8.23
2005-12-20,8.2
2005-12-21,8.21
2005-12-22,8.25
2005-12-23,8.26
2005-12-27,8.19
2005-12-28,8.17
2005-12-29,8.13
2005-12-30,8.07
2006-01-03,8.23
2006-01-04,8.33
2006-01-05,8.37
2006-01-06,8.5
2006-01-09,8.52
2006-01-10,8.52
2006-01-11,8.6
2006-01-12,8.55
2006-01-13,8.55
2006-01-17,8.46
2006-01-18,8.36
2006-01-19,8.44
2006-01-20,8.22
2006-01-23,8.18
2006-01-24,8.21
2006-01-25,8.24
2006-01-26,8.29
2006-01-27,8.39
2006-01-30,8.41
2006-01-31,8.34
2006-02-01,8.39
2006-02-02,8.28
2006-02-03,8.22
2006-02-06,8.2
2006-02-07,8.17
2006-02-08,8.33
2006-02-09,8.29
2006-02-10,8.36
2006-02-13,8.28
2006-02-14,8.39
2006-02-15,8.44
2006-02-16,8.52
2006-02-17,8.47
2006-02-21,8.38
2006-02-22,8.42
2006-02-23,8.38
2006-02-24,8.38
2006-02-27,8.46
2006-02-28,8.36
2006-03-01,8.53
2006-03-02,8.55
2006-03-03,8.5
2006-03-06,8.46
2006-03-07,8.41
2006-03-08,8.4
2006-03-09,8.35
2006-03-10,8.39
2006-03-13,8.42
2006-03-14,8.52
2006-03-15,8.57
2006-03-16,8.51
2006-03-17,8.54
2006-03-20,8.56
2006-03-21,8.52
2006-03-22,8.52
2006-03-23,8.51
2006-03-24,8.53
2006-03-27,8.54
2006-03-28,8.45
2006-03-29,8.58
2006-03-30,8.6
2006-03-31,8.55
2006-04-03,8.6
2006-04-04,8.63
2006-04-05,8.71
2006-04-06,8.7
2006-04-07,8.6
2006-04-10,8.59
2006-04-11,8.51
2006-04-12,8.52
2006-04-13,8.54
2006-04-17,8.44
2006-04-18,8.61
2006-04-19,8.61
2006-04-20,8.61
2006-04-21,8.52
2006-04-24,8.51
2006-04-25,8.51
2006-04-26,8.54
2006-04-27,8.62
2006-04-28,8.44
2006-05-01,8.37
2006-05-02,8.41
2006-05-03,8.39
2006-05-04,8.42
2006-05-05,8.47
2006-05-08,8.48
2006-05-09,8.44
2006-05-10,8.35
2006-05-11,8.18
2006-05-12,8.1
2006-05-15,8.11
2006-05-16,8.03
2006-05-17,7.93
2006-05-18,7.9
2006-05-19,7.96
2006-05-22,7.89
2006-05-23,7.83
2006-05-24,7.91
2006-05-25,7.98
2006-05-26,8.02
2006-05-30,7.86
2006-05-31,7.89
2006-06-01,8.03
2006-06-02,8.0
2006-06-05,7.88
2006-06-06,7.88
2006-06-07,7.77
2006-06-08,7.73
2006-06-09,7.7
2006-06-12,7.56
2006-06-13,7.57
2006-06-14,7.62
2006-06-15,7.81
2006-06-16,7.8
2006-06-19,7.76
2006-06-20,7.75
2006-06-21,7.85
2006-06-22,7.76
2006-06-23,7.74
2006-06-26,7.75
2006-06-27,7.65
2006-06-28,7.7
2006-06-29,7.9
2006-06-30,7.85
2006-07-03,7.91
2006-07-05,7.79
2006-07-06,7.79
2006-07-07,7.72
2006-07-10,7.63
2006-07-11,7.66
2006-07-12,7.52
2006-07-13,7.4
2006-07-14,7.38
2006-07-17,7.4
2006-07-18,7.42
2006-07-19,7.52
2006-07-20,7.42
2006-07-21,7.34
2006-07-24,7.45
2006-07-25,7.53
2006-07-26,7.55
2006-07-27,7.53
2006-07-28,7.66
2006-07-31,7.65
2006-08-01,7.54
2006-08-02,7.63
2006-08-03,7.66
2006-08-04,7.63
2006-08-07,7.61
2006-08-08,7.58
2006-08-09,7.62
2006-08-10,7.66
2006-08-11,7.61
2006-08-14,7.68
2006-08-15,7.86
2006-08-16,7.98
2006-08-17,8.02
2006-08-18,8.05
2006-08-21,7.99
2006-08-22,8.0
2006-08-23,7.96
2006-08-24,7.99
2006-08-25,8.01
2006-08-28,8.08
2006-08-29,8.16
2006-08-30,8.22
2006-08-31,8.18
2006-09-01,8.22
2006-09-05,8.26
2006-09-06,8.13
2006-09-07,8.08
2006-09-08,8.15
2006-09-11,8.22
2006-09-12,8.36
2006-09-13,8.36
2006-09-14,8.38
2006-09-15,8.4
2006-09-18,8.4
2006-09-19,8.36
2006-09-20,8.49
2006-09-21,8.41
2006-09-22,8.36
2006-09-25,8.51
2006-09-26,8.57
2006-09-27,8.5
2006-09-28,8.54
2006-09-29,8.52
2006-10-02,8.45
2006-10-03,8.5
2006-10-04,8.63
2006-10-05,8.63
2006-10-06,8.63
2006-10-09,8.65
2006-10-10,8.66
2006-10-11,8.66
2006-10-12,8.79
2006-10-13,8.83
2006-10-16,8.82
2006-10-17,8.75
2006-10-18,8.73
2006-10-19,8.76
2006-10-20,8.81
2006-10-23,8.86
2006-10-24,8.8
2006-10-25,8.88
2006-10-26,8.93
2006-10-27,8.81
2006-10-30,8.84
2006-10-31,8.85
2006-11-01,8.81
2006-11-02,8.76
2006-11-03,8.76
2006-11-06,8.86
2006-11-07,8.91
2006-11-08,8.92
2006-11-09,8.91
2006-11-10,8.94
2006-11-13,9.01
2006-11-14,9.08
2006-11-15,9.1
2006-11-16,9.13
2006-11-17,9.15
2006-11-20,9.15
2006-11-21,9.15
2006-11-22,9.22
2006-11-24,9.2
2006-11-27,8.98
2006-11-28,9.03
2006-11-29,9.08
2006-11-30,9.1
2006-12-01,9.03
2006-12-04,9.14
2006-12-05,9.15
2006-12-06,9.09
2006-12-07,9.05
2006-12-08,9.05
2006-12-11,9.11
2006-12-12,9.08
2006-12-13,9.09
2006-12-14,9.17
2006-12-15,9.17
2006-12-18,9.14
2006-12-19,9.08
2006-12-20,9.08
2006-12-21,9.04
2006-12-22,8.97
2006-12-26,9.02
2006-12-27,9.09
2006-12-28,9.08
2006-12-29,9.05
2007-01-03,9.08
2007-01-04,9.22
2007-01-05,9.15
2007-01-08,9.18
2007-01-09,9.19
2007-01-10,9.23
2007-01-11,9.33
2007-01-12,9.35
2007-01-16,9.33
2007-01-17,9.21
2007-01-18,9.11
2007-01-19,9.1
2007-01-22,9.03
2007-01-23,9.03
2007-01-24,9.2
2007-01-25,9.09
2007-01-26,9.09
2007-01-29,9.13
2007-01-30,9.18
2007-01-31,9.24
2007-02-01,9.2
2007-02-02,9.25
2007-02-05,9.22
2007-02-06,9.21
2007-02-07,9.25
2007-02-08,9.26
2007-02-09,9.16
2007-02-12,9.12
2007-02-13,9.16
2007-02-14,9.29
2007-02-15,9.32
2007-02-16,9.3
2007-02-20,9.31
2007-02-21,9.29
2007-02-22,9.34
2007-02-23,9.33
2007-02-26,9.31
2007-02-27,8.95
2007-02-28,8.99
2007-03-01,8.98
2007-03-02,8.81
2007-03-05,8.83
2007-03-06,8.97
2007-03-07,8.86
2007-03-08,8.93
2007-03-09,8.95
2007-03-12,9.01
2007-03-13,8.86
2007-03-14,8.95
2007-03-15,8.95
2007-03-16,8.93
2007-03-19,8.99
2007-03-20,9.05
2007-03-21,9.23
2007-03-22,9.2
2007-03-23,9.18
2007-03-26,9.19
2007-03-27,9.19
2007-03-28,9.09
2007-03-29,9.1
2007-03-30,9.08
2007-04-02,9.12
2007-04-03,9.2
2007-04-04,9.25
2007-04-05,9.29
2007-04-09,9.29
2007-04-10,9.28
2007-04-11,9.19
2007-04-12,9.29
2007-04-13,9.3
2007-04-16,9.38
2007-04-17,9.4
2007-04-18,9.37
2007-04-19,9.38
2007-04-20,9.43
2007-04-23,9.41
2007-04-24,9.46
2007-04-25,9.53
2007-04-26,9.59
2007-04-27,9.58
2007-04-30,9.51
2007-05-01,9.55
2007-05-02,9.6
2007-05-03,9.7
2007-05-04,9.74
2007-05-07,9.72
2007-05-08,9.76
2007-05-09,9.75
2007-05-10,9.7
2007-05-11,9.81
2007-05-14,9.76
2007-05-15,9.74
2007-05-16,9.83
2007-05-17,9.8
2007-05-18,9.85
2007-05-21,9.9
2007-05-22,9.88
2007-05-23,9.85
2007-05-24,9.72
2007-05-25,9.81
2007-05-29,9.86
2007-05-30,9.94
2007-05-31,9.98
2007-06-01,9.98
2007-06-04,10.02
2007-06-05,9.98
2007-06-06,9.87
2007-06-07,9.73
2007-06-08,9.86
2007-06-11,9.88
2007-06-12,9.77
2007-06-13,9.89
2007-06-14,9.98
2007-06-15,10.04
2007-06-18,10.07
2007-06-19,10.07
2007-06-20,10.01
2007-06-21,10.06
2007-06-22,9.95
2007-06-25,9.91
2007-06-26,9.87
2007-06-27,9.97
2007-06-28,10.01
2007-06-29,9.97
2007-07-02,10.06
2007-07-03,10.13
2007-07-05,10.17
2007-07-06,10.19
2007-07-09,10.24
2007-07-10,10.13
2007-07-11,10.19
2007-07-12,10.36
2007-07-13,10.38
2007-07-16,10.41
2007-07-17,10.45
2007-07-18,10.39
2007-07-19,10.48
2007-07-20,10.44
2007-07-23,10.46
2007-07-24,10.35
2007-07-25,10.36
2007-07-26,10.21
2007-07-27,9.99
2007-07-30,10.02
2007-07-31,9.95
2007-08-01,10.05
2007-08-02,10.07
2007-08-03,9.87
2007-08-06,10.03
2007-08-07,10.05
2007-08-08,10.21
2007-08-09,9.97
2007-08-10,9.83
2007-08-13,9.97
2007-08-14,9.77
2007-08-15,9.64
2007-08-16,9.58
2007-08-17,9.67
2007-08-20,9.71
2007-08-21,9.74
2007-08-22,9.87
2007-08-23,9.89
2007-08-24,10.03
2007-08-27,9.98
2007-08-28,9.8
2007-08-29,10.03
2007-08-30,10.08
2007-08-31,10.14
2007-09-04,10.3
2007-09-05,10.19
2007-09-06,10.24
2007-09-07,10.03
2007-09-10,10.01
2007-09-11,10.16
2007-09-12,10.13
2007-09-13,10.13
2007-09-14,10.08
2007-09-17,10.07
2007-09-18,10.27
2007-09-19,10.31
2007-09-20,10.35
2007-09-21,10.43
2007-09-24,10.4
2007-09-25,10.51
2007-09-26,10.57
2007-09-27,10.57
2007-09-28,10.53
2007-10-01,10.64
2007-10-02,10.68
2007-10-03,10.55
2007-10-04,10.58
2007-10-05,10.69
2007-10-08,10.71
2007-10-09,10.79
2007-10-10,10.83
2007-10-11,10.71
2007-10-12,10.82
2007-10-15,10.74
2007-10-16,10.74
2007-10-17,10.83
2007-10-18,10.85
2007-10-19,10.6
2007-10-22,10.66
2007-10-23,10.78
2007-10-24,10.67
2007-10-25,10.76
2007-10-26,10.91
2007-10-29,10.94
2007-10-30,10.96
2007-10-31,11.09
2007-11-01,10.96
2007-11-02,10.99
2007-11-05,10.97
2007-11-06,11.03
2007-11-07,10.73
2007-11-08,10.35
2007-11-09,10.14
2007-11-12,9.97
2007-11-13,10.31
2007-11-14,10.25
2007-11-15,10.13
2007-11-16,10.27
2007-11-19,10.07
2007-11-20,10.16
2007-11-21,9.96
2007-11-23,10.06
2007-11-26,9.85
2007-11-27,9.96
2007-11-28,10.25
2007-11-29,10.3
2007-11-30,10.25
2007-12-03,10.19
2007-12-04,10.15
2007-12-05,10.38
2007-12-06,10.49
2007-12-07,10.5
2007-12-10,10.55
2007-12-11,10.39
2007-12-12,10.57
2007-12-13,10.51
2007-12-14,10.45
2007-12-17,10.25
2007-12-18,10.25
2007-12-19,10.31
2007-12-20,10.46
2007-12-21,10.6
2007-12-24,10.67
2007-12-26,10.73
2007-12-27,10.58
2007-12-28,10.53
2007-12-31,10.45
2008-01-02,10.24
2008-01-03,10.26
2008-01-04,9.86
2008-01-07,9.77
2008-01-08,9.51
2008-01-09,9.65
2008-01-10,9.66
2008-01-11,9.52
2008-01-14,9.71
2008-01-15,9.51
2008-01-16,9.3
2008-01-17,9.22
2008-01-18,9.06
2008-01-22,8.89
2008-01-23,8.97
2008-01-24,9.1
2008-01-25,8.96
2008-01-28,9.0
2008-01-29,9.07
2008-01-30,9.0
2008-01-31,9.12
2008-02-01,9.27
2008-02-04,9.08
2008-02-05,8.85
2008-02-06,8.76
2008-02-07,8.81
2008-02-08,8.74
2008-02-11,8.9
2008-02-12,8.92
2008-02-13,9.12
2008-02-14,8.94
2008-02-15,8.91
2008-02-19,8.83
2008-02-20,8.84
2008-02-21,8.83
2008-02-22,8.82
2008-02-25,8.87
2008-02-26,8.97
2008-02-27,8.98
2008-02-28,8.87
2008-02-29,8.69
2008-03-03,8.68
2008-03-04,8.69
2008-03-05,8.76
2008-03-06,8.63
2008-03-07,8.63
2008-03-10,8.54
2008-03-11,8.84
2008-03-12,8.75
2008-03-13,8.72
2008-03-14,8.61
2008-03-17,8.57
2008-03-18,8.95
2008-03-19,8.69
2008-03-20,8.78
2008-03-24,9.09
2008-03-25,9.1
2008-03-26,8.92
2008-03-27,8.85
2008-03-28,8.8
2008-03-31,8.79
2008-04-01,9.04
2008-04-02,9.15
2008-04-03,9.15
2008-04-04,9.12
2008-04-07,9.12
2008-04-08,9.07
2008-04-09,9.03
2008-04-10,9.1
2008-04-11,8.86
2008-04-14,8.83
2008-04-15,8.83
2008-04-16,9.19
2008-04-17,9.18
2008-04-18,9.34
2008-04-21,9.4
2008-04-22,9.35
2008-04-23,9.41
2008-04-24,9.53
2008-04-25,9.41
2008-04-28,9.41
2008-04-29,9.5
2008-04-30,9.34
2008-05-01,9.73
2008-05-02,9.72
2008-05-05,9.68
2008-05-06,9.8
2008-05-07,9.63
2008-05-08,9.64
2008-05-09,9.61
2008-05-12,9.77
2008-05-13,9.77
2008-05-14,9.79
2008-05-15,9.97
2008-05-16,9.95
2008-05-19,10.0
2008-05-20,9.84
2008-05-21,9.59
2008-05-22,9.62
2008-05-23,9.6
2008-05-27,9.76
2008-05-28,9.81
2008-05-29,9.88
2008-05-30,9.94
2008-06-02,9.8
2008-06-03,9.75
2008-06-04,9.77
2008-06-05,9.97
2008-06-06,9.7
2008-06-09,9.68
2008-06-10,9.63
2008-06-11,9.39
2008-06-12,9.49
2008-06-13,9.59
2008-06-16,9.62
2008-06-17,9.58
2008-06-18,9.48
2008-06-19,9.51
2008-06-20,9.34
2008-06-23,9.26
2008-06-24,9.24
2008-06-25,9.32
2008-06-26,9.15
2008-06-27,9.02
2008-06-30,9.01
2008-07-01,8.95
2008-07-02,8.83
2008-07-03,8.79
2008-07-07,8.89
2008-07-08,8.98
2008-07-09,8.71
2008-07-10,8.82
2008-07-11,8.74
2008-07-14,8.67
2008-07-15,8.65
2008-07-16,8.78
2008-07-17,8.87
2008-07-18,8.97
2008-07-21,8.79
2008-07-22,8.74
2008-07-23,8.9
2008-07-24,8.67
2008-07-25,8.8
2008-07-28,8.61
2008-07-29,8.78
2008-07-30,8.84
2008-07-31,8.79
2008-08-01,8.69
2008-08-04,8.74
2008-08-05,8.9
2008-08-06,9.03
2008-08-07,9.01
2008-08-08,9.18
2008-08-11,9.24
2008-08-12,9.26
2008-08-13,9.23
2008-08-14,9.3
2008-08-15,9.33
2008-08-18,9.22
2008-08-19,9.05
2008-08-20,9.07
2008-08-21,9.04
2008-08-22,9.16
2008-08-25,9.05
2008-08-26,9.01
2008-08-27,9.1
2008-08-28,9.15
2008-08-29,8.95
2008-09-02,8.9
2008-09-03,8.78
2008-09-04,8.46
2008-09-05,8.46
2008-09-08,8.57
2008-09-09,8.42
2008-09-10,8.38
2008-09-11,8.52
2008-09-12,8.56
2008-09-15,8.14
2008-09-16,8.3
2008-09-17,7.84
2008-09-18,8.17
2008-09-19,8.23
2008-09-22,8.02
2008-09-23,8.01
2008-09-24,8.03
2008-09-25,8.17
2008-09-26,8.21
2008-09-29,7.5
2008-09-30,7.83
2008-10-01,7.76
2008-10-02,7.46
2008-10-03,7.35
2008-10-06,6.95
2008-10-07,6.59
2008-10-08,6.53
2008-10-09,6.32
2008-10-10,6.28
2008-10-13,7.01
2008-10-14,6.77
2008-10-15,6.26
2008-10-16,6.59
2008-10-17,6.53
2008-10-20,6.79
2008-10-21,6.43
2008-10-22,6.1
2008-10-23,6.24
2008-10-24,5.94
2008-10-27,5.82
2008-10-28,6.63
2008-10-29,6.37
2008-10-30,6.61
2008-10-31,6.57
2008-11-03,6.57
2008-11-04,6.85
2008-11-05,6.43
2008-11-06,6.08
2008-11-07,6.25
2008-11-10,6.18
2008-11-11,6.05
2008-11-12,5.77
2008-11-13,6.13
2008-11-14,5.85
2008-11-17,5.68
2008-11-18,5.76
2008-11-19,5.44
2008-11-20,5.21
2008-11-21,5.48
2008-11-24,5.75
2008-11-25,5.83
2008-11-26,6.01
2008-11-28,6.02
2008-12-01,5.58
2008-12-02,5.78
2008-12-03,5.95
2008-12-04,5.71
2008-12-05,5.93
2008-12-08,6.21
2008-12-09,6.17
2008-12-10,6.12
2008-12-11,5.99
2008-12-12,6.06
2008-12-15,5.99
2008-12-16,6.3
2008-12-17,6.18
2008-12-18,6.01
2008-12-19,6.06
2008-12-22,5.98
2008-12-23,5.89
2008-12-24,5.93
2008-12-26,5.92
2008-12-29,5.93
2008-12-30,6.04
2008-12-31,6.11
2009-01-02,6.34
2009-01-05,6.33
2009-01-06,6.47
2009-01-07,6.27
2009-01-08,6.31
2009-01-09,6.17
2009-01-12,6.06
2009-01-13,6.03
2009-01-14,5.85
2009-01-15,5.89
2009-01-16,5.93
2009-01-20,5.69
2009-01-21,5.96
2009-01-22,5.83
2009-01-23,5.91
2009-01-26,5.98
2009-01-27,6.02
2009-01-28,6.19
2009-01-29,6.0
2009-01-30,5.83
2009-02-02,5.92
2009-02-03,6.04
2009-02-04,6.03
2009-02-05,6.13
2009-02-06,6.34
2009-02-09,6.35
2009-02-10,6.09
2009-02-11,6.11
2009-02-12,6.13
2009-02-13,6.11
2009-02-17,5.85
2009-02-18,5.86
2009-02-19,5.71
2009-02-20,5.77
2009-02-23,5.5
2009-02-24,5.65
2009-02-25,5.7
2009-02-26,5.64
2009-02-27,5.6
2009-03-02,5.47
2009-03-03,5.42
2009-03-04,5.56
2009-03-05,5.39
2009-03-06,5.42
2009-03-09,5.25
2009-03-10,5.55
2009-03-11,5.67
2009-03-12,5.83
2009-03-13,5.83
2009-03-16,5.78
2009-03-17,5.99
2009-03-18,6.08
2009-03-19,6.09
2009-03-20,6.0
2009-03-23,6.35
2009-03-24,6.25
2009-03-25,6.29
2009-03-26,6.45
2009-03-27,6.31
2009-03-30,6.11
2009-03-31,6.23
2009-04-01,6.4
2009-04-02,6.57
2009-04-03,6.66
2009-04-06,6.6
2009-04-07,6.41
2009-04-08,6.51
2009-04-09,6.67
2009-04-13,6.67
2009-04-14,6.6
2009-04-15,6.58
2009-04-16,6.78
2009-04-17,6.76
2009-04-20,6.55
2009-04-21,6.66
2009-04-22,6.69
2009-04-23,6.72
2009-04-24,6.82
2009-04-27,6.79
2009-04-28,6.78
2009-04-29,6.86
2009-04-30,6.88
2009-05-01,6.97
2009-05-04,7.1
2009-05-05,7.05
2009-05-06,7.09
2009-05-07,6.82
2009-05-08,6.82
2009-05-11,6.84
2009-05-12,6.8
2009-05-13,6.63
2009-05-14,6.7
2009-05-15,6.7
2009-05-18,6.88
2009-05-19,6.92
2009-05-20,6.85
2009-05-21,6.73
2009-05-22,6.76
2009-05-26,6.93
2009-05-27,6.86
2009-05-28,6.96
2009-05-29,7.04
2009-06-01,7.24
2009-06-02,7.22
2009-06-03,7.14
2009-06-04,7.24
2009-06-05,7.31
2009-06-08,7.27
2009-06-09,7.3
2009-06-10,7.32
2009-06-11,7.35
2009-06-12,7.33
2009-06-15,7.25
2009-06-16,7.16
2009-06-17,7.2
2009-06-18,7.17
2009-06-19,7.26
2009-06-22,7.08
2009-06-23,7.08
2009-06-24,7.18
2009-06-25,7.29
2009-06-26,7.28
2009-06-29,7.35
2009-06-30,7.3
2009-07-01,7.33
2009-07-02,7.14
2009-07-06,7.12
2009-07-07,6.95
2009-07-08,6.95
2009-07-09,6.99
2009-07-10,7.02
2009-07-13,7.15
2009-07-14,7.16
2009-07-15,7.43
2009-07-16,7.54
2009-07-17,7.61
2009-07-20,7.68
2009-07-21,7.72
2009-07-22,7.77
2009-07-23,7.92
2009-07-24,7.87
2009-07-27,7.87
2009-07-28,7.89
2009-07-29,7.88
2009-07-30,7.92
2009-07-31,7.89
2009-08-03,8.0
2009-08-04,7.98
2009-08-05,7.9
2009-08-06,7.85
2009-08-07,7.93
2009-08-10,7.89
2009-08-11,7.78
2009-08-12,7.94
2009-08-13,7.97
2009-08-14,7.9
2009-08-17,7.71
2009-08-18,7.82
2009-08-19,7.84
2009-08-20,7.93
2009-08-21,8.05
2009-08-24,8.02
2009-08-25,8.04
2009-08-26,8.08
2009-08-27,8.1
2009-08-28,8.12
2009-08-31,8.02
2009-09-01,7.86
2009-09-02,7.87
2009-09-03,7.91
2009-09-04,8.05
2009-09-08,8.11
2009-09-09,8.17
2009-09-10,8.28
2009-09-11,8.29
2009-09-14,8.26
2009-09-15,8.32
2009-09-16,8.38
2009-09-17,8.35
2009-09-18,8.4
2009-09-21,8.36
2009-09-22,8.41
2009-09-23,8.41
2009-09-24,8.33
2009-09-25,8.28
2009-09-28,8.41
2009-09-29,8.37
2009-09-30,8.39
2009-10-01,8.14
2009-10-02,8.14
2009-10-05,8.21
2009-10-06,8.36
2009-10-07,8.34
2009-10-08,8.4
2009-10-09,8.45
2009-10-12,8.46
2009-10-13,8.49
2009-10-14,8.59
2009-10-15,8.57
2009-10-16,8.49
2009-10-19,8.58
2009-10-20,8.56
2009-10-21,8.56
2009-10-22,8.6
2009-10-23,8.58
2009-10-26,8.52
2009-10-27,8.48
2009-10-28,8.35
2009-10-29,8.51
2009-10-30,8.29
2009-11-02,8.34
2009-11-03,8.3
2009-11-04,8.35
2009-11-05,8.53
2009-11-06,8.54
2009-11-09,8.74
2009-11-10,8.74
2009-11-11,8.79
2009-11-12,8.73
2009-11-13,8.81
2009-11-16,8.9
2009-11-17,8.94
2009-11-18,8.89
2009-11-19,8.77
2009-11-20,8.72
2009-11-23,8.87
2009-11-24,8.86
2009-11-25,8.87
2009-11-27,8.73
2009-11-30,8.75
2009-12-01,8.89
2009-12-02,8.87
2009-12-03,8.88
2009-12-04,8.93
2009-12-07,8.92
2009-12-08,8.84
2009-12-09,8.92
2009-12-10,8.96
2009-12-11,8.94
2009-12-14,9.02
2009-12-15,8.96
2009-12-16,8.99
2009-12-17,8.88
2009-12-18,9.01
2009-12-21,9.09
2009-12-22,9.16
2009-12-23,9.2
2009-12-24,9.29
2009-12-28,9.31
2009-12-29,9.3
2009-12-30,9.33
2009-12-31,9.25
2010-01-04,9.39
2010-01-05,9.38
2010-01-06,9.27
2010-01-07,9.24
2010-01-08,9.3
2010-01-11,9.26
2010-01-12,9.16
2010-01-13,9.25
2010-01-14,9.27
2010-01-15,9.14
2010-01-19,9.3
2010-01-20,9.15
2010-01-21,9.06
2010-01-22,8.74
2010-01-25,8.81
2010-01-26,8.79
2010-01-27,8.86
2010-01-28,8.61
2010-01-29,8.46
2010-02-01,8.56
2010-02-02,8.64
2010-02-03,8.66
2010-02-04,8.42
2010-02-05,8.5
2010-02-08,8.47
2010-02-09,8.54
2010-02-10,8.51
2010-02-11,8.6
2010-02-12,8.62
2010-02-16,8.75
2010-02-17,8.77
2010-02-18,8.83
2010-02-19,8.81
2010-02-22,8.79
2010-02-23,8.68
2010-02-24,8.76
2010-02-25,8.74
2010-02-26,8.75
2010-03-01,8.87
2010-03-02,8.85
2010-03-03,8.86
2010-03-04,8.89
2010-03-05,9.0
2010-03-08,9.05
2010-03-09,9.09
2010-03-10,9.15
2010-03-11,9.19
2010-03-12,9.18
2010-03-15,9.17
2010-03-16,9.24
2010-03-17,9.27
2010-03-18,9.28
2010-03-19,9.23
2010-03-22,9.29
2010-03-23,9.38
2010-03-24,9.34
2010-03-25,9.36
2010-03-26,9.31
2010-03-29,9.34
2010-03-30,9.38
2010-03-31,9.35
2010-04-01,9.34
2010-04-05,9.44
2010-04-06,9.45
2010-04-07,9.42
2010-04-08,9.43
2010-04-09,9.51
2010-04-12,9.53
2010-04-13,9.55
2010-04-14,9.69
2010-04-15,9.74
2010-04-16,9.61
2010-04-19,9.63
2010-04-20,9.68
2010-04-21,9.7
2010-04-22,9.72
2010-04-23,9.75
2010-04-26,9.74
2010-04-27,9.55
2010-04-28,9.57
2010-04-29,9.67
2010-04-30,9.47
2010-05-03,9.6
2010-05-04,9.32
2010-05-05,9.28
2010-05-06,9.0
2010-05-07,8.81
2010-05-10,9.21
2010-05-11,9.15
2010-05-12,9.39
2010-05-13,9.25
2010-05-14,9.07
2010-05-17,9.12
2010-05-18,8.98
2010-05-19,8.91
2010-05-20,8.63
2010-05-21,8.69
2010-05-24,8.65
2010-05-25,8.63
2010-05-26,8.54
2010-05-27,8.83
2010-05-28,8.76
2010-06-01,8.68
2010-06-02,8.87
2010-06-03,8.96
2010-06-04,8.67
2010-06-07,8.55
2010-06-08,8.56
2010-06-09,8.52
2010-06-10,8.72
2010-06-11,8.8
2010-06-14,8.78
2010-06-15,9.02
2010-06-16,9.04
2010-06-17,9.07
2010-06-18,9.07
2010-06-21,9.01
2010-06-22,8.93
2010-06-23,8.91
2010-06-24,8.73
2010-06-25,8.73
2010-06-28,8.74
2010-06-29,8.42
2010-06-30,8.29
2010-07-01,8.26
2010-07-02,8.24
2010-07-06,8.32
2010-07-07,8.59
2010-07-08,8.65
2010-07-09,8.69
2010-07-12,8.73
2010-07-13,8.86
2010-07-14,8.91
2010-07-15,8.94
2010-07-16,8.68
2010-07-19,8.77
2010-07-20,8.82
2010-07-21,8.72
2010-07-22,8.95
2010-07-23,9.01
2010-07-26,9.07
2010-07-27,9.1
2010-07-28,9.02
2010-07-29,8.94
2010-07-30,8.91
2010-08-02,9.09
2010-08-03,9.04
2010-08-04,9.12
2010-08-05,9.08
2010-08-06,9.05
2010-08-09,9.11
2010-08-10,9.02
2010-08-11,8.8
2010-08-12,8.68
2010-08-13,8.64
2010-08-16,8.66
2010-08-17,8.75
2010-08-18,8.8
2010-08-19,8.69
2010-08-20,8.67
2010-08-23,8.6
2010-08-24,8.48
2010-08-25,8.53
2010-08-26,8.45
2010-08-27,8.55
2010-08-30,8.43
2010-08-31,8.41
2010-09-01,8.62
2010-09-02,8.7
2010-09-03,8.83
2010-09-07,8.75
2010-09-08,8.8
2010-09-09,8.83
2010-09-10,8.83
2010-09-13,8.99
2010-09-14,9.03
2010-09-15,9.08
2010-09-16,9.14
2010-09-17,9.19
2010-09-20,9.32
2010-09-21,9.3
2010-09-22,9.26
2010-09-23,9.25
2010-09-24,9.43
2010-09-27,9.43
2010-09-28,9.44
2010-09-29,9.42
2010-09-30,9.39
2010-10-01,9.39
2010-10-04,9.31
2010-10-05,9.5
2010-10-06,9.45
2010-10-07,9.45
2010-10-08,9.5
2010-10-11,9.52
2010-10-12,9.58
2010-10-13,9.66
2010-10-14,9.66
2010-10-15,9.82
2010-10-18,9.89
2010-10-19,9.71
2010-10-20,9.79
2010-10-21,9.8
2010-10-22,9.83
2010-10-25,9.86
2010-10-26,9.88
2010-10-27,9.91
2010-10-28,9.91
2010-10-29,9.93
2010-11-01,9.94
2010-11-02,10.03
2010-11-03,10.09
2010-11-04,10.24
2010-11-05,10.23
2010-11-08,10.24
2010-11-09,10.21
2010-11-10,10.22
2010-11-11,10.07
2010-11-12,9.92
2010-11-15,9.9
2010-11-16,9.72
2010-11-17,9.72
2010-11-18,9.88
2010-11-19,9.91
2010-11-22,9.97
2010-11-23,9.82
2010-11-24,9.99
2010-11-26,9.89
2010-11-29,9.86
2010-11-30,9.77
2010-12-01,9.97
2010-12-02,10.09
2010-12-03,10.12
2010-12-06,10.12
2010-12-07,10.13
2010-12-08,10.21
2010-12-09,10.22
2010-12-10,10.27
2010-12-13,10.25
2010-12-14,10.27
2010-12-15,10.23
2010-12-16,10.24
2010-12-17,10.26
2010-12-20,10.27
2010-12-21,10.33
2010-12-22,10.32
2010-12-23,10.32
2010-12-27,10.34
2010-12-28,10.32
2010-12-29,10.34
2010-12-30,10.32
2010-12-31,10.31
2011-01-03,10.42
2011-01-04,10.46
2011-01-05,10.52
2011-01-06,10.59
2011-01-07,10.54
2011-01-10,10.54
2011-01-11,10.53
2011-01-12,10.62
2011-01-13,10.61
2011-01-14,10.71
2011-01-18,10.72
2011-01-19,10.64
2011-01-20,10.59
2011-01-21,10.52
2011-01-24,10.67
2011-01-25,10.72
2011-01-26,10.78
2011-01-27,10.82
2011-01-28,10.57
2011-01-31,10.63
2011-02-01,10.82
2011-02-02,10.84
2011-02-03,10.85
2011-02-04,10.92
2011-02-07,10.97
2011-02-08,11.02
2011-02-09,11.0
2011-02-10,10.95
2011-02-11,11.01
2011-02-14,11.02
2011-02-15,10.98
2011-02-16,11.04
2011-02-17,11.06
2011-02-18,11.05
2011-02-22,10.78
2011-02-23,10.65
2011-02-24,10.69
2011-02-25,10.82
2011-02-28,10.87
2011-03-01,10.66
2011-03-02,10.72
2011-03-03,10.9
2011-03-04,10.81
2011-03-07,10.67
2011-03-08,10.76
2011-03-09,10.72
2011-03-10,10.52
2011-03-11,10.56
2011-03-14,10.51
2011-03-15,10.35
2011-03-16,10.1
2011-03-17,10.21
2011-03-18,10.22
2011-03-21,10.4
2011-03-22,10.38
2011-03-23,10.44
2011-03-24,10.6
2011-03-25,10.63
2011-03-28,10.6
2011-03-29,10.68
2011-03-30,10.72
2011-03-31,10.7
2011-04-01,10.68
2011-04-04,10.64
2011-04-05,10.63
2011-04-06,10.7
2011-04-07,10.71
2011-04-08,10.65
2011-04-11,10.63
2011-04-12,10.54
2011-04-13,10.61
2011-04-14,10.59
2011-04-15,10.57
2011-04-18,10.47
2011-04-19,10.5
2011-04-20,10.72
2011-04-21,10.82
2011-04-25,10.83
2011-04-26,10.92
2011-04-27,10.98
2011-04-28,10.99
2011-04-29,10.98
2011-05-02,10.94
2011-05-03,10.94
2011-05-04,10.91
2011-05-05,10.85
2011-05-06,10.87
2011-05-09,10.92
2011-05-10,11.02
2011-05-11,10.92
2011-05-12,11.0
2011-05-13,10.86
2011-05-16,10.71
2011-05-17,10.71
2011-05-18,10.79
2011-05-19,10.81
2011-05-20,10.74
2011-05-23,10.59
2011-05-24,10.56
2011-05-25,10.59
2011-05-26,10.66
2011-05-27,10.72
2011-05-31,10.86
2011-06-01,10.64
2011-06-02,10.65
2011-06-03,10.49
2011-06-06,10.41
2011-06-07,10.38
2011-06-08,10.31
2011-06-09,10.31
2011-06-10,10.17
2011-06-13,10.18
2011-06-14,10.31
2011-06-15,10.11
2011-06-16,10.09
2011-06-17,10.08
2011-06-20,10.12
2011-06-21,10.3
2011-06-22,10.22
2011-06-23,10.29
2011-06-24,10.12
2011-06-27,10.25
2011-06-28,10.38
2011-06-29,10.46
2011-06-30,10.59
2011-07-01,10.77
2011-07-05,10.78
2011-07-06,10.83
2011-07-07,10.97
2011-07-08,10.91
2011-07-11,10.73
2011-07-12,10.64
2011-07-13,10.66
2011-07-14,10.57
2011-07-15,10.68
2011-07-18,10.65
2011-07-19,10.9
2011-07-20,10.87
2011-07-21,10.92
2011-07-22,11.01
2011-07-25,10.99
2011-07-26,11.04
2011-07-27,10.74
2011-07-28,10.73
2011-07-29,10.64
2011-08-01,10.63
2011-08-02,10.41
2011-08-03,10.52
2011-08-04,10.09
2011-08-05,10.03
2011-08-08,9.46
2011-08-09,9.9
2011-08-10,9.51
2011-08-11,9.87
2011-08-12,9.94
2011-08-15,10.12
2011-08-16,10.05
2011-08-17,10.0
2011-08-18,9.51
2011-08-19,9.28
2011-08-22,9.33
2011-08-23,9.67
2011-08-24,9.76
2011-08-25,9.62
2011-08-26,9.81
2011-08-29,10.06
2011-08-30,10.1
2011-08-31,10.07
2011-09-01,9.96
2011-09-02,9.74
2011-09-06,9.69
2011-09-07,9.94
2011-09-08,9.89
2011-09-09,9.68
2011-09-12,9.8
2011-09-13,9.91
2011-09-14,10.06
2011-09-15,10.22
2011-09-16,10.34
2011-09-19,10.31
2011-09-20,10.29
2011-09-21,10.13
2011-09-22,9.82
2011-09-23,9.93
2011-09-26,10.06
2011-09-27,10.18
2011-09-28,10.04
2011-09-29,10.02
2011-09-30,9.77
2011-10-03,9.55
2011-10-04,9.74
2011-10-05,9.94
2011-10-06,10.09
2011-10-07,10.06
2011-10-10,10.37
2011-10-11,10.41
2011-10-12,10.46
2011-10-13,10.57
2011-10-14,10.76
2011-10-17,10.59
2011-10-18,10.68
2011-10-19,10.48
2011-10-20,10.43
2011-10-21,10.56
2011-10-24,10.73
2011-10-25,10.56
2011-10-26,10.61
2011-10-27,10.92
2011-10-28,10.96
2011-10-31,10.76
2011-11-01,10.46
2011-11-02,10.59
2011-11-03,10.85
2011-11-04,10.78
2011-11-07,10.85
2011-11-08,10.97
2011-11-09,10.59
2011-11-10,10.62
2011-11-11,10.82
2011-11-14,10.74
2011-11-15,10.89
2011-11-16,10.73
2011-11-17,10.52
2011-11-18,10.43
2011-11-21,10.25
2011-11-22,10.23
2011-11-23,9.99
2011-11-25,9.94
2011-11-28,10.26
2011-11-29,10.21
2011-11-30,10.6
2011-12-01,10.66
2011-12-02,10.65
2011-12-05,10.77
2011-12-06,10.77
2011-12-07,10.78
2011-12-08,10.61
2011-12-09,10.78
2011-12-12,10.64
2011-12-13,10.54
2011-12-14,10.38
2011-12-15,10.35
2011-12-16,10.38
2011-12-19,10.28
2011-12-20,10.57
2011-12-21,10.4
2011-12-22,10.52
2011-12-23,10.62
2011-12-27,10.64
2011-12-28,10.53
2011-12-29,10.61
2011-12-30,10.58
2012-01-03,10.73
2012-01-04,10.76
2012-01-05,10.79
2012-01-06,10.79
2012-01-09,10.78
2012-01-10,10.81
2012-01-11,10.85
2012-01-12,10.9
2012-01-13,10.84
2012-01-17,10.89
2012-01-18,11.05
2012-01-19,11.13
2012-01-20,11.14
2012-01-23,11.18
2012-01-24,11.17
2012-01-25,11.25
2012-01-26,11.18
2012-01-27,11.18
2012-01-30,11.21
2012-01-31,11.23
2012-02-01,11.35
2012-02-02,11.37
2012-02-03,11.52
2012-02-06,11.52
2012-02-07,11.55
2012-02-08,11.62
2012-02-09,11.74
2012-02-10,11.65
2012-02-13,11.72
2012-02-14,11.74
2012-02-15,11.68
2012-02-16,11.85
2012-02-17,11.85
2012-02-21,11.9
2012-02-22,11.86
2012-02-23,11.91
2012-02-24,11.98
2012-02-27,12.0
2012-02-28,12.09
2012-02-29,12.03
2012-03-01,12.1
2012-03-02,12.09
2012-03-05,11.98
2012-03-06,11.87
2012-03-07,11.95
2012-03-08,12.07
2012-03-09,12.13
2012-03-12,12.14
2012-03-13,12.38
2012-03-14,12.43
2012-03-15,12.46
2012-03-16,12.46
2012-03-19,12.55
2012-03-20,12.54
2012-03-21,12.53
2012-03-22,12.5
2012-03-23,12.5
2012-03-26,12.69
2012-03-27,12.68
2012-03-28,12.64
2012-03-29,12.61
2012-03-30,12.57
2012-04-02,12.71
2012-04-03,12.7
2012-04-04,12.55
2012-04-05,12.58
2012-04-09,12.49
2012-04-10,12.32
2012-04-11,12.39
2012-04-12,12.54
2012-04-13,12.35
2012-04-16,12.22
2012-04-17,12.48
2012-04-18,12.39
2012-04-19,12.25
2012-04-20,12.21
2012-04-23,12.11
2012-04-24,12.09
2012-04-25,12.43
2012-04-26,12.52
2012-04-27,12.52
2012-04-30,12.43
2012-05-01,12.47
2012-05-02,12.48
2012-05-03,12.38
2012-05-04,12.12
2012-05-07,12.09
2012-05-08,12.05
2012-05-09,12.05
2012-05-10,11.95
2012-05-11,11.96
2012-05-14,11.86
2012-05-15,11.82
2012-05-16,11.73
2012-05-17,11.56
2012-05-18,11.45
2012-05-21,11.74
2012-05-22,11.7
2012-05-23,11.71
2012-05-24,11.65
2012-05-25,11.62
2012-05-29,11.77
2012-05-30,11.7
2012-05-31,11.65
2012-06-01,11.34
2012-06-04,11.41
2012-06-05,11.48
2012-06-06,11.74
2012-06-07,11.68
2012-06-08,11.81
2012-06-11,11.65
2012-06-12,11.76
2012-06-13,11.69
2012-06-14,11.75
2012-06-15,11.87
2012-06-18,11.96
2012-06-19,12.05
2012-06-20,12.08
2012-06-21,11.79
2012-06-22,11.92
2012-06-25,11.68
2012-06-26,11.72
2012-06-27,11.79
2012-06-28,11.7
2012-06-29,12.03
2012-07-02,12.09
2012-07-03,12.19
2012-07-05,12.19
2012-07-06,12.01
2012-07-09,11.98
2012-07-10,11.85
2012-07-11,11.79
2012-07-12,11.68
2012-07-13,11.83
2012-07-16,11.82
2012-07-17,11.87
2012-07-18,12.07
2012-07-19,12.18
2012-07-20,12.04
2012-07-23,11.92
2012-07-24,11.8
2012-07-25,11.75
2012-07-26,11.93
2012-07-27,12.19
2012-07-30,12.2
2012-07-31,12.25
2012-08-01,12.21
2012-08-02,12.13
2012-08-03,12.36
2012-08-06,12.45
2012-08-07,12.54
2012-08-08,12.54
2012-08-09,12.58
2012-08-10,12.61
2012-08-13,12.65
2012-08-14,12.62
2012-08-15,12.63
2012-08-16,12.8
2012-08-17,12.87
2012-08-20,12.88
2012-08-21,12.8
2012-08-22,12.82
2012-08-23,12.72
2012-08-24,12.8
2012-08-27,12.81
2012-08-28,12.78
2012-08-29,12.8
2012-08-30,12.66
2012-08-31,12.76
2012-09-04,12.76
2012-09-05,12.75
2012-09-06,13.03
2012-09-07,13.01
2012-09-10,12.87
2012-09-11,12.91
2012-09-12,12.98
2012-09-13,13.16
2012-09-14,13.22
2012-09-17,13.23
2012-09-18,13.24
2012-09-19,13.25
2012-09-20,13.23
2012-09-21,13.24
2012-09-24,13.16
2012-09-25,12.97
2012-09-26,12.88
2012-09-27,13.05
2012-09-28,12.96
2012-10-01,12.93
2012-10-02,12.94
2012-10-03,13.01
2012-10-04,13.05
2012-10-05,12.98
2012-10-08,12.85
2012-10-09,12.68
2012-10-10,12.63
2012-10-11,12.58
2012-10-12,12.57
2012-10-15,12.64
2012-10-16,12.81
2012-10-17,12.74
2012-10-18,12.6
2012-10-19,12.31
2012-10-22,12.39
2012-10-23,12.26
2012-10-24,12.19
2012-10-25,12.16
2012-10-26,12.18
2012-10-31,12.13
2012-11-01,12.33
2012-11-02,12.17
2012-11-05,12.24
2012-11-06,12.29
2012-11-07,11.99
2012-11-08,11.81
2012-11-09,11.87
2012-11-12,11.85
2012-11-13,11.79
2012-11-14,11.68
2012-11-15,11.61
2012-11-16,11.63
2012-11-19,11.94
2012-11-20,11.89
2012-11-21,11.93
2012-11-23,12.13
2012-11-26,12.18
2012-11-27,12.13
2012-11-28,12.2
2012-11-29,12.26
2012-11-30,12.24
2012-12-03,12.23
2012-12-04,12.21
2012-12-05,12.08
2012-12-06,12.15
2012-12-07,12.09
2012-12-10,12.12
2012-12-11,12.28
2012-12-12,12.26
2012-12-13,12.18
2012-12-14,12.06
2012-12-17,12.21
2012-12-18,12.39
2012-12-19,12.32
2012-12-20,12.34
2012-12-21,12.24
2012-12-24,12.2
2012-12-26,12.14
2012-12-27,12.12
2012-12-28,11.99
2012-12-31,12.19
2013-01-02,12.6
2013-01-03,12.52
2013-01-04,12.47
2013-01-07,12.45
2013-01-08,12.41
2013-01-09,12.43
2013-01-10,12.49
2013-01-11,12.51
2013-01-14,12.43
2013-01-15,12.35
2013-01-16,12.39
2013-01-17,12.44
2013-01-18,12.42
2013-01-22,12.46
2013-01-23,12.59
2013-01-24,12.37
2013-01-25,12.39
2013-01-28,12.43
2013-01-29,12.44
2013-01-30,12.41
2013-01-31,12.43
2013-02-01,12.57
2013-02-04,12.4
2013-02-05,12.55
2013-02-06,12.54
2013-02-07,12.54
2013-02-08,12.65
2013-02-11,12.68
2013-02-12,12.63
2013-02-13,12.63
2013-02-14,12.6
2013-02-15,12.59
2013-02-19,12.67
2013-02-20,12.5
2013-02-21,12.4
2013-02-22,12.55
2013-02-25,12.37
2013-02-26,12.44
2013-02-27,12.55
2013-02-28,12.52
2013-03-01,12.55
2013-03-04,12.58
2013-03-05,12.76
2013-03-06,12.75
2013-03-07,12.78
2013-03-08,12.8
2013-03-11,12.83
2013-03-12,12.79
2013-03-13,12.78
2013-03-14,12.87
2013-03-15,12.82
2013-03-18,12.82
2013-03-19,12.81
2013-03-20,12.87
2013-03-21,12.72
2013-03-22,12.81
2013-03-25,12.78
2013-03-26,12.86
2013-03-27,12.82
2013-03-28,12.85
2013-04-01,12.76
2013-04-02,12.81
2013-04-03,12.71
2013-04-04,12.72
2013-04-05,12.62
2013-04-08,12.67
2013-04-09,12.76
2013-04-10,12.99
2013-04-11,12.95
2013-04-12,12.89
2013-04-15,12.68
2013-04-16,12.83
2013-04-17,12.57
2013-04-18,12.44
2013-04-19,12.46
2013-04-22,12.55
2013-04-23,12.69
2013-04-24,12.71
2013-04-25,12.75
2013-04-26,12.75
2013-04-29,12.93
2013-04-30,13.07
2013-05-01,12.96
2013-05-02,13.12
2013-05-03,13.25
2013-05-06,13.31
2013-05-07,13.3
2013-05-08,13.41
2013-05-09,13.37
2013-05-10,13.41
2013-05-13,13.37
2013-05-14,13.42
2013-05-15,13.46
2013-05-16,13.53
2013-05-17,13.67
2013-05-20,13.67
2013-05-21,13.62
2013-05-22,13.48
2013-05-23,13.47
2013-05-24,13.45
2013-05-28,13.51
2013-05-29,13.48
2013-05-30,13.56
2013-05-31,13.44
2013-06-03,13.51
2013-06-04,13.45
2013-06-05,13.31
2013-06-06,13.34
2013-06-07,13.47
2013-06-10,13.5
2013-06-11,13.36
2013-06-12,13.27
2013-06-13,13.42
2013-06-14,13.32
2013-06-17,13.44
2013-06-18,13.55
2013-06-19,13.39
2013-06-20,13.09
2013-06-21,13.01
2013-06-24,12.86
2013-06-25,12.96
2013-06-26,13.04
2013-06-27,13.1
2013-06-28,13.05
2013-07-01,13.12
2013-07-02,13.14
2013-07-03,13.22
2013-07-05,13.3
2013-07-08,13.29
2013-07-09,13.34
2013-07-10,13.39
2013-07-11,13.61
2013-07-12,13.62
2013-07-15,13.66
2013-07-16,13.67
2013-07-17,13.68
2013-07-18,13.65
2013-07-19,13.42
2013-07-22,13.45
2013-07-23,13.4
2013-07-24,13.49
2013-07-25,13.5
2013-07-26,13.54
2013-07-29,13.51
2013-07-30,13.58
2013-07-31,13.54
2013-08-01,13.68
2013-08-02,13.74
2013-08-05,13.77
2013-08-06,13.7
2013-08-07,13.66
2013-08-08,13.71
2013-08-09,13.64
2013-08-12,13.73
2013-08-13,13.82
2013-08-14,13.81
2013-08-15,13.59
2013-08-16,13.57
2013-08-19,13.53
2013-08-20,13.55
2013-08-21,13.52
2013-08-22,13.58
2013-08-23,13.68
2013-08-26,13.62
2013-08-27,13.38
2013-08-28,13.39
2013-08-29,13.46
2013-08-30,13.39
2013-09-03,13.41
2013-09-04,13.54
2013-09-05,13.54
2013-09-06,13.55
2013-09-09,13.71
2013-09-10,13.8
2013-09-11,13.74
2013-09-12,13.75
2013-09-13,13.76
2013-09-16,13.74
2013-09-17,13.81
2013-09-18,13.98
2013-09-19,13.99
2013-09-20,13.89
2013-09-23,13.93
2013-09-24,13.87
2013-09-25,13.85
2013-09-26,13.9
2013-09-27,13.82
2013-09-30,13.73
2013-10-01,13.85
2013-10-02,13.86
2013-10-03,13.74
2013-10-04,13.79
2013-10-07,13.73
2013-10-08,13.51
2013-10-09,13.57
2013-10-10,13.79
2013-10-11,13.91
2013-10-14,13.96
2013-10-15,13.87
2013-10-16,14.0
2013-10-17,14.01
2013-10-18,14.25
2013-10-21,14.33
2013-10-22,14.32
2013-10-23,14.25
2013-10-24,14.29
2013-10-25,14.36
2013-10-28,14.41
2013-10-29,14.5
2013-10-30,14.47
2013-10-31,14.42
2013-11-01,14.43
2013-11-04,14.48
2013-11-05,14.45
2013-11-06,14.59
2013-11-07,14.4
2013-11-08,14.53
2013-11-11,14.55
2013-11-12,14.59
2013-11-13,14.71
2013-11-14,14.67
2013-11-15,14.7
2013-11-18,14.65
2013-11-19,14.6
2013-11-20,14.55
2013-11-21,14.67
2013-11-22,14.64
2013-11-25,14.64
2013-11-26,14.69
2013-11-27,14.81
2013-11-29,14.87
2013-12-02,14.82
2013-12-03,14.86
2013-12-04,14.87
2013-12-05,14.82
2013-12-06,14.93
2013-12-09,14.97
2013-12-10,14.94
2013-12-11,14.81
2013-12-12,14.71
2013-12-13,14.66
2013-12-16,14.81
2013-12-17,14.8
2013-12-18,14.92
2013-12-19,14.94
2013-12-20,15.06
2013-12-23,15.26
2013-12-24,15.3
2013-12-26,15.34
2013-12-27,15.33
2013-12-30,15.3
2013-12-31,15.4
2014-01-02,15.24
2014-01-03,15.17
2014-01-06,15.15
2014-01-07,15.28
2014-01-08,15.28
2014-01-09,15.18
2014-01-10,15.21
2014-01-13,15.05
2014-01-14,15.3
2014-01-15,15.49
2014-01-16,15.49
2014-01-17,15.4
2014-01-21,15.48
2014-01-22,15.46
2014-01-23,15.43
2014-01-24,15.13
2014-01-27,14.99
2014-01-28,14.9
2014-01-29,14.78
2014-01-30,14.96
2014-01-31,15.0
2014-02-03,14.68
2014-02-04,14.74
2014-02-05,14.75
2014-02-06,14.92
2014-02-07,15.12
2014-02-10,15.15
2014-02-11,15.33
2014-02-12,15.4
2014-02-13,15.51
2014-02-14,15.54
2014-02-18,15.55
2014-02-19,15.49
2014-02-20,15.55
2014-02-21,15.49
2014-02-24,15.55
2014-02-25,15.5
2014-02-26,15.52
2014-02-27,15.64
2014-02-28,15.66
2014-03-03,15.49
2014-03-04,15.69
2014-03-05,15.71
2014-03-06,15.74
2014-03-07,15.69
2014-03-10,15.66
2014-03-11,15.63
2014-03-12,15.65
2014-03-13,15.44
2014-03-14,15.35
2014-03-17,15.53
2014-03-18,15.73
2014-03-19,15.67
2014-03-20,15.79
2014-03-21,15.71
2014-03-24,15.69
2014-03-25,15.79
2014-03-26,15.6
2014-03-27,15.54
2014-03-28,15.6
2014-03-31,15.73
2014-04-01,15.91
2014-04-02,15.92
2014-04-03,15.84
2014-04-04,15.54
2014-04-07,15.42
2014-04-08,15.56
2014-04-09,15.76
2014-04-10,15.4
2014-04-11,15.23
2014-04-14,15.38
2014-04-15,15.46
2014-04-16,15.61
2014-04-17,15.59
2014-04-21,15.65
2014-04-22,15.71
2014-04-23,15.54
2014-04-24,15.66
2014-04-25,15.47
2014-04-28,15.61
2014-04-29,15.72
2014-04-30,15.77
2014-05-01,15.79
2014-05-02,15.74
2014-05-05,15.82
2014-05-06,15.65
2014-05-07,15.66
2014-05-08,15.7
2014-05-09,15.72
2014-05-12,15.93
2014-05-13,15.94
2014-05-14,15.86
2014-05-15,15.77
2014-05-16,15.87
2014-05-19,15.97
2014-05-20,15.88
2014-05-21,15.99
2014-05-22,16.02
2014-05-23,16.15
2014-05-27,16.29
2014-05-28,16.25
2014-05-29,16.34
2014-05-30,16.36
2014-06-02,16.34
2014-06-03,16.31
2014-06-04,16.34
2014-06-05,16.45
2014-06-06,16.52
2014-06-09,16.57
2014-06-10,16.58
2014-06-11,16.54
2014-06-12,16.4
2014-06-13,16.5
2014-06-16,16.5
2014-06-17,16.53
2014-06-18,16.62
2014-06-19,16.59
2014-06-20,16.55
2014-06-23,16.6
2014-06-24,16.51
2014-06-25,16.58
2014-06-26,16.56
2014-06-27,16.66
2014-06-30,16.67
2014-07-01,16.84
2014-07-02,16.85
2014-07-03,16.93
2014-07-07,16.94
2014-07-08,16.79
2014-07-09,16.88
2014-07-10,16.83
2014-07-11,16.91
2014-07-14,17.04
2014-07-15,17.01
2014-07-16,17.16
2014-07-17,16.94
2014-07-18,17.14
2014-07-21,17.12
2014-07-22,17.27
2014-07-23,17.3
2014-07-24,17.28
2014-07-25,17.26
2014-07-28,17.29
2014-07-29,17.26
2014-07-30,17.28
2014-07-31,16.95
2014-08-01,16.86
2014-08-04,16.98
2014-08-05,16.82
2014-08-06,16.77
2014-08-07,16.7
2014-08-08,16.81
2014-08-11,16.89
2014-08-12,16.88
2014-08-13,17.04
2014-08-14,17.08
2014-08-15,17.08
2014-08-18,17.24
2014-08-19,17.34
2014-08-20,17.34
2014-08-21,17.43
2014-08-22,17.43
2014-08-25,17.45
2014-08-26,17.46
2014-08-27,17.45
2014-08-28,17.43
2014-08-29,17.51
2014-09-02,17.51
2014-09-03,17.41
2014-09-04,17.41
2014-09-05,17.51
2014-09-08,17.54
2014-09-09,17.41
2014-09-10,17.51
2014-09-11,17.55
2014-09-12,17.48
2014-09-15,17.38
2014-09-16,17.51
2014-09-17,17.54
2014-09-18,17.64
2014-09-19,17.61
2014-09-22,17.49
2014-09-23,17.45
2014-09-24,17.56
2014-09-25,17.18
2014-09-26,17.37
2014-09-29,17.36
2014-09-30,17.42
2014-10-01,17.14
2014-10-02,17.14
2014-10-03,17.28
2014-10-06,17.28
2014-10-07,17.01
2014-10-08,17.33
2014-10-09,17.04
2014-10-10,16.61
2014-10-13,16.42
2014-10-14,16.45
2014-10-15,16.34
2014-10-16,16.24
2014-10-17,16.43
2014-10-20,16.55
2014-10-21,16.87
2014-10-22,16.8
2014-10-23,16.98
2014-10-24,17.13
2014-10-27,17.15
2014-10-28,17.38
2014-10-29,17.37
2014-10-30,17.42
2014-10-31,17.69
2014-11-03,17.77
2014-11-04,17.76
2014-11-05,17.81
2014-11-06,17.8
2014-11-07,17.83
2014-11-10,17.87
2014-11-11,17.88
2014-11-12,17.94
2014-11-13,18.03
2014-11-14,18.16
2014-11-17,18.13
2014-11-18,18.19
2014-11-19,18.07
2014-11-20,18.16
2014-11-21,18.19
2014-11-24,18.28
2014-11-25,18.29
2014-11-26,18.46
2014-11-28,18.55
2014-12-01,18.34
2014-12-02,18.34
2014-12-03,18.41
2014-12-04,18.41
2014-12-05,18.38
2014-12-08,18.2
2014-12-09,18.19
2014-12-10,17.92
2014-12-11,18.0
2014-12-12,17.73
2014-12-15,17.62
2014-12-16,17.38
2014-12-17,17.71
2014-12-18,18.22
2014-12-19,18.24
2014-12-22,18.46
2014-12-23,18.51
2014-12-24,18.49
2014-12-26,18.57
2014-12-29,18.48
2014-12-30,18.34
2014-12-31,18.14
2015-01-02,18.11
2015-01-05,17.83
2015-01-06,17.62
2015-01-07,17.76
2015-01-08,18.16
2015-01-09,18.1
2015-01-12,17.89
2015-01-13,17.87
2015-01-14,17.77
2015-01-15,17.55
2015-01-16,17.72
2015-01-20,17.87
2015-01-21,17.9
2015-01-22,18.19
2015-01-23,18.19
2015-01-26,18.11
2015-01-27,17.59
2015-01-28,17.56
2015-01-29,17.73
2015-01-30,17.51
2015-02-02,17.69
2015-02-03,17.89
2015-02-04,17.92
2015-02-05,18.09
2015-02-06,18.03
2015-02-09,18.01
2015-02-10,18.27
2015-02-11,18.34
2015-02-12,18.59
2015-02-13,18.71
2015-02-17,18.72
2015-02-18,18.74
2015-02-19,18.8
2015-02-20,18.9
2015-02-23,18.91
2015-02-24,18.97
2015-02-25,18.85
2015-02-26,18.97
2015-02-27,18.91
2015-03-02,19.05
2015-03-03,18.93
2015-03-04,18.85
2015-03-05,18.83
2015-03-06,18.6
2015-03-09,18.69
2015-03-10,18.3
2015-03-11,18.19
2015-03-12,18.3
2015-03-13,18.2
2015-03-16,18.42
2015-03-17,18.42
2015-03-18,18.67
2015-03-19,18.62
2015-03-20,18.74
2015-03-23,18.74
2015-03-24,18.68
2015-03-25,18.2
2015-03-26,18.21
2015-03-27,18.22
2015-03-30,18.45
2015-03-31,18.26
2015-04-01,18.23
2015-04-02,18.22
2015-04-06,18.4
2015-04-07,18.36
2015-04-08,18.42
2015-04-09,18.47
2015-04-10,18.54
2015-04-13,18.48
2015-04-14,18.43
2015-04-15,18.59
2015-04-16,18.52
2015-04-17,18.27
2015-04-20,18.58
2015-04-21,18.57
2015-04-22,18.76
2015-04-23,18.84
2015-04-24,19.0
2015-04-27,19.05
2015-04-28,19.11
2015-04-29,19.02
2015-04-30,18.76
2015-05-01,18.99
2015-05-04,19.0
2015-05-05,18.71
2015-05-06,18.55
2015-05-07,18.69
2015-05-08,18.96
2015-05-11,18.86
2015-05-12,18.76
2015-05-13,18.84
2015-05-14,19.14
2015-05-15,19.08
2015-05-18,19.17
2015-05-19,19.12
2015-05-20,19.14
2015-05-21,19.22
2015-05-22,19.21
2015-05-26,18.93
2015-05-27,19.29
2015-05-28,19.25
2015-05-29,19.11
2015-06-01,19.16
2015-06-02,19.12
2015-06-03,19.16
2015-06-04,18.98
2015-06-05,18.92
2015-06-08,18.71
2015-06-09,18.67
2015-06-10,18.96
2015-06-11,18.97
2015-06-12,18.8
2015-06-15,18.68
2015-06-16,18.81
2015-06-17,18.82
2015-06-18,18.98
2015-06-19,18.82
2015-06-22,18.98
2015-06-23,18.99
2015-06-24,18.9
2015-06-25,18.86
2015-06-26,18.7
2015-06-29,18.3
2015-06-30,18.32
2015-07-01,18.44
2015-07-02,18.47
2015-07-06,18.4
2015-07-07,18.42
2015-07-08,18.12
2015-07-09,18.05
2015-07-10,18.34
2015-07-13,18.62
2015-07-14,18.69
2015-07-15,18.69
2015-07-16,18.93
2015-07-17,19.22
2015-07-20,19.32
2015-07-21,19.2
2015-07-22,18.89
2015-07-23,18.85
2015-07-24,18.75
2015-07-27,18.58
2015-07-28,18.75
2015-07-29,18.87
2015-07-30,18.9
2015-07-31,18.84
2015-08-03,18.74
2015-08-04,18.63
2015-08-05,18.81
2015-08-06,18.63
2015-08-07,18.64
2015-08-10,18.93
2015-08-11,18.65
2015-08-12,18.73
2015-08-13,18.68
2015-08-14,18.77
2015-08-17,18.88
2015-08-18,18.78
2015-08-19,18.66
2015-08-20,18.2
2015-08-21,17.51
2015-08-24,16.82
2015-08-25,16.68
2015-08-26,17.52
2015-08-27,17.93
2015-08-28,17.97
2015-08-31,17.8
2015-09-01,17.23
2015-09-02,17.65
2015-09-03,17.66
2015-09-04,17.39
2015-09-08,17.88
2015-09-09,17.64
2015-09-10,17.82
2015-09-11,17.9
2015-09-14,17.86
2015-09-15,18.09
2015-09-16,18.17
2015-09-17,18.04
2015-09-18,17.81
2015-09-21,17.98
2015-09-22,17.68
2015-09-23,17.73
2015-09-24,17.73
2015-09-25,17.7
2015-09-28,17.29
2015-09-29,17.22
2015-09-30,17.56
2015-10-01,17.57
2015-10-02,17.82
2015-10-05,18.17
2015-10-06,18.19
2015-10-07,18.27
2015-10-08,18.36
2015-10-09,18.44
2015-10-12,18.46
2015-10-13,18.42
2015-10-14,18.39
2015-10-15,18.62
2015-10-16,18.66
2015-10-19,18.73
2015-10-20,18.68
2015-10-21,18.54
2015-10-22,18.95
2015-10-23,19.48
2015-10-26,19.41
2015-10-27,19.3
2015-10-28,19.59
2015-10-29,19.53
2015-10-30,19.4
2015-11-02,19.58
2015-11-03,19.68
2015-11-04,19.7
2015-11-05,19.64
2015-11-06,19.71
2015-11-09,19.52
2015-11-10,19.39
2015-11-11,19.38
2015-11-12,19.21
2015-11-13,18.83
2015-11-16,19.12
2015-11-17,19.13
2015-11-18,19.42
2015-11-19,19.51
2015-11-20,19.65
2015-11-23,19.53
2015-11-24,19.54
2015-11-25,19.47
2015-11-27,19.52
2015-11-30,19.54
2015-12-01,19.71
2015-12-02,19.59
2015-12-03,19.34
2015-12-04,19.81
2015-12-07,19.71
2015-12-08,19.67
2015-12-09,19.38
2015-12-10,19.43
2015-12-11,19.03
2015-12-14,19.17
2015-12-15,19.26
2015-12-16,19.52
2015-12-17,19.21
2015-12-18,18.84
2015-12-21,19.03
2015-12-22,19.17
2015-12-23,19.33
2015-12-24,19.32
2015-12-28,19.31
2015-12-29,19.57
2015-12-30,19.41
2015-12-31,19.13
2016-01-04,18.88
2016-01-05,18.83
2016-01-06,18.6
2016-01-07,18.05
2016-01-08,17.91
2016-01-11,18.03
2016-01-12,18.24
2016-01-13,17.75
2016-01-14,18.08
2016-01-15,17.57
2016-01-19,17.59
2016-01-20,17.45
2016-01-21,17.55
2016-01-22,18.04
2016-01-25,17.83
2016-01-26,18.0
2016-01-27,17.63
2016-01-28,17.86
2016-01-29,18.42
2016-02-01,18.49
2016-02-02,18.16
2016-02-03,18.14
2016-02-04,18.16
2016-02-05,17.65
2016-02-08,17.39
2016-02-09,17.31
2016-02-10,17.34
2016-02-11,17.3
2016-02-12,17.54
2016-02-16,17.86
2016-02-17,18.22
2016-02-18,18.15
2016-02-19,18.16
2016-02-22,18.41
2016-02-23,18.12
2016-02-24,18.25
2016-02-25,18.48
2016-02-26,18.43
2016-02-29,18.3
2016-03-01,18.85
2016-03-02,18.9
2016-03-03,18.9
2016-03-04,18.95
2016-03-07,18.83
2016-03-08,18.72
2016-03-09,18.88
2016-03-10,18.86
2016-03-11,19.15
2016-03-14,19.17
2016-03-15,19.25
2016-03-16,19.47
2016-03-17,19.54
2016-03-18,19.57
2016-03-21,19.64
2016-03-22,19.64
2016-03-23,19.53
2016-03-24,19.59
2016-03-28,19.54
2016-03-29,19.84
2016-03-30,19.96
2016-03-31,19.92
2016-04-01,20.07
2016-04-04,19.99
2016-04-05,19.8
2016-04-06,19.99
2016-04-07,19.71
2016-04-08,19.71
2016-04-11,19.65
2016-04-12,19.79
2016-04-13,19.99
2016-04-14,19.99
2016-04-15,19.91
2016-04-18,19.99
2016-04-19,19.88
2016-04-20,19.92
2016-04-21,19.85
2016-04-22,19.5
2016-04-25,19.51
2016-04-26,19.41
2016-04-27,19.33
2016-04-28,19.08
2016-04-29,18.92
2016-05-02,19.06
2016-05-03,18.88
2016-05-04,18.82
2016-05-05,18.83
2016-05-06,18.97
2016-05-09,18.97
2016-05-10,19.22
2016-05-11,19.08
2016-05-12,19.02
2016-05-13,18.95
2016-05-16,19.22
2016-05-17,19.02
2016-05-18,19.06
2016-05-19,18.96
2016-05-20,19.19
2016-05-23,19.15
2016-05-24,19.51
2016-05-25,19.64
2016-05-26,19.71
2016-05-27,19.8
2016-05-31,19.84
2016-06-01,19.79
2016-06-02,19.77
2016-06-03,19.73
2016-06-06,19.77
2016-06-07,19.85
2016-06-08,19.89
2016-06-09,19.89
2016-06-10,19.74
2016-06-13,19.52
2016-06-14,19.56
2016-06-15,19.51
2016-06-16,19.55
2016-06-17,19.42
2016-06-20,19.5
2016-06-21,19.64
2016-06-22,19.57
2016-06-23,19.84
2016-06-24,19.08
2016-06-27,18.69
2016-06-28,19.06
2016-06-29,19.36
2016-06-30,19.57
2016-07-01,19.61
2016-07-05,19.47
2016-07-06,19.6
2016-07-07,19.6
2016-07-08,19.91
2016-07-11,20.03
2016-07-12,20.19
2016-07-13,20.2
2016-07-14,20.33
2016-07-15,20.31
2016-07-18,20.44
2016-07-19,20.4
2016-07-20,20.66
2016-07-21,20.56
2016-07-22,20.68
2016-07-25,20.65
2016-07-26,20.7
2016-07-27,20.87
2016-07-28,20.88
2016-07-29,20.96
2016-08-01,21.0
2016-08-02,20.84
2016-08-03,20.91
2016-08-04,21.03
2016-08-05,21.23
2016-08-08,21.22
2016-08-09,21.27
2016-08-10,21.2
2016-08-11,21.28
2016-08-12,21.26
2016-08-15,21.36
2016-08-16,21.2
2016-08-17,21.19
2016-08-18,21.2
2016-08-19,21.21
2016-08-22,21.21
2016-08-23,21.29
2016-08-24,21.17
2016-08-25,21.22
2016-08-26,21.23
2016-08-29,21.31
2016-08-30,21.24
2016-08-31,21.2
2016-09-01,21.27
2016-09-02,21.36
2016-09-06,21.47
2016-09-07,21.53
2016-09-08,21.35
2016-09-09,20.83
2016-09-12,21.17
2016-09-13,21.02
2016-09-14,21.12
2016-09-15,21.47
2016-09-16,21.39
2016-09-19,21.35
2016-09-20,21.33
2016-09-21,21.57
2016-09-22,21.71
2016-09-23,21.52
2016-09-26,21.39
2016-09-27,21.62
2016-09-28,21.67
2016-09-29,21.53
2016-09-30,21.65
2016-10-03,21.58
2016-10-04,21.51
2016-10-05,21.58
2016-10-06,21.63
2016-10-07,21.57
2016-10-10,21.72
2016-10-11,21.48
2016-10-12,21.52
2016-10-13,21.38
2016-10-14,21.46
2016-10-17,21.42
2016-10-18,21.53
2016-10-19,21.57
2016-10-20,21.47
2016-10-21,21.53
2016-10-24,21.74
2016-10-25,21.67
2016-10-26,21.54
2016-10-27,21.52
2016-10-28,21.49
2016-10-31,21.48
2016-11-01,21.3
2016-11-02,21.16
2016-11-03,20.96
2016-11-04,20.92
2016-11-07,21.38
2016-11-08,21.48
2016-11-09,21.45
2016-11-10,21.11
2016-11-11,21.17
2016-11-14,20.85
2016-11-15,21.14
2016-11-16,21.34
2016-11-17,21.47
2016-11-18,21.46
2016-11-21,21.67
2016-11-22,21.74
2016-11-23,21.66
2016-11-25,21.75
2016-11-28,21.76
2016-11-29,21.78
2016-11-30,21.52
2016-12-01,21.08
2016-12-02,21.15
2016-12-05,21.36
2016-12-06,21.42
2016-12-07,21.83
2016-12-08,21.88
2016-12-09,22.04
2016-12-12,21.97
2016-12-13,22.25
2016-12-14,22.17
2016-12-15,22.27
2016-12-16,22.11
2016-12-19,22.27
2016-12-20,22.35
2016-12-21,22.31
2016-12-22,22.26
2016-12-23,22.28
2016-12-27,22.38
2016-12-28,22.17
2016-12-29,22.18
2016-12-30,22.01
2017-01-03,22.2
2017-01-04,22.28
2017-01-05,22.32
2017-01-06,22.48
2017-01-09,22.48
2017-01-10,22.48
2017-01-11,22.58
2017-01-12,22.53
2017-01-13,22.6
2017-01-17,22.51
2017-01-18,22.57
2017-01-19,22.54
2017-01-20,22.66
2017-01-23,22.7
2017-01-24,22.84
2017-01-25,23.06
2017-01-26,23.0
2017-01-27,23.09
2017-01-30,22.9
2017-01-31,22.79
2017-02-01,22.96
2017-02-02,22.92
2017-02-03,23.07
2017-02-06,23.08
2017-02-07,23.17
2017-02-08,23.21
2017-02-09,23.29
2017-02-10,23.35
2017-02-13,23.46
2017-02-14,23.54
2017-02-15,23.61
2017-02-16,23.67
2017-02-17,23.75
2017-02-21,23.87
2017-02-22,23.9
2017-02-23,23.89
2017-02-24,23.95
2017-02-27,23.94
2017-02-28,23.82
2017-03-01,24.16
2017-03-02,24.0
2017-03-03,24.05
2017-03-06,24.02
2017-03-07,24.02
2017-03-08,24.05
2017-03-09,24.04
2017-03-10,24.17
2017-03-13,24.19
2017-03-14,24.14
2017-03-15,24.3
2017-03-16,24.31
2017-03-17,24.37
2017-03-20,24.39
2017-03-21,24.03
2017-03-22,24.18
2017-03-23,24.12
2017-03-24,24.14
2017-03-27,24.14
2017-03-28,24.31
2017-03-29,24.35
2017-03-30,24.4
2017-03-31,24.35
2017-04-03,24.33
2017-04-04,24.35
2017-04-05,24.25
2017-04-06,24.25
2017-04-07,24.24
2017-04-10,24.19
2017-04-11,24.1
2017-04-12,24.02
2017-04-13,23.92
2017-04-17,24.14
2017-04-18,24.14
2017-04-19,24.12
2017-04-20,24.34
2017-04-21,24.29
2017-04-24,24.58
2017-04-25,24.7
2017-04-26,24.68
2017-04-27,24.78
2017-04-28,24.84
2017-05-01,25.03
2017-05-02,25.08
2017-05-03,25.04
2017-05-04,25.02
2017-05-05,25.11
2017-05-08,25.22
2017-05-09,25.25
2017-05-10,25.35
2017-05-11,25.32
2017-05-12,25.38
2017-05-15,25.52
2017-05-16,25.64
2017-05-17,24.94
2017-05-18,25.09
2017-05-19,25.23
2017-05-22,25.44
2017-05-23,25.48
2017-05-24,25.59
2017-05-25,25.77
2017-05-26,25.75
2017-05-30,25.86
2017-05-31,25.82
2017-06-01,25.89
2017-06-02,26.12
2017-06-05,26.15
2017-06-06,26.1
2017-06-07,26.18
2017-06-08,26.24
2017-06-09,25.59
2017-06-12,25.44
2017-06-13,25.62
2017-06-14,25.5
2017-06-15,25.38
2017-06-16,25.34
2017-06-19,25.72
2017-06-20,25.51
2017-06-21,25.65
2017-06-22,25.66
2017-06-23,25.82
2017-06-26,25.68
2017-06-27,25.26
2017-06-28,25.58
2017-06-29,25.12
2017-06-30,25.1
2017-07-03,24.92
2017-07-05,25.17
2017-07-06,24.94
2017-07-07,25.23
2017-07-10,25.41
2017-07-11,25.47
2017-07-12,25.8
2017-07-13,25.85
2017-07-14,26.08
2017-07-17,26.08
2017-07-18,26.2
2017-07-19,26.34
2017-07-20,26.39
2017-07-21,26.36
2017-07-24,26.42
2017-07-25,26.37
2017-07-26,26.47
2017-07-27,26.37
2017-07-28,26.34
2017-07-31,26.22
2017-08-01,26.35
2017-08-02,26.42
2017-08-03,26.36
2017-08-04,26.42
2017-08-07,26.58
2017-08-08,26.55
2017-08-09,26.53
2017-08-10,26.01
2017-08-11,26.19
2017-08-14,26.61
2017-08-15,26.65
2017-08-16,26.73
2017-08-17,26.2
2017-08-18,26.18
2017-08-21,26.17
2017-08-22,26.56
2017-08-23,26.49
2017-08-24,26.47
2017-08-25,26.46
2017-08-28,26.51
2017-08-29,26.63
2017-08-30,26.82
2017-08-31,26.98
2017-09-01,26.96
2017-09-05,26.72
2017-09-06,26.74
2017-09-07,26.84
2017-09-08,26.62
2017-09-11,26.99
2017-09-12,27.06
2017-09-13,27.02
2017-09-14,26.93
2017-09-15,27.04
2017-09-18,27.06
2017-09-19,27.18
2017-09-20,27.07
2017-09-21,26.92
2017-09-22,26.94
2017-09-25,26.62
2017-09-26,26.72
2017-09-27,26.99
2017-09-28,27.02
2017-09-29,27.2
2017-10-02,27.24
2017-10-03,27.31
2017-10-04,27.29
2017-10-05,27.55
2017-10-06,27.59
2017-10-09,27.66
2017-10-10,27.69
2017-10-11,27.78
2017-10-12,27.71
2017-10-13,27.85
2017-10-16,27.95
2017-10-17,27.95
2017-10-18,28.02
2017-10-19,27.93
2017-10-20,28.12
2017-10-23,27.99
2017-10-24,28.07
2017-10-25,27.92
2017-10-26,28.03
2017-10-27,28.79
2017-10-30,28.85
2017-10-31,28.98
2017-11-01,28.98
2017-11-02,28.99
2017-11-03,29.22
2017-11-06,29.29
2017-11-07,29.3
2017-11-08,29.46
2017-11-09,29.23
2017-11-10,29.23
2017-11-13,29.22
2017-11-14,29.16
2017-11-15,28.94
2017-11-16,29.35
2017-11-17,29.16
2017-11-20,29.27
2017-11-21,29.58
2017-11-22,29.52
2017-11-24,29.69
2017-11-27,29.69
2017-11-28,29.79
2017-11-29,29.13
2017-11-30,29.38
2017-12-01,29.23
2017-12-04,28.76
2017-12-05,28.77
2017-12-06,28.96
2017-12-07,29.14
2017-12-08,29.27
2017-12-11,29.53
2017-12-12,29.52
2017-12-13,29.53
2017-12-14,29.49
2017-12-15,29.83
2017-12-18,30.09
2017-12-19,29.91
2017-12-20,29.9
2017-12-21,29.84
2017-12-22,29.82
2017-12-26,29.62
2017-12-27,29.65
2017-12-28,29.7
2017-12-29,29.55
2018-01-02,29.91
2018-01-03,30.16
2018-01-04,30.31
2018-01-05,30.63
2018-01-08,30.75
2018-01-09,30.67
2018-01-10,30.56
2018-01-11,30.69
2018-01-12,30.87
2018-01-16,30.75
2018-01-17,31.21
2018-01-18,31.26
2018-01-19,31.32
2018-01-22,31.63
2018-01-23,31.77
2018-01-24,31.52
2018-01-25,31.47
2018-01-26,31.97
2018-01-29,31.67
2018-01-30,31.39
2018-01-31,31.62
2018-02-01,31.65
2018-02-02,30.71
2018-02-05,29.43
2018-02-06,30.28
2018-02-07,29.89
2018-02-08,28.65
2018-02-09,29.35
2018-02-12,29.88
2018-02-13,29.95
2018-02-14,30.5
2018-02-15,31.08
2018-02-16,31.04
2018-02-20,31.07
2018-02-21,30.87
2018-02-22,30.9
2018-02-23,31.55
2018-02-26,32.04
2018-02-27,31.72
2018-02-28,31.49
2018-03-01,30.97
2018-03-02,31.27
2018-03-05,31.59
2018-03-06,31.66
2018-03-07,31.83
2018-03-08,31.97
2018-03-09,32.58
2018-03-12,32.68
2018-03-13,32.3
2018-03-14,32.28
2018-03-15,32.29
2018-03-16,32.26
2018-03-19,31.62
2018-03-20,31.61
2018-03-21,31.42
2018-03-22,30.61
2018-03-23,29.79
2018-03-26,30.92
2018-03-27,29.93
2018-03-28,29.73
2018-03-29,30.32
2018-04-02,29.6
2018-04-03,29.89
2018-04-04,30.3
2018-04-05,30.43
2018-04-06,29.68
2018-04-09,29.92
2018-04-10,30.65
2018-04-11,30.47
2018-04-12,30.84
2018-04-13,30.74
2018-04-16,30.97
2018-04-17,31.55
2018-04-18,31.46
2018-04-19,31.12
2018-04-20,30.68
2018-04-23,30.57
2018-04-24,30.04
2018-04-25,30.05
2018-04-26,30.59
2018-04-27,30.54
2018-04-30,30.34
2018-05-01,30.72
2018-05-02,30.68
2018-05-03,30.75
2018-05-04,31.34
2018-05-07,31.56
2018-05-08,31.63
2018-05-09,32.02
2018-05-10,32.43
2018-05-11,32.39
2018-05-14,32.38
2018-05-15,32.08
2018-05-16,32.22
2018-05-17,32.05
2018-05-18,31.92
2018-05-21,32.2
2018-05-22,32.15
2018-05-23,32.39
2018-05-24,32.35
2018-05-25,32.33
2018-05-29,32.15
2018-05-30,32.39
2018-05-31,32.4
2018-06-01,32.95
2018-06-04,33.21
2018-06-05,33.33
2018-06-06,33.54
2018-06-07,33.28
2018-06-08,33.22
2018-06-11,33.26
2018-06-12,33.42
2018-06-13,33.25
2018-06-14,33.48
2018-06-15,33.36
2018-06-18,33.39
2018-06-19,33.22
2018-06-20,33.29
2018-06-21,33.04
2018-06-22,32.93
2018-06-25,32.24
2018-06-26,32.37
2018-06-27,31.93
2018-06-28,32.32
2018-06-29,32.31
2018-07-02,32.6
2018-07-03,32.21
2018-07-05,32.67
2018-07-06,33.05
2018-07-09,33.3
2018-07-10,33.38
2018-07-11,33.25
2018-07-12,33.77
2018-07-13,33.74
2018-07-16,33.66
2018-07-17,33.91
2018-07-18,33.85
2018-07-19,33.73
2018-07-20,33.74
2018-07-23,33.91
2018-07-24,34.1
2018-07-25,34.53
2018-07-26,34.0
2018-07-27,33.42
2018-07-30,32.9
2018-07-31,32.98
2018-08-01,33.28
2018-08-02,33.7
2018-08-03,33.82
2018-08-06,34.0
2018-08-07,34.13
2018-08-08,34.23
2018-08-09,34.24
2018-08-10,33.97
2018-08-13,33.92
2018-08-14,34.13
2018-08-15,33.82
2018-08-16,33.97
2018-08-17,34.02
2018-08-20,33.97
2018-08-21,34.03
2018-08-22,34.13
2018-08-23,34.2
2018-08-24,34.55
2018-08-27,34.86
2018-08-28,34.92
2018-08-29,35.24
2018-08-30,35.13
2018-08-31,35.16
2018-09-04,35.03
2018-09-05,34.59
2018-09-06,34.34
2018-09-07,34.22
2018-09-10,34.33
2018-09-11,34.62
2018-09-12,34.48
2018-09-13,34.88
2018-09-14,34.85
2018-09-17,34.42
2018-09-18,34.64
2018-09-19,34.55
2018-09-20,34.96
2018-09-21,34.82
2018-09-24,34.99
2018-09-25,34.95
2018-09-26,34.82
2018-09-27,35.02
2018-09-28,35.15
2018-10-01,35.32
2018-10-02,35.33
2018-10-03,35.43
2018-10-04,34.79
2018-10-05,34.36
2018-10-08,33.97
2018-10-09,34.09
2018-10-10,32.44
2018-10-11,32.03
2018-10-12,33.05
2018-10-15,32.51
2018-10-16,33.49
2018-10-17,33.34
2018-10-18,32.69
2018-10-19,32.67
2018-10-22,32.94
2018-10-23,32.82
2018-10-24,31.35
2018-10-25,32.42
2018-10-26,31.78
2018-10-29,31.24
2018-10-30,31.59
2018-10-31,32.34
2018-11-01,32.72
2018-11-02,32.08
2018-11-05,32.05
2018-11-06,32.25
2018-11-07,33.19
2018-11-08,33.17
2018-11-09,32.59
2018-11-12,31.44
2018-11-13,31.48
2018-11-14,31.1
2018-11-15,31.88
2018-11-16,31.83
2018-11-19,30.62
2018-11-20,29.96
2018-11-21,30.18
2018-11-23,29.9
2018-11-26,30.58
2018-11-27,30.64
2018-11-28,31.71
2018-11-29,31.41
2018-11-30,31.71
2018-12-03,32.41
2018-12-04,31.18
2018-12-06,31.25
2018-12-07,30.15
2018-12-10,30.56
2018-12-11,30.6
2018-12-12,30.84
2018-12-13,30.89
2018-12-14,30.13
2018-12-17,29.49
2018-12-18,29.73
2018-12-19,29.14
2018-12-20,28.62
2018-12-21,27.75
2018-12-24,27.01
2018-12-26,28.64
2018-12-27,28.84
2018-12-28,28.78
2018-12-31,29.05
2019-01-02,29.07
2019-01-03,27.6
2019-01-04,28.82
2019-01-07,29.08
2019-01-08,29.33
2019-01-09,29.71
2019-01-10,29.84
2019-01-11,29.78
2019-01-14,29.5
2019-01-15,29.95
2019-01-16,29.98
2019-01-17,30.17
2019-01-18,30.63
2019-01-22,30.11
2019-01-23,30.22
2019-01-24,30.47
2019-01-25,30.9
2019-01-28,30.49
2019-01-29,30.16
2019-01-30,31.1
2019-01-31,31.06
2019-02-01,31.25
2019-02-04,31.75
2019-02-05,32.02
2019-02-06,32.12
2019-02-07,31.68
2019-02-08,31.87
2019-02-11,31.85
2019-02-12,32.27
2019-02-13,32.32
2019-02-14,32.37
2019-02-15,32.63
2019-02-19,32.64
2019-02-20,32.68
2019-02-21,32.69
2019-02-22,33.11
2019-02-25,33.27
2019-02-26,33.34
2019-02-27,33.31
2019-02-28,33.21
2019-03-01,33.44
2019-03-04,33.31
2019-03-05,33.21
2019-03-06,33.04
2019-03-07,32.72
2019-03-08,32.72
2019-03-11,33.42
2019-03-12,33.62
2019-03-13,33.84
2019-03-14,33.91
2019-03-15,34.32
2019-03-18,34.47
2019-03-19,34.54
2019-03-20,34.44
2019-03-21,35.31
2019-03-22,34.48
2019-03-25,34.33
2019-03-26,34.51
2019-03-27,34.32
2019-03-28,34.46
2019-03-29,34.8
2019-04-01,35.27
2019-04-02,35.39
2019-04-03,35.68
2019-04-04,35.53
2019-04-05,35.7
2019-04-08,35.83
2019-04-09,35.67
2019-04-10,35.91
2019-04-11,35.87
2019-04-12,36.12
2019-04-15,36.1
2019-04-16,36.29
2019-04-17,36.49
2019-04-18,36.59
2019-04-22,36.68
2019-04-23,37.08
2019-04-24,37.09
2019-04-25,37.08
2019-04-26,36.94
2019-04-29,36.95
2019-04-30,37.01
2019-05-01,36.92
2019-05-02,36.72
2019-05-03,37.07
2019-05-06,36.78
2019-05-07,35.99
2019-05-08,35.95
2019-05-09,35.71
2019-05-10,35.82
2019-05-13,34.47
2019-05-14,35.03
2019-05-15,35.41
2019-05-16,35.73
2019-05-17,35.44
2019-05-20,34.83
2019-05-21,35.26
2019-05-22,35.07
2019-05-23,34.46
2019-05-24,34.47
2019-05-28,34.37
2019-05-29,34.17
2019-05-30,34.38
2019-05-31,33.8
2019-06-03,33.21
2019-06-04,34.32
2019-06-05,34.77
2019-06-06,35.17
2019-06-07,35.83
2019-06-10,36.19
2019-06-11,36.19
2019-06-12,35.99
2019-06-13,36.1
2019-06-14,35.78
2019-06-17,35.81
2019-06-18,36.46
2019-06-19,36.59
2019-06-20,37.13
2019-06-21,36.95
2019-06-24,37.02
2019-06-25,36.34
2019-06-26,36.73
2019-06-27,36.83
2019-06-28,36.82
2019-07-01,37.41
2019-07-02,37.51
2019-07-03,37.8
2019-07-05,37.73
2019-07-08,37.44
2019-07-09,37.57
2019-07-10,37.87
2019-07-11,38.01
2019-07-12,38.29
2019-07-15,38.41
2019-07-16,38.06
2019-07-17,37.96
2019-07-18,38.24
2019-07-19,38.08
2019-07-22,38.51
2019-07-23,38.73
2019-07-24,39.05
2019-07-25,38.89
2019-07-26,38.97
2019-07-29,38.95
2019-07-30,38.7
2019-07-31,38.11
2019-08-01,37.92
2019-08-02,37.3
2019-08-05,35.74
2019-08-06,36.34
2019-08-07,36.57
2019-08-08,37.46
2019-08-09,37.04
2019-08-12,36.55
2019-08-13,37.47
2019-08-14,36.31
2019-08-15,36.25
2019-08-16,36.94
2019-08-19,37.5
2019-08-20,37.31
2019-08-21,37.75
2019-08-22,37.66
2019-08-23,36.41
2019-08-26,36.92
2019-08-27,36.86
2019-08-28,36.9
2019-08-29,37.54
2019-08-30,37.53
2019-09-03,37.07
2019-09-04,37.7
2019-09-05,38.49
2019-09-06,38.46
2019-09-09,38.17
2019-09-10,37.98
2019-09-11,38.37
2019-09-12,38.58
2019-09-13,38.3
2019-09-16,38.2
2019-09-17,38.36
2019-09-18,38.35
2019-09-19,38.44
2019-09-20,37.99
2019-09-23,38.11
2019-09-24,37.74
2019-09-25,38.19
2019-09-26,38.23
2019-09-27,37.72
2019-09-30,38.12
2019-10-01,37.76
2019-10-02,37.05
2019-10-03,37.51
2019-10-04,38.13
2019-10-07,37.97
2019-10-08,37.27
2019-10-09,37.82
2019-10-10,38.08
2019-10-11,38.61
2019-10-14,38.59
2019-10-15,39.01
2019-10-16,38.74
2019-10-17,38.67
2019-10-18,38.3
2019-10-21,38.71
2019-10-22,38.19
2019-10-23,38.22
2019-10-24,38.78
2019-10-25,39.25
2019-10-28,39.75
2019-10-29,39.39
2019-10-30,39.63
2019-10-31,39.6
2019-11-01,40.08
2019-11-04,40.29
2019-11-05,40.24
2019-11-06,40.22
2019-11-07,40.54
2019-11-08,40.76
2019-11-11,40.78
2019-11-12,40.92
2019-11-13,41.01
2019-11-14,40.96
2019-11-15,41.29
2019-11-18,41.42
2019-11-19,41.5
2019-11-20,41.25
2019-11-21,41.04
2019-11-22,40.99
2019-11-25,41.58
2019-11-26,41.62
2019-11-27,41.85
2019-11-29,41.73
2019-12-02,41.13
2019-12-03,40.77
2019-12-04,40.93
2019-12-05,41.09
2019-12-06,41.54
2019-12-09,41.32
2019-12-10,41.36
2019-12-11,41.63
2019-12-12,42.08
2019-12-13,42.36
2019-12-16,42.74
2019-12-17,42.64
2019-12-18,42.63
2019-12-19,42.94
2019-12-20,43.19
2019-12-23,43.31
2019-12-24,43.33
2019-12-26,43.65
2019-12-27,43.65
2019-12-30,43.39
2019-12-31,43.53
2020-01-02,44.35
2020-01-03,43.85
2020-01-06,43.96
2020-01-07,43.94
2020-01-08,44.41
2020-01-09,44.91
2020-01-10,44.81
2020-01-13,45.37
2020-01-14,45.15
2020-01-15,45.2
2020-01-16,45.81
2020-01-17,46.12
2020-01-21,46.1
2020-01-22,46.27
2020-01-23,46.49
2020-01-24,46.27
2020-01-27,45.17
2020-01-28,46.03
2020-01-29,46.15
2020-01-30,46.55
2020-01-31,45.27
2020-02-03,45.87
2020-02-04,47.07
2020-02-05,47.35
2020-02-06,47.78
2020-02-07,47.34
2020-02-10,47.98
2020-02-11,47.82
2020-02-12,48.34
2020-02-13,48.21
2020-02-14,48.42
2020-02-18,48.24
2020-02-19,48.81
2020-02-20,48.31
2020-02-21,47.22
2020-02-24,45.27
2020-02-25,43.82
2020-02-26,44.02
2020-02-27,41.65
2020-02-28,41.97
2020-03-02,44.39
2020-03-03,42.71
2020-03-04,44.54
2020-03-05,43.13
2020-03-06,42.22
2020-03-09,39.02
2020-03-10,41.62
2020-03-11,39.65
2020-03-12,35.78
2020-03-13,39.98
2020-03-16,34.46
2020-03-17,36.8
2020-03-18,35.42
2020-03-19,35.54
2020-03-20,33.92
2020-03-23,33.61
2020-03-24,37.05
2020-03-25,37.0
2020-03-26,39.29
2020-03-27,37.52
2020-03-30,39.1
2020-03-31,38.37
2020-04-01,36.54
2020-04-02,37.39
2020-04-03,36.81
2020-04-06,39.96
2020-04-07,39.6
2020-04-08,40.66
2020-04-09,40.67
2020-04-13,40.76
2020-04-14,42.47
2020-04-15,41.54
2020-04-16,42.05
2020-04-17,42.61
2020-04-20,41.93
2020-04-21,40.17
2020-04-22,41.72
2020-04-23,41.43
2020-04-24,42.31
2020-04-27,42.67
2020-04-28,42.1
2020-04-29,43.83
2020-04-30,43.64
2020-05-01,42.44
2020-05-04,43.0
2020-05-05,43.59
2020-05-06,43.93
2020-05-07,44.59
2020-05-08,45.24
2020-05-11,45.55
2020-05-12,44.6
2020-05-13,43.84
2020-05-14,44.39
2020-05-15,44.62
2020-05-18,45.71
2020-05-19,45.55
2020-05-20,46.54
2020-05-21,45.89
2020-05-22,46.06
2020-05-26,46.01
2020-05-27,46.28
2020-05-28,46.18
2020-05-29,46.77
2020-06-01,46.75
2020-06-02,47.19
2020-06-03,47.56
2020-06-04,47.17
2020-06-05,48.41
2020-06-08,48.65
2020-06-09,48.88
2020-06-10,49.7
2020-06-11,46.85
2020-06-12,47.45
2020-06-15,47.91
2020-06-16,48.93
2020-06-17,48.92
2020-06-18,49.14
2020-06-19,48.81
2020-06-22,49.73
2020-06-23,50.08
2020-06-24,48.95
2020-06-25,49.58
2020-06-26,48.6
2020-06-29,49.14
2020-06-30,50.02
2020-07-01,50.1
2020-07-02,50.39
2020-07-06,51.27
2020-07-07,50.74
2020-07-08,51.56
2020-07-09,51.75
2020-07-10,51.74
2020-07-13,50.66
2020-07-14,51.25
2020-07-15,51.52
2020-07-16,50.89
2020-07-17,51.14
2020-07-20,52.44
2020-07-21,51.92
2020-07-22,52.33
2020-07-23,50.97
2020-07-24,50.36
2020-07-27,51.15
2020-07-28,50.55
2020-07-29,51.29
2020-07-30,51.57
2020-07-31,52.86
2020-08-03,54.16
2020-08-04,54.3
2020-08-05,54.5
2020-08-06,55.27
2020-08-07,54.44
2020-08-10,54.29
2020-08-11,53.32
2020-08-12,54.53
2020-08-13,54.55
2020-08-14,54.51
2020-08-17,54.88
2020-08-18,55.08
2020-08-19,55.01
2020-08-20,55.75
2020-08-21,56.46
2020-08-24,56.94
2020-08-25,57.23
2020-08-26,58.39
2020-08-27,58.44
2020-08-28,58.95
2020-08-31,59.14
2020-09-01,60.27
2020-09-02,60.81
2020-09-03,57.34
2020-09-04,56.54
2020-09-08,53.99
2020-09-09,55.75
2020-09-10,54.49
2020-09-11,54.07
2020-09-14,55.21
2020-09-15,55.75
2020-09-16,54.89
2020-09-17,54.44
2020-09-18,53.5
2020-09-21,53.94
2020-09-22,54.8
2020-09-23,53.09
2020-09-24,53.39
2020-09-25,54.66
2020-09-28,55.71
2020-09-29,55.52
2020-09-30,55.99
2020-10-01,56.58
2020-10-02,55.14
2020-10-05,56.35
2020-10-06,55.48
2020-10-07,56.49
2020-10-08,56.79
2020-10-09,57.65
2020-10-12,59.23
2020-10-13,58.85
2020-10-14,58.54
2020-10-15,58.27
2020-10-16,58.11
2020-10-19,57.04
2020-10-20,57.24
2020-10-21,57.15
2020-10-22,56.88
2020-10-23,56.82
2020-10-26,55.59
2020-10-27,55.87
2020-10-28,53.5
2020-10-29,54.39
2020-10-30,53.18
2020-11-02,53.32
2020-11-03,54.26
2020-11-04,56.37
2020-11-05,58.12
2020-11-06,58.33
2020-11-09,57.9
2020-11-10,56.82
2020-11-11,58.17
2020-11-12,57.65
2020-11-13,58.14
2020-11-16,58.71
2020-11-17,58.38
2020-11-18,57.76
2020-11-19,58.22
2020-11-20,57.62
2020-11-23,57.61
2020-11-24,58.41
2020-11-25,58.53
2020-11-27,58.84
2020-11-30,59.24
2020-12-01,60.0
2020-12-02,59.9
2020-12-03,59.87
2020-12-04,60.47
2020-12-07,60.64
2020-12-08,60.84
2020-12-09,59.67
2020-12-10,59.76
2020-12-11,59.63
2020-12-14,59.85
2020-12-15,60.85
2020-12-16,61.26
2020-12-17,61.74
2020-12-18,61.53
2020-12-21,61.59
2020-12-22,62.12
2020-12-23,61.65
2020-12-24,62.06
2020-12-28,62.76
2020-12-29,62.46
2020-12-30,62.43
2020-12-31,62.52
2021-01-04,61.5
2021-01-05,61.9
2021-01-06,60.83
2021-01-07,62.47
2021-01-08,62.88
2021-01-11,62.36
2021-01-12,62.06
2021-01-13,62.45
2021-01-14,61.91
2021-01-15,61.27
2021-01-19,62.07
2021-01-20,63.3
2021-01-21,64.12
2021-01-22,63.87
2021-01-25,64.41
2021-01-26,64.45
2021-01-27,63.23
2021-01-28,63.49
2021-01-29,62.0
2021-02-01,63.55
2021-02-02,64.41
2021-02-03,64.19
2021-02-04,65.21
2021-02-05,65.07
2021-02-08,65.75
2021-02-09,65.68
2021-02-10,65.58
2021-02-11,66.3
2021-02-12,66.64
2021-02-16,66.43
2021-02-17,65.84
2021-02-18,65.52
2021-02-19,65.42
2021-02-22,63.98
2021-02-23,63.8
2021-02-24,64.78
2021-02-25,62.51
2021-02-26,62.84
2021-03-01,64.87
2021-03-02,63.84
2021-03-03,62.23
2021-03-04,60.86
2021-03-05,62.01
2021-03-08,60.51
2021-03-09,62.56
2021-03-10,62.31
2021-03-11,63.65
2021-03-12,63.19
2021-03-15,63.86
2021-03-16,64.34
2021-03-17,64.29
2021-03-18,62.51
2021-03-19,62.32
2021-03-22,63.54
2021-03-23,63.15
2021-03-24,62.38
2021-03-25,62.34
2021-03-26,63.93
2021-03-29,63.6
2021-03-30,62.99
2021-03-31,64.0
2021-04-01,65.28
2021-04-05,66.63
2021-04-06,66.35
2021-04-07,66.7
2021-04-08,67.66
2021-04-09,68.31
2021-04-12,67.99
2021-04-13,68.63
2021-04-14,67.9
2021-04-15,69.07
2021-04-16,69.05
2021-04-19,68.48
2021-04-20,67.87
2021-04-21,68.56
2021-04-22,67.75
2021-04-23,68.76
2021-04-26,69.11
2021-04-27,68.95
2021-04-28,68.31
2021-04-29,68.25
2021-04-30,67.32
2021-05-03,67.13
2021-05-04,65.92
2021-05-05,65.77
2021-05-06,66.43
2021-05-07,66.99
2021-05-10,65.3
2021-05-11,65.11
2021-05-12,63.27
2021-05-13,64.11
2021-05-14,65.52
2021-05-17,65.04
2021-05-18,64.52
2021-05-19,64.75
2021-05-20,65.99
2021-05-21,65.63
2021-05-24,66.79
2021-05-25,66.81
2021-05-26,66.81
2021-05-27,66.45
2021-05-28,66.69
2021-06-01,66.36
2021-06-02,66.82
2021-06-03,66.2
2021-06-04,67.47
2021-06-07,67.46
2021-06-08,67.46
2021-06-09,67.51
2021-06-10,68.01
2021-06-11,68.41
2021-06-14,69.11
2021-06-15,68.68
2021-06-16,68.31
2021-06-17,69.1
2021-06-18,68.47
2021-06-21,69.2
2021-06-22,69.83
2021-06-23,69.75
2021-06-24,70.19
2021-06-25,70.11
2021-06-28,70.84
2021-06-29,71.36
2021-06-30,71.28
2021-07-01,71.4
2021-07-02,72.35
2021-07-06,72.62
2021-07-07,73.02
2021-07-08,72.33
2021-07-09,72.99
2021-07-12,73.05
2021-07-13,73.35
2021-07-14,73.89
2021-07-15,73.28
2021-07-16,72.56
2021-07-19,71.56
2021-07-20,72.62
2021-07-21,73.32
2021-07-22,73.86
2021-07-23,74.6
2021-07-26,74.56
2021-07-27,73.85
2021-07-28,73.76
2021-07-29,74.1
2021-07-30,74.05
2021-08-02,73.79
2021-08-03,74.26
2021-08-04,74.41
2021-08-05,74.82
2021-08-06,74.76
2021-08-09,74.52
2021-08-10,73.98
2021-08-11,73.99
2021-08-12,74.42
2021-08-13,74.82
2021-08-16,75.16
2021-08-17,74.54
2021-08-18,73.51
2021-08-19,74.23
2021-08-20,75.18
2021-08-23,76.15
2021-08-24,76.07
2021-08-25,76.02
2021-08-26,75.55
2021-08-27,76.28
2021-08-30,77.1
2021-08-31,76.69
2021-09-01,76.71
2021-09-02,76.63
2021-09-03,76.93
2021-09-07,76.95
2021-09-08,76.66
2021-09-09,76.37
2021-09-10,75.61
2021-09-13,75.64
2021-09-14,75.54
2021-09-15,76.2
2021-09-16,76.25
2021-09-17,75.06
2021-09-20,73.69
2021-09-21,73.72
2021-09-22,74.73
2021-09-23,75.73
2021-09-24,75.79
2021-09-27,75.05
2021-09-28,72.83
2021-09-29,72.73
2021-09-30,72.21
2021-10-01,73.3
2021-10-04,71.6
2021-10-05,72.62
2021-10-06,73.1
2021-10-07,73.76
2021-10-08,73.49
2021-10-11,73.08
2021-10-12,72.7
2021-10-13,73.15
2021-10-14,74.8
2021-10-15,75.4
2021-10-18,76.04
2021-10-19,76.79
2021-10-20,76.58
2021-10-21,76.87
2021-10-22,76.61
2021-10-25,76.86
2021-10-26,77.08
2021-10-27,77.01
2021-10-28,77.78
2021-10-29,78.12
2021-11-01,78.0
2021-11-02,78.69
2021-11-03,79.15
2021-11-04,80.38
2021-11-05,80.8
2021-11-08,81.24
2021-11-09,80.9
2021-11-10,79.57
2021-11-11,79.94
2021-11-12,80.91
2021-11-15,80.83
2021-11-16,81.68
2021-11-17,81.43
2021-11-18,82.25
2021-11-19,82.85
2021-11-22,81.92
2021-11-23,81.73
2021-11-24,82.33
2021-11-26,80.27
2021-11-29,82.28
2021-11-30,81.59
2021-12-01,80.48
2021-12-02,81.22
2021-12-03,79.86
2021-12-06,80.62
2021-12-07,83.43
2021-12-08,83.81
2021-12-09,82.91
2021-12-10,84.57
2021-12-13,83.32
2021-12-14,81.95
2021-12-15,84.12
2021-12-16,81.73
2021-12-17,81.19
2021-12-20,80.22
2021-12-21,82.25
2021-12-22,83.33
2021-12-23,83.79
2021-12-27,85.59
2021-12-28,85.14
2021-12-29,85.22
2021-12-30,84.65
2021-12-31,84.24
2022-01-03,85.04
2022-01-04,84.14
2022-01-05,81.55
2022-01-06,81.14
2022-01-07,80.4
2022-01-10,80.41
2022-01-11,81.37
2022-01-12,81.76
2022-01-13,79.64
2022-01-14,80.31
2022-01-18,78.39
2022-01-19,77.29
2022-01-20,76.29
2022-01-21,74.78
2022-01-24,75.16
2022-01-25,73.42
2022-01-26,73.86
2022-01-27,73.35
2022-01-28,76.55
2022-01-31,78.48
2022-02-01,78.68
2022-02-02,79.32
2022-02-03,77.02
2022-02-04,77.33
2022-02-07,76.82
2022-02-08,77.77
2022-02-09,79.49
2022-02-10,77.41
2022-02-11,75.05
2022-02-14,75.02
2022-02-15,76.99
2022-02-16,76.92
2022-02-17,74.62
2022-02-18,73.86
2022-02-22,73.18
2022-02-23,71.35
2022-02-24,73.78
2022-02-25,74.79
2022-02-28,74.65
2022-03-01,73.16
2022-03-02,74.74
2022-03-03,73.85
2022-03-04,72.56
2022-03-07,69.9
2022-03-08,69.56
2022-03-09,72.31
2022-03-10,71.05
2022-03-11,69.8
2022-03-14,68.51
2022-03-15,70.81
2022-03-16,73.11
2022-03-17,73.63
2022-03-18,75.13
2022-03-21,74.99
2022-03-22,76.07
2022-03-23,74.9
2022-03-24,76.85
2022-03-25,76.8
2022-03-28,77.71
2022-03-29,79.36
2022-03-30,78.31
2022-03-31,77.15
2022-04-01,76.92
2022-04-04,78.38
2022-04-05,76.73
2022-04-06,74.91
2022-04-07,75.03
2022-04-08,73.98
2022-04-11,72.12
2022-04-12,71.8
2022-04-13,72.95
2022-04-14,71.18
2022-04-18,71.41
2022-04-19,72.75
2022-04-20,72.69
2022-04-21,71.45
2022-04-22,69.45
2022-04-25,70.5
2022-04-26,67.87
2022-04-27,68.88
2022-04-28,71.63
2022-04-29,68.65
2022-05-02,69.69
2022-05-03,69.81
2022-05-04,72.26
2022-05-05,68.79
2022-05-06,68.23
2022-05-09,65.59
2022-05-10,66.59
2022-05-11,64.49
2022-05-12,63.83
2022-05-13,65.95
2022-05-16,65.37
2022-05-17,67.26
2022-05-18,64.18
2022-05-19,63.48
2022-05-20,63.62
2022-05-23,65.08
2022-05-24,64.11
2022-05-25,64.86
2022-05-26,66.42
2022-05-27,68.67
2022-05-31,68.18
2022-06-01,67.97
2022-06-02,69.62
2022-06-03,67.95
2022-06-06,67.96
2022-06-07,68.77
2022-06-08,67.99
2022-06-09,66.18
2022-06-10,63.63
2022-06-13,60.81
2022-06-14,61.2
2022-06-15,62.49
2022-06-16,59.94
2022-06-17,60.49
2022-06-21,62.03
2022-06-22,61.77
2022-06-23,62.69
2022-06-24,64.95
2022-06-27,64.51
2022-06-28,62.58
2022-06-29,62.7
2022-06-30,61.87
2022-07-01,62.01
2022-07-05,62.79
2022-07-06,63.33
2022-07-07,64.64
2022-07-08,64.66
2022-07-11,63.77
2022-07-12,62.9
2022-07-13,62.74
2022-07-14,63.31
2022-07-15,64.43
2022-07-18,63.8
2022-07-19,65.75
2022-07-20,66.78
2022-07-21,67.72
2022-07-22,66.78
2022-07-25,66.36
2022-07-26,65.28
2022-07-27,68.09
2022-07-28,69.13
2022-07-29,70.19
2022-08-01,70.04
2022-08-02,69.54
2022-08-03,71.39
2022-08-04,71.72
2022-08-05,71.55
2022-08-08,70.94
2022-08-09,70.23
2022-08-10,72.15
2022-08-11,71.87
2022-08-12,73.3
2022-08-15,73.76
2022-08-16,73.56
2022-08-17,73.04
2022-08-18,73.41
2022-08-19,72.08
2022-08-22,70.07
2022-08-23,69.89
2022-08-24,69.93
2022-08-25,71.11
2022-08-26,68.08
2022-08-29,67.18
2022-08-30,66.47
2022-08-31,65.83
2022-09-01,65.51
2022-09-02,64.65
2022-09-06,64.23
2022-09-07,65.25
2022-09-08,65.48
2022-09-09,66.77
2022-09-12,67.84
2022-09-13,64.24
2022-09-14,64.47
2022-09-15,62.99
2022-09-16,62.64
2022-09-19,63.15
2022-09-20,62.78
2022-09-21,61.8
2022-09-22,61.17
2022-09-23,60.37
2022-09-26,59.95
2022-09-27,60.03
2022-09-28,60.66
2022-09-29,59.08
2022-09-30,57.95
2022-10-03,59.75
2022-10-04,61.75
2022-10-05,61.96
2022-10-06,61.45
2022-10-07,58.92
2022-10-10,57.93
2022-10-11,57.04
2022-10-12,56.87
2022-10-13,58.63
2022-10-14,56.98
2022-10-17,58.72
2022-10-18,59.22
2022-10-19,59.05
2022-10-20,59.08
2022-10-21,60.66
2022-10-24,61.5
2022-10-25,62.68
2022-10-26,61.28
2022-10-27,60.58
2022-10-28,63.22
2022-10-31,62.38
2022-11-01,61.86
2022-11-02,59.73
2022-11-03,57.97
2022-11-04,59.03
2022-11-07,60.01
2022-11-08,60.59
2022-11-09,59.01
2022-11-10,63.86
2022-11-11,64.96
2022-11-14,64.4
2022-11-15,65.18
2022-11-16,64.29
2022-11-17,64.37
2022-11-18,64.44
2022-11-21,63.75
2022-11-22,64.99
2022-11-23,65.56
2022-11-25,65.18
2022-11-28,63.78
2022-11-29,63.16
2022-11-30,66.33
2022-12-01,66.42
2022-12-02,66.04
2022-12-05,64.94
2022-12-06,63.55
2022-12-07,63.23
2022-12-08,64.26
2022-12-09,63.87
2022-12-12,65.26
2022-12-13,66.03
2022-12-14,65.48
2022-12-15,63.03
2022-12-16,62.19
2022-12-19,61.37
2022-12-20,61.46
2022-12-21,62.48
2022-12-22,60.9
2022-12-23,60.96
2022-12-27,60.39
2022-12-28,59.41
2022-12-29,60.97
2022-12-30,60.89
2023-01-03,60.31
2023-01-04,60.46
2023-01-05,59.29
2023-01-06,61.03
2023-01-09,61.74
2023-01-10,62.12
2023-01-11,63.19
2023-01-12,63.66
2023-01-13,63.85
2023-01-17,64.13
2023-01-18,63.31
2023-01-19,62.57
2023-01-20,64.26
2023-01-23,65.72
2023-01-24,65.7
2023-01-25,65.56
2023-01-26,66.61
2023-01-27,66.88
2023-01-30,65.61
2023-01-31,66.52
2023-02-01,68.09
2023-02-02,69.95
2023-02-03,69.36
2023-02-06,68.52
2023-02-07,70.23
2023-02-08,69.38
2023-02-09,69.0
2023-02-10,68.68
2023-02-13,69.87
2023-02-14,70.17
2023-02-15,70.5
2023-02-16,69.28
2023-02-17,68.41
2023-02-21,66.79
2023-02-22,66.69
2023-02-23,67.79
2023-02-24,66.59
2023-02-27,66.94
2023-02-28,66.8
2023-03-01,66.31
2023-03-02,67.12
2023-03-03,68.57
2023-03-06,68.9
2023-03-07,68.04
2023-03-08,68.6
2023-03-09,67.62
2023-03-10,66.43
2023-03-13,66.79
2023-03-14,68.33
2023-03-15,68.37
2023-03-16,70.29
2023-03-17,70.19
2023-03-20,70.38
2023-03-21,70.95
2023-03-22,70.24
2023-03-23,71.39
2023-03-24,71.57
2023-03-27,71.02
2023-03-28,70.68
2023-03-29,72.17
2023-03-30,73.0
2023-03-31,74.05
2023-04-03,73.93
2023-04-04,73.52
2023-04-05,72.69
2023-04-06,73.1
2023-04-10,73.06
2023-04-11,72.37
2023-04-12,71.96
2023-04-13,73.3
2023-04-14,72.89
2023-04-17,73.16
2023-04-18,73.38
2023-04-19,73.17
2023-04-20,72.69
2023-04-21,72.46
2023-04-24,72.14
2023-04-25,70.6
2023-04-26,71.65
2023-04-27,73.17
2023-04-28,73.96
2023-05-01,74.0
2023-05-02,73.31
2023-05-03,72.7
2023-05-04,72.35
2023-05-05,74.16
2023-05-08,74.12
2023-05-09,73.55
2023-05-10,74.45
2023-05-11,74.12
2023-05-12,74.02
2023-05-15,74.63
2023-05-16,74.71
2023-05-17,75.71
2023-05-18,77.26
2023-05-19,77.22
2023-05-22,77.37
2023-05-23,76.23
2023-05-24,75.67
2023-05-25,78.57
2023-05-26,80.8
2023-05-30,81.23
2023-05-31,80.56
2023-06-01,81.37
2023-06-02,81.84
2023-06-05,81.37
2023-06-06,81.35
2023-06-07,80.13
2023-06-08,81.0
2023-06-09,81.4
2023-06-12,83.17
2023-06-13,83.68
2023-06-14,84.54
2023-06-15,85.63
2023-06-16,84.92
2023-06-20,84.35
2023-06-21,83.1
2023-06-22,83.78
2023-06-23,82.87
2023-06-26,82.28
2023-06-27,83.9
2023-06-28,83.95
2023-06-29,84.1
2023-06-30,85.43
2023-07-03,85.25
2023-07-05,84.72
2023-07-06,84.5
2023-07-07,84.13
2023-07-10,84.35
2023-07-11,84.53
2023-07-12,85.49
2023-07-13,86.61
2023-07-14,86.48
2023-07-17,87.58
2023-07-18,88.58
2023-07-19,88.36
2023-07-20,86.59
2023-07-21,86.55
2023-07-24,86.7
2023-07-25,87.69
2023-07-26,86.51
2023-07-27,86.26
2023-07-28,87.44
2023-07-31,87.64
2023-08-01,87.79
2023-08-02,85.61
2023-08-03,85.26
2023-08-04,84.11
2023-08-07,84.34
2023-08-08,83.69
2023-08-09,82.61
2023-08-10,82.62
2023-08-11,82.01
2023-08-14,83.32
2023-08-15,82.5
2023-08-16,81.71
2023-08-17,80.94
2023-08-18,81.06
2023-08-21,82.61
2023-08-22,82.51
2023-08-23,84.0
2023-08-24,82.07
2023-08-25,82.9
2023-08-28,83.58
2023-08-29,85.26
2023-08-30,85.9
2023-08-31,86.32
2023-09-01,86.58
2023-09-05,86.89
2023-09-06,85.97
2023-09-07,84.73
2023-09-08,84.91
2023-09-11,85.35
2023-09-12,83.8
2023-09-13,84.01
2023-09-14,84.62
2023-09-15,82.99
2023-09-18,83.39
2023-09-19,83.35
2023-09-20,82.04
2023-09-21,80.79
2023-09-22,80.96
2023-09-25,81.22
2023-09-26,79.76
2023-09-27,79.88
2023-09-28,80.45
2023-09-29,80.72
2023-10-02,81.59
2023-10-03,80.21
2023-10-04,81.21
2023-10-05,81.32
2023-10-06,82.84
2023-10-09,83.27
2023-10-10,83.39
2023-10-11,84.17
2023-10-12,84.25
2023-10-13,83.04
2023-10-16,83.84
2023-10-17,83.45
2023-10-18,82.59
2023-10-19,82.12
2023-10-20,80.73
2023-10-23,80.82
2023-10-24,81.38
2023-10-25,80.42
2023-10-26,78.88
2023-10-27,79.34
2023-10-30,80.19
2023-10-31,80.76
2023-11-01,82.33
2023-11-02,83.72
2023-11-03,84.58
2023-11-06,85.14
2023-11-07,86.07
2023-11-08,86.56
2023-11-09,86.15
2023-11-10,88.4
2023-11-13,87.88
2023-11-14,89.64
2023-11-15,89.76
2023-11-16,90.2
2023-11-17,90.02
2023-11-20,91.32
2023-11-21,90.58
2023-11-22,90.99
2023-11-24,90.81
2023-11-27,90.8
2023-11-28,90.98
2023-11-29,91.05
2023-11-30,91.18
2023-12-01,91.39
2023-12-04,90.27
2023-12-05,90.81
2023-12-06,90.05
2023-12-07,91.14
2023-12-08,91.92
2023-12-11,92.72
2023-12-12,93.34
2023-12-13,94.16
2023-12-14,93.93
2023-12-15,94.4
2023-12-18,94.68
2023-12-19,95.04
2023-12-20,93.61
2023-12-21,94.66
2023-12-22,94.78
2023-12-26,95.18
2023-12-27,95.17
2023-12-28,95.28
2023-12-29,94.99
2024-01-02,92.51
2024-01-03,91.56
2024-01-04,90.89
2024-01-05,90.87
2024-01-08,93.15
2024-01-09,93.3
2024-01-10,94.09
2024-01-11,94.57
2024-01-12,94.87
2024-01-16,95.11
2024-01-17,94.64
2024-01-18,96.56
2024-01-19,98.79
2024-01-22,99.22
2024-01-23,99.62
2024-01-24,100.31
2024-01-25,100.73
2024-01-26,99.57
2024-01-29,100.48
2024-01-30,99.65
2024-01-31,97.56
2024-02-01,98.79
2024-02-02,99.81
2024-02-05,100.04
2024-02-06,99.58
2024-02-07,100.9
2024-02-08,101.21
2024-02-09,102.57
2024-02-12,101.79
2024-02-13,100.07
2024-02-14,101.11
2024-02-15,100.9
2024-02-16,99.97
2024-02-20,98.96
2024-02-21,98.33
2024-02-22,101.55
2024-02-23,101.31
2024-02-26,101.41
2024-02-27,101.5
2024-02-28,101.02
2024-02-29,102.15
2024-03-01,104.01
2024-03-04,104.01
2024-03-05,101.46
2024-03-06,102.26
2024-03-07,103.88
2024-03-08,102.33
2024-03-11,102.05
2024-03-12,104.14
2024-03-13,103.02
2024-03-14,103.04
2024-03-15,101.48
2024-03-18,101.98
2024-03-19,102.51
2024-03-20,103.66
2024-03-21,103.73
2024-03-22,103.77
2024-03-25,103.08
2024-03-26,102.65
2024-03-27,103.18
2024-03-28,102.96
2024-04-01,103.24
2024-04-02,102.25
2024-04-03,102.52
2024-04-04,100.9
2024-04-05,102.06
2024-04-08,101.94
2024-04-09,102.45
2024-04-10,101.2
2024-04-11,103.22
2024-04-12,101.55
2024-04-15,99.62
2024-04-16,99.74
2024-04-17,98.3
2024-04-18,97.18
2024-04-19,95.17
2024-04-22,96.02
2024-04-23,97.45
2024-04-24,97.89
2024-04-25,97.68
2024-04-26,98.78
2024-04-29,99.21
2024-04-30,97.02
2024-05-01,96.03
2024-05-02,97.41
2024-05-03,100.13
2024-05-06,101.3
2024-05-07,100.97
2024-05-08,101.26
2024-05-09,101.23
2024-05-10,101.61
2024-05-13,102.09
2024-05-14,102.99
2024-05-15,105.31
2024-05-16,104.94
2024-05-17,104.71
2024-05-20,105.94
2024-05-21,106.11
2024-05-22,106.35
2024-05-23,105.49
2024-05-24,106.38
2024-05-28,106.83
2024-05-29,106.15
2024-05-30,103.73
2024-05-31,103.89
2024-06-03,104.15
2024-06-04,104.37
2024-06-05,106.69
2024-06-06,106.33
2024-06-07,106.58
2024-06-10,106.85
2024-06-11,108.84
2024-06-12,111.25
2024-06-13,112.13
2024-06-14,112.55
2024-06-17,114.25
2024-06-18,114.39
2024-06-20,113.11
2024-06-21,112.91
2024-06-24,110.14
2024-06-25,112.16
2024-06-26,112.03
2024-06-27,112.09
2024-06-28,112.03
2024-07-01,112.88
2024-07-02,113.44
2024-07-03,114.97
2024-07-05,115.32
2024-07-08,116.11
2024-07-09,116.02
2024-07-10,117.7
2024-07-11,114.75
2024-07-12,115.78
2024-07-15,115.99
2024-07-16,115.6
2024-07-17,111.1
2024-07-18,111.11
2024-07-19,109.38
2024-07-22,111.97
2024-07-23,111.52
2024-07-24,106.9
2024-07-25,105.76
2024-07-26,107.1
2024-07-29,106.63
2024-07-30,103.95
2024-07-31,108.35
2024-08-01,104.31
2024-08-02,101.38
2024-08-05,98.0
2024-08-06,99.33
2024-08-07,97.72
2024-08-08,101.37
2024-08-09,101.83
2024-08-12,102.66
2024-08-13,105.81
2024-08-14,106.39
2024-08-15,109.45
2024-08-16,109.64
2024-08-19,111.45
2024-08-20,111.05
2024-08-21,111.71
2024-08-22,109.14
2024-08-23,110.91
2024-08-26,109.51
2024-08-27,110.18
2024-08-28,108.66
2024-08-29,107.68
2024-08-30,109.11
2024-09-03,104.1
2024-09-04,103.83
2024-09-05,103.67
2024-09-06,100.98
2024-09-09,102.64
2024-09-10,104.17
2024-09-11,107.73
2024-09-12,108.62
2024-09-13,109.16
2024-09-16,108.75
2024-09-17,108.53
2024-09-18,107.54
2024-09-19,110.74
2024-09-20,110.2
2024-09-23,110.18
2024-09-24,110.93
2024-09-25,111.25
2024-09-26,112.72
2024-09-27,111.67
2024-09-30,112.0
2024-10-01,109.27
2024-10-02,110.08
2024-10-03,110.53
2024-10-04,111.76
2024-10-07,111.0
2024-10-08,113.07
2024-10-09,114.33
2024-10-10,114.3
2024-10-11,114.5
2024-10-14,116.0
2024-10-15,113.45
2024-10-16,113.8
2024-10-17,114.15
2024-10-18,114.55
2024-10-21,115.09
2024-10-22,114.97
2024-10-23,113.32
2024-10-24,113.65
2024-10-25,114.24
2024-10-28,114.21
2024-10-29,115.75
2024-10-30,113.91
2024-10-31,110.25
2024-11-01,111.08
2024-11-04,111.0
2024-11-05,112.56
2024-11-06,115.76
2024-11-07,117.78
2024-11-08,117.65
2024-11-11,117.0
2024-11-12,117.15
2024-11-13,116.75
2024-11-14,116.35
2024-11-15,113.46
2024-11-18,113.83
2024-11-19,114.76
2024-11-20,114.66
2024-11-21,115.83
2024-11-22,115.89
2024-11-25,115.88
2024-11-26,116.46
2024-11-27,114.88
2024-11-29,115.95
2024-12-02,117.05
2024-12-03,117.47
2024-12-04,119.62
2024-12-05,119.02
2024-12-06,119.48
2024-12-09,118.7
2024-12-10,117.05
2024-12-11,118.75
2024-12-12,118.08
2024-12-13,118.59
2024-12-16,119.78
2024-12-17,119.05
2024-12-18,115.21
2024-12-19,115.34
2024-12-20,117.06
2024-12-23,118.3
2024-12-24,119.52
2024-12-26,119.6
2024-12-27,118.01
2024-12-30,116.51
2024-12-31,115.54
2025-01-02,115.27
2025-01-03,117.15
2025-01-06,118.64
2025-01-07,116.26
2025-01-08,116.22
2025-01-10,113.68
2025-01-13,112.88
2025-01-14,113.17
2025-01-15,115.43
2025-01-16,114.54
2025-01-17,116.33
2025-01-21,117.3
2025-01-22,119.95
2025-01-23,120.16
2025-01-24,118.91
2025-01-27,113.08
2025-01-28,116.1
2025-01-29,115.15
2025-01-30,115.37
2025-01-31,114.69
2025-02-03,113.15
2025-02-04,114.78
2025-02-05,116.37
2025-02-06,116.69
2025-02-07,115.69
2025-02-10,117.38
2025-02-11,117.43
2025-02-12,117.18
2025-02-13,118.84
2025-02-14,119.24
2025-02-18,120.33
2025-02-19,120.34
2025-02-20,119.96
2025-02-21,116.71
2025-02-24,115.04
2025-02-25,113.55
2025-02-26,114.78
2025-02-27,110.61
2025-02-28,112.07
2025-03-03,108.66
2025-03-04,108.57
2025-03-05,110.1
2025-03-06,107.04
2025-03-07,108.59
2025-03-10,103.98
2025-03-11,103.55
2025-03-12,105.18
2025-03-13,103.19
2025-03-14,106.31
2025-03-17,107.05
2025-03-18,105.42
2025-03-19,106.79
2025-03-20,106.03
2025-03-21,106.32
2025-03-24,108.33
2025-03-25,108.69
2025-03-26,106.27
2025-03-27,105.28
2025-03-28,102.73
2025-03-31,102.78
2025-04-01,103.53
2025-04-02,104.3
2025-04-03,97.18
2025-04-04,90.78
2025-04-07,91.32
2025-04-08,89.47
2025-04-09,101.48
2025-04-10,96.75
2025-04-11,98.73
2025-04-14,99.64
2025-04-15,100.0
2025-04-16,96.52
2025-04-17,96.0
2025-04-21,93.52
2025-04-22,95.8
2025-04-23,98.58
2025-04-24,102.26
2025-04-25,103.77
2025-04-28,103.6
2025-04-29,104.09
2025-04-30,104.52
2025-05-01,106.05
2025-05-02,107.82
2025-05-05,107.25
2025-05-06,106.36
2025-05-07,107.43
2025-05-08,108.45
2025-05-09,108.32
2025-05-12,113.34
2025-05-13,115.79
2025-05-14,116.54
2025-05-15,116.7
2025-05-16,116.92
2025-05-19,116.75
2025-05-20,116.32
2025-05-21,114.13
2025-05-22,114.16
2025-05-23,112.9
2025-05-27,115.58
2025-05-28,115.11
2025-05-29,115.3
2025-05-30,114.94
2025-06-02,115.96
2025-06-03,117.7
2025-06-04,117.87
2025-06-05,117.54
2025-06-06,118.65
2025-06-09,119.23
2025-06-10,119.9
2025-06-11,119.64
2025-06-12,120.75
2025-06-13,119.05
2025-06-16,120.98
2025-06-17,120.12
2025-06-18,120.27
2025-06-20,119.74
2025-06-23,121.1
2025-06-24,123.27
2025-06-25,124.33
2025-06-26,125.18
2025-06-27,125.03
2025-06-30,126.26
2025-07-01,125.13
2025-07-02,126.46
2025-07-03,128.12
2025-07-07,127.1
2025-07-08,127.79
2025-07-09,128.55
2025-07-10,128.13
2025-07-11,127.57
2025-07-14,127.46
2025-07-15,128.59
2025-07-16,128.99
2025-07-17,130.17
2025-07-18,130.08
2025-07-21,130.25
2025-07-22,129.04
2025-07-23,129.78
2025-07-24,130.33
2025-07-25,130.63
2025-07-28,131.67
2025-07-29,131.68
2025-07-30,131.97
2025-07-31,131.0
2025-08-01,128.18
2025-08-04,130.78
2025-08-05,129.7
2025-08-06,131.16
2025-08-07,131.28
2025-08-08,132.59
2025-08-11,131.69
2025-08-12,133.73
2025-08-13,133.78
2025-08-14,133.49
2025-08-15,132.48
2025-08-18,132.76
2025-08-19,130.44
2025-08-20,129.56
2025-08-21,129.09
2025-08-22,130.84
2025-08-25,130.55
2025-08-26,131.15
2025-08-27,131.86
2025-08-28,132.9
2025-08-29,130.86
2025-09-02,129.54
2025-09-03,130.31
2025-09-04,130.95
2025-09-05,131.06
2025-09-08,132.04
2025-09-09,132.3
2025-09-10,134.7
2025-09-11,135.15
2025-09-12,135.06
2025-09-15,136.28
2025-09-16,135.8
2025-09-17,135.34
2025-09-18,137.67
2025-09-19,139.07
2025-09-22,141.12
2025-09-23,139.9
2025-09-24,139.03
2025-09-25,138.79
2025-09-26,139.21
2025-09-29,139.95
2025-09-30,140.72
2025-10-01,142.09
2025-10-02,142.86
2025-10-03,142.14
2025-10-06,143.58
2025-10-07,142.62
2025-10-08,145.12
2025-10-09,144.88
2025-10-10,138.98
2025-10-13,142.37
2025-10-14,140.54
2025-10-15,141.93
2025-10-16,142.04
2025-10-17,142.29
2025-10-20,143.88
2025-10-21,143.95
2025-10-22,142.53
2025-10-23,144.33
2025-10-24,146.57
2025-10-27,149.27
2025-10-28,150.75
2025-10-29,151.83
2025-10-30,149.97
2025-10-31,150.11
2025-11-03,150.73
2025-11-04,146.75
2025-11-05,147.32
2025-11-06,144.36
2025-11-07,143.86
2025-11-10,147.54
2025-11-11,146.28
2025-11-12,146.74
2025-11-13,143.08
2025-11-14,143.86
2025-11-17,141.61
2025-11-18,139.3
2025-11-19,140.27
2025-11-20,135.87
2025-11-21,136.39
2025-11-24,139.64
2025-11-25,140.02
2025-11-26,141.68
2025-11-28,142.89
2025-12-01,142.96
2025-12-02,144.43
2025-12-03,144.78
2025-12-04,145.31
2025-12-05,146.38
2025-12-08,147.41
2025-12-09,147.8
2025-12-10,148.5
2025-12-11,147.75
2025-12-12,143.47
2025-12-15,142.08
2025-12-16,142.34
2025-12-17,139.18
2025-12-18,141.33
2025-12-19,144.38
2025-12-22,145.16
2025-12-23,145.95
2025-12-24,146.3
2025-12-26,146.53
2025-12-29,145.87
2025-12-30,145.41
2025-12-31,143.97
2026-01-02,144.3
2026-01-05,144.62
2026-01-06,146.65
2026-01-07,146.53
2026-01-08,144.24
2026-01-09,146.15
2026-01-12,146.79
2026-01-13,146.48
2026-01-14,144.7
2026-01-15,145.46
2026-01-16,145.62
2026-01-20,141.84
2026-01-21,143.81
2026-01-22,144.88
2026-01-23,145.09
2026-01-26,146.08
2026-01-27,148.05
2026-01-28,149.23
2026-01-29,146.87
2026-01-30,143.88
2026-02-02,145.26
2026-02-03,142.08
2026-02-04,138.12
2026-02-05,135.63
2026-02-06,141.13
2026-02-09,143.35
2026-02-10,142.55
2026-02-11,142.97
2026-02-12,139.21
2026-02-13,139.56
2026-02-17,139.48
2026-02-18,140.91
2026-02-19,140.21
2026-02-20,140.88
2026-02-23,138.52
2026-02-24,140.32
2026-02-25,143.01
2026-02-26,141.01
2026-02-27,138.76
2026-03-02,139.54
2026-03-03,137.5
2026-03-04,139.84
2026-03-05,140.18
2026-03-06,137.29
2026-03-09,139.76
2026-03-10,139.76
2026-03-11,140.43
2026-03-12,137.84
2026-03-13,136.8
2026-03-16,138.78
2026-03-17,139.54
2026-03-18,137.96
2026-03-19,138.43
2026-03-20,135.29
2026-03-23,136.95
2026-03-24,136.15
2026-03-25,136.76
2026-03-26,132.5
2026-03-27,129.92
2026-03-30,127.5
2026-03-31,132.9
2026-04-01,134.91
2026-04-02,135.99
2026-04-06,136.78
2026-04-07,137.43
2026-04-08,141.69
2026-04-09,142.07
2026-04-10,142.62
2026-04-13,145.61
2026-04-14,147.94
2026-04-15,150.3
2026-04-16,152.02
2026-04-17,154.35
2026-04-20,154.56
2026-04-21,154.69
2026-04-22,158.09
2026-04-23,155.84
2026-04-24,160.22
2026-04-27,160.57
2026-04-28,157.85
2026-04-29,159.11
2026-04-30,159.5
2026-05-01,161.87
2026-05-04,162.05
2026-05-05,165.63
2026-05-06,170.03
2026-05-07,169.69
2026-05-08,175.52
2026-05-11,177.88
2026-05-12,175.2
2026-05-13,176.85
2026-05-14,179.5
2026-05-15,176.26
2026-05-18,174.36
2026-05-19,173.24
2026-05-20,177.14
2026-05-21,178.6
2026-05-22,180.39
2026-05-26,185.14
2026-05-27,184.43
2026-05-28,186.85
2026-05-29,191.02
2026-06-01,195.76
2026-06-02,198.21
2026-06-03,196.23
2026-06-04,193.17
2026-06-05,180.3
2026-06-08,184.18
2026-06-09,180.77
2026-06-10,176.63
2026-06-11,183.21
2026-06-12,184.8
2026-06-15,191.79
2026-06-16,186.44
2026-06-17,185.8
2026-06-18,191.44
2026-06-22,192.15
2026-06-23,184.19
2026-06-24,183.05
2026-06-25,184.57
2026-06-26,181.11
2026-06-29,185.41
2026-06-30,190.52
2026-07-01,185.62
2026-07-02,180.59
2026-07-06,183.57
2026-07-07,179.18
2026-07-08,181.4
2026-07-09,185.35
2026-07-10,185.78
2026-07-13,181.28
2026-07-14,183.62
2026-07-15,181.58
2026-07-16,177.52
2026-07-17,175.59
2026-07-20,175.71
2026-07-21,180.78
2026-07-22,180.27
2026-07-23,178.45
2026-07-24,175.88
2026-07-27,174.3
2026-07-28,171.09
2026-07-29,166.57
2026-07-30,175.73
2026-07-31,175.35
2026-08-03,178.04
2026-08-04,186.9
2026-08-05,185.91
2026-08-06,185.33
2026-08-07,187.97
2026-08-10,186.32
2026-08-11,186.09
2026-08-12,188.86
2026-08-13,190.77
2026-08-14,190.01
2026-08-17,190.32
2026-08-18,185.62
2026-08-19,183.64
2026-08-20,183.1
2026-08-21,183.31
2026-08-24,180.05
2026-08-25,181.74
2026-08-26,182.84
2026-08-27,188.61
