date,price
2000-01-03,12.21
2000-01-04,11.86
2000-01-05,12.07
2000-01-06,12.3
2000-01-07,13.08
2000-01-10,12.79
2000-01-11,12.79
2000-01-12,12.85
2000-01-13,12.92
2000-01-14,12.96
2000-01-18,12.74
2000-01-19,12.84
2000-01-20,12.66
2000-01-21,12.52
2000-01-24,12.16
2000-01-25,12.01
2000-01-26,12.11
2000-01-27,12.34
2000-01-28,12.24
2000-01-31,12.47
2000-02-01,12.34
2000-02-02,12.37
2000-02-03,12.2
2000-02-04,12.19
2000-02-07,12.17
2000-02-08,12.32
2000-02-09,12.22
2000-02-10,11.8
2000-02-11,11.58
2000-02-14,11.64
2000-02-15,11.9
2000-02-16,11.73
2000-02-17,11.55
2000-02-18,11.42
2000-02-22,11.6
2000-02-23,11.35
2000-02-24,11.12
2000-02-25,10.84
2000-02-28,11.05
2000-02-29,11.01
2000-03-01,10.91
2000-03-02,10.93
2000-03-03,10.87
2000-03-06,10.61
2000-03-07,10.04
2000-03-08,10.35
2000-03-09,10.63
2000-03-10,10.51
2000-03-13,10.34
2000-03-14,10.28
2000-03-15,10.93
2000-03-16,11.4
2000-03-17,11.35
2000-03-20,11.25
2000-03-21,11.46
2000-03-22,11.37
2000-03-23,11.28
2000-03-24,11.08
2000-03-27,10.93
2000-03-28,11.06
2000-03-29,11.33
2000-03-30,11.48
2000-03-31,11.42
2000-04-03,11.94
2000-04-04,12.28
2000-04-05,12.11
2000-04-06,11.89
2000-04-07,11.74
2000-04-10,12.04
2000-04-11,12.25
2000-04-12,12.39
2000-04-13,12.31
2000-04-14,11.7
2000-04-17,12.04
2000-04-18,12.11
2000-04-19,12.25
2000-04-20,12.25
2000-04-24,12.58
2000-04-25,12.52
2000-04-26,12.38
2000-04-27,12.38
2000-04-28,12.03
2000-05-01,12.18
2000-05-02,12.21
2000-05-03,12.21
2000-05-04,12.21
2000-05-05,12.5
2000-05-08,12.76
2000-05-09,12.82
2000-05-10,12.73
2000-05-11,12.72
2000-05-12,12.55
2000-05-15,12.86
2000-05-16,12.8
2000-05-17,12.84
2000-05-18,12.82
2000-05-19,12.91
2000-05-22,12.87
2000-05-23,12.8
2000-05-24,13.08
2000-05-25,13.05
2000-05-26,13.09
2000-05-30,13.01
2000-05-31,12.89
2000-06-01,12.92
2000-06-02,12.47
2000-06-05,12.46
2000-06-06,12.5
2000-06-07,12.63
2000-06-08,12.63
2000-06-09,12.78
2000-06-12,12.76
2000-06-13,12.9
2000-06-14,13.07
2000-06-15,13.31
2000-06-16,13.07
2000-06-19,13.09
2000-06-20,12.86
2000-06-21,13.12
2000-06-22,12.83
2000-06-23,12.98
2000-06-26,13.15
2000-06-27,13.35
2000-06-28,13.35
2000-06-29,13.47
2000-06-30,13.62
2000-07-03,13.64
2000-07-05,13.67
2000-07-06,13.69
2000-07-07,13.6
2000-07-10,13.72
2000-07-11,13.73
2000-07-12,13.45
2000-07-13,13.25
2000-07-14,13.1
2000-07-17,13.17
2000-07-18,13.19
2000-07-19,13.2
2000-07-20,12.98
2000-07-21,13.02
2000-07-24,13.29
2000-07-25,13.05
2000-07-26,13.06
2000-07-27,13.15
2000-07-28,13.26
2000-07-31,13.12
2000-08-01,13.56
2000-08-02,13.55
2000-08-03,13.62
2000-08-04,13.52
2000-08-07,13.35
2000-08-08,13.41
2000-08-09,12.86
2000-08-10,13.09
2000-08-11,13.19
2000-08-14,13.23
2000-08-15,13.2
2000-08-16,13.34
2000-08-17,13.26
2000-08-18,13.1
2000-08-21,13.24
2000-08-22,13.19
2000-08-23,13.27
2000-08-24,13.19
2000-08-25,13.24
2000-08-28,13.19
2000-08-29,12.99
2000-08-30,12.93
2000-08-31,12.96
2000-09-01,12.88
2000-09-05,12.84
2000-09-06,12.68
2000-09-07,12.8
2000-09-08,12.79
2000-09-11,12.85
2000-09-12,12.95
2000-09-13,12.95
2000-09-14,12.81
2000-09-15,12.8
2000-09-18,12.81
2000-09-19,12.83
2000-09-20,12.73
2000-09-21,13.07
2000-09-22,13.51
2000-09-25,13.39
2000-09-26,13.27
2000-09-27,13.28
2000-09-28,13.48
2000-09-29,13.53
2000-10-02,13.51
2000-10-03,13.51
2000-10-04,13.4
2000-10-05,13.71
2000-10-06,13.63
2000-10-09,13.57
2000-10-10,13.77
2000-10-11,13.75
2000-10-12,13.84
2000-10-13,13.67
2000-10-16,13.86
2000-10-17,13.98
2000-10-18,13.97
2000-10-19,13.72
2000-10-20,13.81
2000-10-23,13.95
2000-10-24,14.0
2000-10-25,14.33
2000-10-26,14.35
2000-10-27,14.19
2000-10-30,14.52
2000-10-31,14.47
2000-11-01,14.45
2000-11-02,14.34
2000-11-03,14.27
2000-11-06,14.54
2000-11-07,14.39
2000-11-08,14.72
2000-11-09,14.74
2000-11-10,14.82
2000-11-13,14.38
2000-11-14,14.56
2000-11-15,14.59
2000-11-16,14.62
2000-11-17,14.62
2000-11-20,14.58
2000-11-21,14.83
2000-11-22,14.78
2000-11-24,14.62
2000-11-27,14.92
2000-11-28,15.08
2000-11-29,15.23
2000-11-30,14.97
2000-12-01,14.75
2000-12-04,15.03
2000-12-05,14.91
2000-12-06,14.62
2000-12-07,14.83
2000-12-08,14.78
2000-12-11,14.57
2000-12-12,14.63
2000-12-13,14.96
2000-12-14,14.85
2000-12-15,14.78
2000-12-18,14.87
2000-12-19,15.01
2000-12-20,15.05
2000-12-21,15.0
2000-12-22,14.94
2000-12-26,15.23
2000-12-27,15.34
2000-12-28,15.57
2000-12-29,15.51
2001-01-02,15.31
2001-01-03,14.61
2001-01-04,14.03
2001-01-05,14.12
2001-01-08,14.22
2001-01-09,14.37
2001-01-10,14.28
2001-01-11,14.0
2001-01-12,13.99
2001-01-16,14.18
2001-01-17,14.02
2001-01-18,14.13
2001-01-19,14.02
2001-01-22,14.11
2001-01-23,14.2
2001-01-24,14.15
2001-01-25,14.45
2001-01-26,14.3
2001-01-29,14.18
2001-01-30,14.35
2001-01-31,14.38
2001-02-01,14.51
2001-02-02,14.6
2001-02-05,14.59
2001-02-06,14.66
2001-02-07,14.68
2001-02-08,14.64
2001-02-09,14.76
2001-02-12,14.88
2001-02-13,14.68
2001-02-14,14.55
2001-02-15,14.42
2001-02-16,14.46
2001-02-20,14.54
2001-02-21,14.49
2001-02-22,14.38
2001-02-23,14.27
2001-02-26,14.41
2001-02-27,14.42
2001-02-28,14.47
2001-03-01,14.33
2001-03-02,14.47
2001-03-05,14.42
2001-03-06,14.12
2001-03-07,14.03
2001-03-08,14.15
2001-03-09,14.24
2001-03-12,13.8
2001-03-13,13.73
2001-03-14,13.39
2001-03-15,13.41
2001-03-16,13.24
2001-03-19,13.4
2001-03-20,13.07
2001-03-21,12.75
2001-03-22,12.62
2001-03-23,12.92
2001-03-26,13.09
2001-03-27,13.39
2001-03-28,13.42
2001-03-29,13.46
2001-03-30,13.47
2001-04-02,13.29
2001-04-03,13.04
2001-04-04,13.21
2001-04-05,13.35
2001-04-06,13.3
2001-04-09,13.42
2001-04-10,13.4
2001-04-11,13.15
2001-04-12,13.32
2001-04-16,13.32
2001-04-17,13.61
2001-04-18,13.48
2001-04-19,13.43
2001-04-20,13.28
2001-04-23,13.35
2001-04-24,13.1
2001-04-25,13.45
2001-04-26,13.58
2001-04-27,13.65
2001-04-30,13.73
2001-05-01,13.88
2001-05-02,13.8
2001-05-03,13.73
2001-05-04,13.85
2001-05-07,13.84
2001-05-08,13.79
2001-05-09,13.86
2001-05-10,13.79
2001-05-11,13.72
2001-05-14,13.84
2001-05-15,13.76
2001-05-16,14.17
2001-05-17,14.25
2001-05-18,14.17
2001-05-21,14.16
2001-05-22,14.02
2001-05-23,13.89
2001-05-24,13.95
2001-05-25,13.84
2001-05-29,13.95
2001-05-30,14.03
2001-05-31,13.93
2001-06-01,14.11
2001-06-04,14.14
2001-06-05,14.28
2001-06-06,14.06
2001-06-07,14.15
2001-06-08,14.07
2001-06-11,13.88
2001-06-12,14.04
2001-06-13,13.93
2001-06-14,13.92
2001-06-15,13.84
2001-06-18,13.88
2001-06-19,13.92
2001-06-20,14.0
2001-06-21,14.12
2001-06-22,13.73
2001-06-25,13.66
2001-06-26,13.66
2001-06-27,13.55
2001-06-28,13.64
2001-06-29,13.29
2001-07-02,13.59
2001-07-03,13.48
2001-07-05,13.4
2001-07-06,13.24
2001-07-09,13.44
2001-07-10,13.33
2001-07-11,13.26
2001-07-12,13.18
2001-07-13,13.28
2001-07-16,13.18
2001-07-17,13.38
2001-07-18,13.76
2001-07-19,13.63
2001-07-20,13.82
2001-07-23,13.49
2001-07-24,13.39
2001-07-25,13.49
2001-07-26,13.49
2001-07-27,13.49
2001-07-30,13.66
2001-07-31,13.69
2001-08-01,13.69
2001-08-02,13.61
2001-08-03,13.71
2001-08-06,13.64
2001-08-07,13.66
2001-08-08,13.61
2001-08-09,13.65
2001-08-10,13.7
2001-08-13,13.82
2001-08-14,13.8
2001-08-15,13.77
2001-08-16,13.91
2001-08-17,13.91
2001-08-20,13.9
2001-08-21,14.02
2001-08-22,14.08
2001-08-23,14.04
2001-08-24,14.21
2001-08-27,14.18
2001-08-28,14.01
2001-08-29,13.8
2001-08-30,13.86
2001-08-31,13.76
2001-09-04,13.77
2001-09-05,14.26
2001-09-06,13.83
2001-09-07,13.61
2001-09-10,13.91
2001-09-17,13.9
2001-09-18,13.73
2001-09-19,13.55
2001-09-20,13.28
2001-09-21,12.89
2001-09-24,13.06
2001-09-25,13.13
2001-09-26,13.36
2001-09-27,13.62
2001-09-28,13.74
2001-10-01,13.85
2001-10-02,13.95
2001-10-03,13.84
2001-10-04,13.79
2001-10-05,13.94
2001-10-08,13.91
2001-10-09,13.84
2001-10-10,14.01
2001-10-11,13.91
2001-10-12,13.9
2001-10-15,13.96
2001-10-16,13.88
2001-10-17,13.77
2001-10-18,13.87
2001-10-19,14.03
2001-10-22,14.17
2001-10-23,13.99
2001-10-24,13.96
2001-10-25,14.1
2001-10-26,14.05
2001-10-29,13.96
2001-10-30,13.81
2001-10-31,13.65
2001-11-01,13.97
2001-11-02,13.95
2001-11-05,13.97
2001-11-06,14.0
2001-11-07,14.02
2001-11-08,13.89
2001-11-09,13.92
2001-11-12,13.94
2001-11-13,13.94
2001-11-14,13.87
2001-11-15,13.95
2001-11-16,14.08
2001-11-19,14.12
2001-11-20,14.1
2001-11-21,14.28
2001-11-23,14.33
2001-11-26,14.34
2001-11-27,14.18
2001-11-28,14.01
2001-11-29,14.28
2001-11-30,14.25
2001-12-03,14.25
2001-12-04,14.25
2001-12-05,14.12
2001-12-06,14.09
2001-12-07,14.16
2001-12-10,13.88
2001-12-11,13.73
2001-12-12,13.76
2001-12-13,13.62
2001-12-14,13.57
2001-12-17,13.91
2001-12-18,13.84
2001-12-19,14.01
2001-12-20,14.03
2001-12-21,14.17
2001-12-24,14.17
2001-12-26,14.21
2001-12-27,14.12
2001-12-28,14.06
2001-12-31,13.97
2002-01-02,13.92
2002-01-03,13.88
2002-01-04,13.84
2002-01-07,13.74
2002-01-08,13.67
2002-01-09,13.72
2002-01-10,13.74
2002-01-11,13.77
2002-01-14,13.88
2002-01-15,13.9
2002-01-16,13.77
2002-01-17,13.89
2002-01-18,13.84
2002-01-22,13.99
2002-01-23,14.04
2002-01-24,13.84
2002-01-25,13.81
2002-01-28,13.81
2002-01-29,13.64
2002-01-30,13.8
2002-01-31,13.88
2002-02-01,13.89
2002-02-04,13.74
2002-02-05,13.9
2002-02-06,13.84
2002-02-07,13.69
2002-02-08,13.72
2002-02-11,13.94
2002-02-12,13.94
2002-02-13,14.02
2002-02-14,14.02
2002-02-15,14.03
2002-02-19,13.85
2002-02-20,14.13
2002-02-21,13.96
2002-02-22,14.19
2002-02-25,14.21
2002-02-26,14.21
2002-02-27,14.22
2002-02-28,14.17
2002-03-01,14.44
2002-03-04,14.45
2002-03-05,14.19
2002-03-06,14.31
2002-03-07,14.3
2002-03-08,14.26
2002-03-11,14.26
2002-03-12,14.25
2002-03-13,14.36
2002-03-14,14.32
2002-03-15,14.58
2002-03-18,14.54
2002-03-19,14.59
2002-03-20,14.31
2002-03-21,14.42
2002-03-22,14.43
2002-03-25,14.29
2002-03-26,14.4
2002-03-27,14.36
2002-03-28,14.4
2002-04-01,14.37
2002-04-02,14.27
2002-04-03,14.29
2002-04-04,14.12
2002-04-05,14.0
2002-04-08,14.05
2002-04-09,14.04
2002-04-10,14.27
2002-04-11,14.08
2002-04-12,14.15
2002-04-15,14.14
2002-04-16,14.29
2002-04-17,14.08
2002-04-18,14.22
2002-04-19,14.25
2002-04-22,14.17
2002-04-23,14.05
2002-04-24,13.99
2002-04-25,14.04
2002-04-26,13.95
2002-04-29,13.81
2002-04-30,13.87
2002-05-01,14.06
2002-05-02,14.06
2002-05-03,13.93
2002-05-06,13.83
2002-05-07,13.64
2002-05-08,13.89
2002-05-09,13.74
2002-05-10,13.72
2002-05-13,13.85
2002-05-14,13.91
2002-05-15,13.71
2002-05-16,13.72
2002-05-17,13.88
2002-05-20,13.82
2002-05-21,13.7
2002-05-22,13.82
2002-05-23,13.87
2002-05-24,13.71
2002-05-28,13.66
2002-05-29,13.7
2002-05-30,13.64
2002-05-31,13.71
2002-06-03,13.4
2002-06-04,13.38
2002-06-05,13.53
2002-06-06,13.23
2002-06-07,13.23
2002-06-10,13.38
2002-06-11,13.02
2002-06-12,13.01
2002-06-13,12.97
2002-06-14,13.03
2002-06-17,13.28
2002-06-18,13.24
2002-06-19,13.19
2002-06-20,13.08
2002-06-21,12.72
2002-06-24,12.6
2002-06-25,12.34
2002-06-26,12.31
2002-06-27,12.41
2002-06-28,12.31
2002-07-01,12.44
2002-07-02,12.35
2002-07-03,12.27
2002-07-05,12.43
2002-07-08,12.41
2002-07-09,12.2
2002-07-10,11.95
2002-07-11,11.76
2002-07-12,11.51
2002-07-15,11.34
2002-07-16,11.16
2002-07-17,11.21
2002-07-18,10.96
2002-07-19,10.45
2002-07-22,10.54
2002-07-23,10.59
2002-07-24,11.13
2002-07-25,11.27
2002-07-26,11.32
2002-07-29,11.64
2002-07-30,11.53
2002-07-31,11.79
2002-08-01,11.68
2002-08-02,11.66
2002-08-05,11.5
2002-08-06,11.51
2002-08-07,11.77
2002-08-08,12.04
2002-08-09,12.1
2002-08-12,12.06
2002-08-13,11.94
2002-08-14,12.34
2002-08-15,12.23
2002-08-16,12.17
2002-08-19,12.26
2002-08-20,12.21
2002-08-21,12.19
2002-08-22,12.25
2002-08-23,12.06
2002-08-26,12.09
2002-08-27,12.05
2002-08-28,11.93
2002-08-29,11.79
2002-08-30,11.88
2002-09-03,11.62
2002-09-04,11.72
2002-09-05,11.71
2002-09-06,11.71
2002-09-09,11.94
2002-09-10,11.94
2002-09-11,11.92
2002-09-12,11.76
2002-09-13,11.83
2002-09-16,12.0
2002-09-17,11.69
2002-09-18,11.7
2002-09-19,11.36
2002-09-20,11.36
2002-09-23,11.32
2002-09-24,11.13
2002-09-25,11.22
2002-09-26,11.48
2002-09-27,11.14
2002-09-30,11.02
2002-10-01,11.35
2002-10-02,11.29
2002-10-03,11.26
2002-10-04,11.14
2002-10-07,11.12
2002-10-08,11.35
2002-10-09,11.21
2002-10-10,11.26
2002-10-11,11.39
2002-10-14,11.58
2002-10-15,11.68
2002-10-16,11.43
2002-10-17,11.48
2002-10-18,11.61
2002-10-21,11.9
2002-10-22,11.7
2002-10-23,11.7
2002-10-24,11.52
2002-10-25,11.6
2002-10-28,11.35
2002-10-29,11.51
2002-10-30,11.56
2002-10-31,11.45
2002-11-01,11.6
2002-11-04,11.34
2002-11-05,11.45
2002-11-06,11.4
2002-11-07,11.37
2002-11-08,11.3
2002-11-11,11.27
2002-11-12,10.93
2002-11-13,11.1
2002-11-14,11.25
2002-11-15,11.32
2002-11-18,11.27
2002-11-19,11.34
2002-11-20,11.33
2002-11-21,11.19
2002-11-22,11.19
2002-11-25,11.12
2002-11-26,11.05
2002-11-27,11.2
2002-11-29,11.13
2002-12-02,11.05
2002-12-03,11.11
2002-12-04,11.28
2002-12-05,11.17
2002-12-06,11.26
2002-12-09,11.22
2002-12-10,11.37
2002-12-11,11.31
2002-12-12,11.24
2002-12-13,11.24
2002-12-16,11.3
2002-12-17,11.18
2002-12-18,11.16
2002-12-19,11.02
2002-12-20,11.21
2002-12-23,11.24
2002-12-24,11.24
2002-12-26,11.23
2002-12-27,11.14
2002-12-30,11.21
2002-12-31,11.17
2003-01-02,11.38
2003-01-03,11.37
2003-01-06,11.45
2003-01-07,11.35
2003-01-08,11.28
2003-01-09,11.4
2003-01-10,11.43
2003-01-13,11.46
2003-01-14,11.49
2003-01-15,11.38
2003-01-16,11.55
2003-01-17,11.48
2003-01-21,11.4
2003-01-22,11.26
2003-01-23,11.18
2003-01-24,10.94
2003-01-27,10.79
2003-01-28,10.82
2003-01-29,10.71
2003-01-30,10.51
2003-01-31,10.79
2003-02-03,10.82
2003-02-04,10.83
2003-02-05,10.75
2003-02-06,10.67
2003-02-07,10.6
2003-02-10,10.67
2003-02-11,10.47
2003-02-12,10.47
2003-02-13,10.48
2003-02-14,10.67
2003-02-18,10.74
2003-02-19,10.66
2003-02-20,10.55
2003-02-21,10.61
2003-02-24,10.47
2003-02-25,10.54
2003-02-26,10.49
2003-02-27,10.5
2003-02-28,10.46
2003-03-03,10.37
2003-03-04,10.28
2003-03-05,10.2
2003-03-06,10.14
2003-03-07,10.15
2003-03-10,9.98
2003-03-11,10.08
2003-03-12,10.16
2003-03-13,10.38
2003-03-14,10.37
2003-03-17,10.66
2003-03-18,10.58
2003-03-19,10.76
2003-03-20,10.74
2003-03-21,10.97
2003-03-24,10.68
2003-03-25,10.69
2003-03-26,10.65
2003-03-27,10.67
2003-03-28,10.56
2003-03-31,10.46
2003-04-01,10.42
2003-04-02,10.64
2003-04-03,10.57
2003-04-04,10.61
2003-04-07,10.56
2003-04-08,10.68
2003-04-09,10.6
2003-04-10,10.63
2003-04-11,10.65
2003-04-14,10.84
2003-04-15,10.88
2003-04-16,10.57
2003-04-17,10.75
2003-04-21,10.68
2003-04-22,10.87
2003-04-23,10.84
2003-04-24,10.77
2003-04-25,10.61
2003-04-28,10.76
2003-04-29,10.86
2003-04-30,10.77
2003-05-01,10.75
2003-05-02,10.84
2003-05-05,10.77
2003-05-06,10.83
2003-05-07,10.86
2003-05-08,10.81
2003-05-09,10.94
2003-05-12,11.04
2003-05-13,10.99
2003-05-14,10.9
2003-05-15,10.99
2003-05-16,10.92
2003-05-19,10.82
2003-05-20,10.88
2003-05-21,10.97
2003-05-22,11.12
2003-05-23,11.06
2003-05-27,11.17
2003-05-28,11.23
2003-05-29,11.18
2003-05-30,11.3
2003-06-02,11.27
2003-06-03,11.39
2003-06-04,11.47
2003-06-05,11.48
2003-06-06,11.44
2003-06-09,11.42
2003-06-10,11.45
2003-06-11,11.54
2003-06-12,11.58
2003-06-13,11.46
2003-06-16,11.7
2003-06-17,11.62
2003-06-18,11.61
2003-06-19,11.48
2003-06-20,11.48
2003-06-23,11.41
2003-06-24,11.54
2003-06-25,11.37
2003-06-26,11.45
2003-06-27,11.39
2003-06-30,11.4
2003-07-01,11.5
2003-07-02,11.57
2003-07-03,11.51
2003-07-07,11.59
2003-07-08,11.6
2003-07-09,11.45
2003-07-10,11.4
2003-07-11,11.48
2003-07-14,11.45
2003-07-15,11.52
2003-07-16,11.4
2003-07-17,11.36
2003-07-18,11.46
2003-07-21,11.36
2003-07-22,11.48
2003-07-23,11.43
2003-07-24,11.35
2003-07-25,11.44
2003-07-28,11.37
2003-07-29,11.31
2003-07-30,11.39
2003-07-31,11.39
2003-08-01,11.27
2003-08-04,11.32
2003-08-05,11.18
2003-08-06,11.25
2003-08-07,11.35
2003-08-08,11.41
2003-08-11,11.4
2003-08-12,11.49
2003-08-13,11.45
2003-08-14,11.51
2003-08-15,11.55
2003-08-18,11.57
2003-08-19,11.51
2003-08-20,11.47
2003-08-21,11.51
2003-08-22,11.41
2003-08-25,11.48
2003-08-26,11.49
2003-08-27,11.54
2003-08-28,11.57
2003-08-29,11.58
2003-09-02,11.71
2003-09-03,11.74
2003-09-04,11.79
2003-09-05,11.67
2003-09-08,11.7
2003-09-09,11.57
2003-09-10,11.57
2003-09-11,11.63
2003-09-12,11.66
2003-09-15,11.65
2003-09-16,11.65
2003-09-17,11.71
2003-09-18,11.78
2003-09-19,11.75
2003-09-22,11.66
2003-09-23,11.73
2003-09-24,11.62
2003-09-25,11.61
2003-09-26,11.58
2003-09-29,11.58
2003-09-30,11.53
2003-10-01,11.74
2003-10-02,11.74
2003-10-03,11.83
2003-10-06,11.87
2003-10-07,11.94
2003-10-08,11.9
2003-10-09,11.92
2003-10-10,11.91
2003-10-13,11.96
2003-10-14,12.02
2003-10-15,12.0
2003-10-16,12.02
2003-10-17,11.95
2003-10-20,11.95
2003-10-21,11.94
2003-10-22,11.88
2003-10-23,11.88
2003-10-24,11.87
2003-10-27,11.86
2003-10-28,11.99
2003-10-29,12.05
2003-10-30,12.03
2003-10-31,12.06
2003-11-03,12.16
2003-11-04,12.09
2003-11-05,12.07
2003-11-06,12.15
2003-11-07,12.15
2003-11-10,12.11
2003-11-11,12.12
2003-11-12,12.21
2003-11-13,12.07
2003-11-14,12.0
2003-11-17,12.02
2003-11-18,11.97
2003-11-19,12.03
2003-11-20,11.95
2003-11-21,11.98
2003-11-24,12.14
2003-11-25,12.17
2003-11-26,12.15
2003-11-28,12.2
2003-12-01,12.17
2003-12-02,12.07
2003-12-03,12.07
2003-12-04,12.12
2003-12-05,12.08
2003-12-08,12.11
2003-12-09,12.07
2003-12-10,12.08
2003-12-11,12.07
2003-12-12,12.15
2003-12-15,12.07
2003-12-16,12.19
2003-12-17,12.18
2003-12-18,12.24
2003-12-19,12.2
2003-12-22,12.27
2003-12-23,12.27
2003-12-24,12.23
2003-12-26,12.24
2003-12-29,12.32
2003-12-30,12.34
2003-12-31,12.41
2004-01-02,12.27
2004-01-05,12.35
2004-01-06,12.37
2004-01-07,12.32
2004-01-08,12.31
2004-01-09,12.21
2004-01-12,12.27
2004-01-13,12.25
2004-01-14,12.3
2004-01-15,12.31
2004-01-16,12.31
2004-01-20,12.27
2004-01-21,12.32
2004-01-22,12.28
2004-01-23,12.38
2004-01-26,12.5
2004-01-27,12.44
2004-01-28,12.31
2004-01-29,12.48
2004-01-30,12.41
2004-02-02,12.47
2004-02-03,12.53
2004-02-04,12.6
2004-02-05,12.68
2004-02-06,12.78
2004-02-09,12.8
2004-02-10,12.85
2004-02-11,12.83
2004-02-12,12.85
2004-02-13,12.77
2004-02-17,12.89
2004-02-18,12.87
2004-02-19,12.93
2004-02-20,13.04
2004-02-23,13.11
2004-02-24,13.03
2004-02-25,13.07
2004-02-26,13.07
2004-02-27,13.12
2004-03-01,13.27
2004-03-02,13.14
2004-03-03,13.21
2004-03-04,13.18
2004-03-05,13.18
2004-03-08,13.18
2004-03-09,13.18
2004-03-10,13.14
2004-03-11,12.89
2004-03-12,12.89
2004-03-15,12.77
2004-03-16,12.79
2004-03-17,12.94
2004-03-18,12.94
2004-03-19,12.91
2004-03-22,12.74
2004-03-23,12.72
2004-03-24,12.75
2004-03-25,12.93
2004-03-26,12.85
2004-03-29,13.01
2004-03-30,13.09
2004-03-31,13.09
2004-04-01,13.04
2004-04-02,13.05
2004-04-05,13.1
2004-04-06,13.16
2004-04-07,13.13
2004-04-08,13.06
2004-04-12,13.11
2004-04-13,12.98
2004-04-14,13.07
2004-04-15,13.11
2004-04-16,13.2
2004-04-19,13.24
2004-04-20,13.14
2004-04-21,13.17
2004-04-22,13.3
2004-04-23,13.31
2004-04-26,13.28
2004-04-27,13.32
2004-04-28,13.16
2004-04-29,13.23
2004-04-30,13.26
2004-05-03,13.34
2004-05-04,13.28
2004-05-05,13.31
2004-05-06,13.25
2004-05-07,13.12
2004-05-10,13.06
2004-05-11,13.04
2004-05-12,12.97
2004-05-13,12.95
2004-05-14,13.0
2004-05-17,12.91
2004-05-18,12.99
2004-05-19,12.92
2004-05-20,12.96
2004-05-21,12.97
2004-05-24,12.92
2004-05-25,13.07
2004-05-26,13.08
2004-05-27,13.24
2004-05-28,13.19
2004-06-01,13.19
2004-06-02,13.29
2004-06-03,13.27
2004-06-04,13.29
2004-06-07,13.4
2004-06-08,13.47
2004-06-09,13.41
2004-06-10,13.41
2004-06-14,13.35
2004-06-15,13.41
2004-06-16,13.39
2004-06-17,13.34
2004-06-18,13.34
2004-06-21,13.32
2004-06-22,13.33
2004-06-23,13.34
2004-06-24,13.29
2004-06-25,13.17
2004-06-28,13.17
2004-06-29,13.18
2004-06-30,13.26
2004-07-01,13.13
2004-07-02,13.13
2004-07-06,13.13
2004-07-07,13.14
2004-07-08,13.13
2004-07-09,13.16
2004-07-12,13.18
2004-07-13,13.19
2004-07-14,13.19
2004-07-15,13.1
2004-07-16,13.1
2004-07-19,13.1
2004-07-20,13.11
2004-07-21,12.93
2004-07-22,12.89
2004-07-23,12.7
2004-07-26,12.66
2004-07-27,12.79
2004-07-28,12.75
2004-07-29,12.6
2004-07-30,12.6
2004-08-02,12.73
2004-08-03,12.68
2004-08-04,12.71
2004-08-05,12.56
2004-08-06,12.4
2004-08-09,12.45
2004-08-10,12.55
2004-08-11,12.64
2004-08-12,12.61
2004-08-13,12.67
2004-08-16,12.75
2004-08-17,12.76
2004-08-18,12.85
2004-08-19,12.79
2004-08-20,12.84
2004-08-23,12.8
2004-08-24,12.8
2004-08-25,12.88
2004-08-26,12.9
2004-08-27,12.88
2004-08-30,12.82
2004-08-31,12.83
2004-09-01,12.83
2004-09-02,12.98
2004-09-03,13.03
2004-09-07,13.03
2004-09-08,12.9
2004-09-09,12.84
2004-09-10,12.86
2004-09-13,12.87
2004-09-14,12.87
2004-09-15,12.75
2004-09-16,12.68
2004-09-17,12.74
2004-09-20,12.52
2004-09-21,12.48
2004-09-22,12.38
2004-09-23,12.43
2004-09-24,12.41
2004-09-27,12.36
2004-09-28,12.43
2004-09-29,12.46
2004-09-30,12.49
2004-10-01,12.62
2004-10-04,12.59
2004-10-05,12.59
2004-10-06,12.65
2004-10-07,12.55
2004-10-08,12.46
2004-10-11,12.45
2004-10-12,12.42
2004-10-13,12.37
2004-10-14,12.32
2004-10-15,12.4
2004-10-18,12.45
2004-10-19,12.37
2004-10-20,12.41
2004-10-21,12.41
2004-10-22,12.33
2004-10-25,12.26
2004-10-26,12.39
2004-10-27,12.52
2004-10-28,12.58
2004-10-29,12.57
2004-11-01,12.54
2004-11-02,12.62
2004-11-03,12.72
2004-11-04,13.06
2004-11-05,13.12
2004-11-08,13.09
2004-11-09,13.09
2004-11-10,13.11
2004-11-11,13.2
2004-11-12,13.24
2004-11-15,13.29
2004-11-16,13.2
2004-11-17,13.21
2004-11-18,13.2
2004-11-19,13.06
2004-11-22,13.15
2004-11-23,13.12
2004-11-24,13.11
2004-11-26,13.11
2004-11-29,12.98
2004-11-30,12.88
2004-12-01,13.05
2004-12-02,13.18
2004-12-03,13.15
2004-12-06,13.07
2004-12-07,13.03
2004-12-08,13.04
2004-12-09,13.19
2004-12-10,13.21
2004-12-13,13.24
2004-12-14,13.36
2004-12-15,13.35
2004-12-16,13.32
2004-12-17,13.22
2004-12-20,13.22
2004-12-21,13.32
2004-12-22,13.37
2004-12-23,13.34
2004-12-27,13.33
2004-12-28,13.41
2004-12-29,13.38
2004-12-30,13.41
2004-12-31,13.36
2005-01-03,13.36
2005-01-04,13.32
2005-01-05,13.25
2005-01-06,13.31
2005-01-07,13.37
2005-01-10,13.46
2005-01-11,13.4
2005-01-12,13.44
2005-01-13,13.35
2005-01-14,13.43
2005-01-18,13.57
2005-01-19,13.54
2005-01-20,13.53
2005-01-21,13.42
2005-01-24,13.36
2005-01-25,13.42
2005-01-26,13.4
2005-01-27,13.48
2005-01-28,13.48
2005-01-31,13.52
2005-02-01,13.53
2005-02-02,13.64
2005-02-03,13.61
2005-02-04,13.69
2005-02-07,13.66
2005-02-08,13.68
2005-02-09,13.55
2005-02-10,13.55
2005-02-11,13.63
2005-02-14,13.64
2005-02-15,13.66
2005-02-16,13.69
2005-02-17,13.61
2005-02-18,13.59
2005-02-22,13.39
2005-02-23,13.42
2005-02-24,13.48
2005-02-25,13.53
2005-02-28,13.5
2005-03-01,13.61
2005-03-02,13.58
2005-03-03,13.67
2005-03-04,13.74
2005-03-07,13.7
2005-03-08,13.64
2005-03-09,13.54
2005-03-10,13.57
2005-03-11,13.46
2005-03-14,13.5
2005-03-15,13.42
2005-03-16,13.39
2005-03-17,13.43
2005-03-18,13.39
2005-03-21,13.31
2005-03-22,13.24
2005-03-23,13.33
2005-03-24,13.32
2005-03-28,13.33
2005-03-29,13.3
2005-03-30,13.48
2005-03-31,13.38
2005-04-01,13.26
2005-04-04,13.33
2005-04-05,13.43
2005-04-06,13.4
2005-04-07,13.49
2005-04-08,13.42
2005-04-11,13.46
2005-04-12,13.51
2005-04-13,13.45
2005-04-14,13.42
2005-04-15,13.29
2005-04-18,13.2
2005-04-19,13.24
2005-04-20,13.07
2005-04-21,13.29
2005-04-22,13.15
2005-04-25,13.29
2005-04-26,13.19
2005-04-27,13.24
2005-04-28,13.21
2005-04-29,13.24
2005-05-02,13.34
2005-05-03,13.4
2005-05-04,13.49
2005-05-05,13.47
2005-05-06,13.41
2005-05-09,13.49
2005-05-10,13.42
2005-05-11,13.47
2005-05-12,13.4
2005-05-13,13.28
2005-05-16,13.41
2005-05-17,13.48
2005-05-18,13.61
2005-05-19,13.69
2005-05-20,13.67
2005-05-23,13.7
2005-05-24,13.67
2005-05-25,13.63
2005-05-26,13.64
2005-05-27,13.6
2005-05-31,13.55
2005-06-01,13.65
2005-06-02,13.68
2005-06-03,13.57
2005-06-06,13.58
2005-06-07,13.63
2005-06-08,13.59
2005-06-09,13.6
2005-06-10,13.59
2005-06-13,13.63
2005-06-14,13.61
2005-06-15,13.62
2005-06-16,13.58
2005-06-17,13.61
2005-06-20,13.61
2005-06-21,13.58
2005-06-22,13.59
2005-06-23,13.42
2005-06-24,13.28
2005-06-27,13.27
2005-06-28,13.44
2005-06-29,13.41
2005-06-30,13.29
2005-07-01,13.34
2005-07-05,13.41
2005-07-06,13.28
2005-07-07,13.26
2005-07-08,13.44
2005-07-11,13.51
2005-07-12,13.52
2005-07-13,13.58
2005-07-14,13.65
2005-07-15,13.65
2005-07-18,13.58
2005-07-19,13.56
2005-07-20,13.61
2005-07-21,13.56
2005-07-22,13.6
2005-07-25,13.55
2005-07-26,13.62
2005-07-27,13.66
2005-07-28,13.78
2005-07-29,13.72
2005-08-01,13.65
2005-08-02,13.69
2005-08-03,13.72
2005-08-04,13.61
2005-08-05,13.52
2005-08-08,13.5
2005-08-09,13.52
2005-08-10,13.5
2005-08-11,13.53
2005-08-12,13.48
2005-08-15,13.55
2005-08-16,13.41
2005-08-17,13.41
2005-08-18,13.56
2005-08-19,13.54
2005-08-22,13.58
2005-08-23,13.55
2005-08-24,13.42
2005-08-25,13.44
2005-08-26,13.41
2005-08-29,13.5
2005-08-30,13.43
2005-08-31,13.48
2005-09-01,13.46
2005-09-02,13.48
2005-09-06,13.63
2005-09-07,13.64
2005-09-08,13.59
2005-09-09,13.65
2005-09-12,13.68
2005-09-13,13.55
2005-09-14,13.46
2005-09-15,13.51
2005-09-16,13.55
2005-09-19,13.47
2005-09-20,13.39
2005-09-21,13.22
2005-09-22,13.32
2005-09-23,13.35
2005-09-26,13.3
2005-09-27,13.44
2005-09-28,13.46
2005-09-29,13.57
2005-09-30,13.67
2005-10-03,13.65
2005-10-04,13.59
2005-10-05,13.5
2005-10-06,13.42
2005-10-07,13.41
2005-10-10,13.36
2005-10-11,13.36
2005-10-12,13.32
2005-10-13,13.28
2005-10-14,13.36
2005-10-17,13.5
2005-10-18,13.4
2005-10-19,13.54
2005-10-20,13.44
2005-10-21,13.43
2005-10-24,13.54
2005-10-25,13.5
2005-10-26,13.46
2005-10-27,13.33
2005-10-28,13.55
2005-10-31,13.6
2005-11-01,13.53
2005-11-02,13.56
2005-11-03,13.62
2005-11-04,13.61
2005-11-07,13.64
2005-11-08,13.6
2005-11-09,13.62
2005-11-10,13.78
2005-11-11,13.8
2005-11-14,13.74
2005-11-15,13.67
2005-11-16,13.71
2005-11-17,13.7
2005-11-18,13.74
2005-11-21,13.76
2005-11-22,13.85
2005-11-23,13.9
2005-11-25,13.91
2005-11-28,13.85
2005-11-29,13.84
2005-11-30,13.73
2005-12-01,13.82
2005-12-02,13.81
2005-12-05,13.76
2005-12-06,13.75
2005-12-07,13.72
2005-12-08,13.69
2005-12-09,13.72
2005-12-12,13.74
2005-12-13,13.91
2005-12-14,14.03
2005-12-15,14.06
2005-12-16,14.04
2005-12-19,14.02
2005-12-20,13.94
2005-12-21,13.98
2005-12-22,13.99
2005-12-23,13.97
2005-12-27,13.87
2005-12-28,13.89
2005-12-29,13.86
2005-12-30,13.74
2006-01-03,13.83
2006-01-04,13.88
2006-01-05,13.81
2006-01-06,13.87
2006-01-09,13.93
2006-01-10,13.9
2006-01-11,13.91
2006-01-12,13.87
2006-01-13,13.86
2006-01-17,13.8
2006-01-18,13.86
2006-01-19,13.87
2006-01-20,13.67
2006-01-23,13.68
2006-01-24,13.73
2006-01-25,13.74
2006-01-26,13.77
2006-01-27,13.88
2006-01-30,13.83
2006-01-31,13.77
2006-02-01,13.8
2006-02-02,13.8
2006-02-03,13.71
2006-02-06,13.68
2006-02-07,13.61
2006-02-08,13.67
2006-02-09,13.71
2006-02-10,13.7
2006-02-13,13.68
2006-02-14,13.85
2006-02-15,13.94
2006-02-16,14.0
2006-02-17,13.94
2006-02-21,13.93
2006-02-22,14.04
2006-02-23,14.04
2006-02-24,13.97
2006-02-27,14.07
2006-02-28,13.88
2006-03-01,13.94
2006-03-02,13.86
2006-03-03,13.9
2006-03-06,13.85
2006-03-07,13.94
2006-03-08,14.1
2006-03-09,14.12
2006-03-10,14.25
2006-03-13,14.26
2006-03-14,14.23
2006-03-15,14.17
2006-03-16,14.22
2006-03-17,14.21
2006-03-20,14.3
2006-03-21,14.2
2006-03-22,14.33
2006-03-23,14.22
2006-03-24,14.22
2006-03-27,14.18
2006-03-28,14.06
2006-03-29,14.17
2006-03-30,14.05
2006-03-31,14.0
2006-04-03,14.05
2006-04-04,14.03
2006-04-05,14.06
2006-04-06,14.01
2006-04-07,13.89
2006-04-10,13.9
2006-04-11,13.77
2006-04-12,13.82
2006-04-13,13.8
2006-04-17,13.72
2006-04-18,13.85
2006-04-19,13.87
2006-04-20,13.89
2006-04-21,13.89
2006-04-24,13.95
2006-04-25,13.95
2006-04-26,14.08
2006-04-27,14.1
2006-04-28,14.14
2006-05-01,14.13
2006-05-02,14.21
2006-05-03,14.12
2006-05-04,14.14
2006-05-05,14.27
2006-05-08,14.35
2006-05-09,14.39
2006-05-10,14.33
2006-05-11,14.15
2006-05-12,14.04
2006-05-15,14.19
2006-05-16,14.25
2006-05-17,14.07
2006-05-18,14.0
2006-05-19,14.01
2006-05-22,14.05
2006-05-23,14.05
2006-05-24,14.15
2006-05-25,14.29
2006-05-26,14.29
2006-05-30,14.11
2006-05-31,14.17
2006-06-01,14.24
2006-06-02,14.21
2006-06-05,14.01
2006-06-06,14.05
2006-06-07,14.05
2006-06-08,14.09
2006-06-09,14.11
2006-06-12,14.02
2006-06-13,13.98
2006-06-14,14.03
2006-06-15,14.15
2006-06-16,14.16
2006-06-19,14.11
2006-06-20,14.21
2006-06-21,14.26
2006-06-22,14.24
2006-06-23,14.19
2006-06-26,14.27
2006-06-27,14.21
2006-06-28,14.27
2006-06-29,14.5
2006-06-30,14.43
2006-07-03,14.51
2006-07-05,14.39
2006-07-06,14.56
2006-07-07,14.53
2006-07-10,14.62
2006-07-11,14.69
2006-07-12,14.57
2006-07-13,14.46
2006-07-14,14.31
2006-07-17,14.35
2006-07-18,14.41
2006-07-19,14.59
2006-07-20,14.6
2006-07-21,14.57
2006-07-24,14.68
2006-07-25,14.75
2006-07-26,14.68
2006-07-27,14.59
2006-07-28,14.72
2006-07-31,14.65
2006-08-01,14.58
2006-08-02,14.71
2006-08-03,14.75
2006-08-04,14.75
2006-08-07,14.72
2006-08-08,14.78
2006-08-09,14.69
2006-08-10,14.84
2006-08-11,14.81
2006-08-14,14.84
2006-08-15,14.94
2006-08-16,14.96
2006-08-17,14.93
2006-08-18,15.02
2006-08-21,15.06
2006-08-22,15.05
2006-08-23,15.0
2006-08-24,15.08
2006-08-25,15.05
2006-08-28,15.11
2006-08-29,15.17
2006-08-30,15.21
2006-08-31,15.22
2006-09-01,15.3
2006-09-05,15.25
2006-09-06,15.21
2006-09-07,15.15
2006-09-08,15.23
2006-09-11,15.34
2006-09-12,15.35
2006-09-13,15.24
2006-09-14,15.31
2006-09-15,15.33
2006-09-18,15.27
2006-09-19,15.31
2006-09-20,15.4
2006-09-21,15.26
2006-09-22,15.27
2006-09-25,15.18
2006-09-26,15.19
2006-09-27,15.29
2006-09-28,15.25
2006-09-29,15.21
2006-10-02,15.11
2006-10-03,15.13
2006-10-04,15.29
2006-10-05,15.23
2006-10-06,15.15
2006-10-09,15.2
2006-10-10,15.15
2006-10-11,15.17
2006-10-12,15.19
2006-10-13,15.16
2006-10-16,15.19
2006-10-17,15.16
2006-10-18,15.22
2006-10-19,15.25
2006-10-20,15.31
2006-10-23,15.46
2006-10-24,15.41
2006-10-25,15.51
2006-10-26,15.61
2006-10-27,15.56
2006-10-30,15.49
2006-10-31,15.48
2006-11-01,15.36
2006-11-02,15.34
2006-11-03,15.27
2006-11-06,15.32
2006-11-07,15.34
2006-11-08,15.4
2006-11-09,15.31
2006-11-10,15.31
2006-11-13,15.27
2006-11-14,15.31
2006-11-15,15.39
2006-11-16,15.49
2006-11-17,15.52
2006-11-20,15.47
2006-11-21,15.45
2006-11-22,15.48
2006-11-24,15.42
2006-11-27,15.23
2006-11-28,15.3
2006-11-29,15.43
2006-11-30,15.35
2006-12-01,15.3
2006-12-04,15.52
2006-12-05,15.61
2006-12-06,15.62
2006-12-07,15.59
2006-12-08,15.62
2006-12-11,15.65
2006-12-12,15.62
2006-12-13,15.61
2006-12-14,15.67
2006-12-15,15.7
2006-12-18,15.69
2006-12-19,15.7
2006-12-20,15.71
2006-12-21,15.72
2006-12-22,15.7
2006-12-26,15.76
2006-12-27,15.82
2006-12-28,15.81
2006-12-29,15.73
2007-01-03,15.84
2007-01-04,15.86
2007-01-05,15.75
2007-01-08,15.77
2007-01-09,15.81
2007-01-10,15.87
2007-01-11,15.99
2007-01-12,15.97
2007-01-16,15.98
2007-01-17,16.03
2007-01-18,16.01
2007-01-19,16.03
2007-01-22,16.01
2007-01-23,16.04
2007-01-24,16.1
2007-01-25,16.0
2007-01-26,15.96
2007-01-29,16.0
2007-01-30,15.99
2007-01-31,16.05
2007-02-01,16.11
2007-02-02,16.14
2007-02-05,16.09
2007-02-06,16.07
2007-02-07,16.03
2007-02-08,16.0
2007-02-09,15.98
2007-02-12,15.94
2007-02-13,15.99
2007-02-14,16.09
2007-02-15,16.19
2007-02-16,16.21
2007-02-20,16.29
2007-02-21,16.2
2007-02-22,16.14
2007-02-23,16.16
2007-02-26,16.15
2007-02-27,15.78
2007-02-28,15.81
2007-03-01,15.84
2007-03-02,15.6
2007-03-05,15.54
2007-03-06,15.66
2007-03-07,15.6
2007-03-08,15.75
2007-03-09,15.79
2007-03-12,15.81
2007-03-13,15.51
2007-03-14,15.54
2007-03-15,15.74
2007-03-16,15.7
2007-03-19,15.8
2007-03-20,15.95
2007-03-21,16.1
2007-03-22,16.18
2007-03-23,16.22
2007-03-26,16.1
2007-03-27,16.03
2007-03-28,16.0
2007-03-29,16.09
2007-03-30,16.13
2007-04-02,16.18
2007-04-03,16.28
2007-04-04,16.36
2007-04-05,16.4
2007-04-09,16.36
2007-04-10,16.44
2007-04-11,16.33
2007-04-12,16.35
2007-04-13,16.4
2007-04-16,16.44
2007-04-17,16.59
2007-04-18,16.54
2007-04-19,16.56
2007-04-20,16.71
2007-04-23,16.67
2007-04-24,16.67
2007-04-25,16.75
2007-04-26,16.68
2007-04-27,16.65
2007-04-30,16.59
2007-05-01,16.52
2007-05-02,16.53
2007-05-03,16.59
2007-05-04,16.59
2007-05-07,16.62
2007-05-08,16.5
2007-05-09,16.53
2007-05-10,16.42
2007-05-11,16.47
2007-05-14,16.41
2007-05-15,16.51
2007-05-16,16.68
2007-05-17,16.64
2007-05-18,16.76
2007-05-21,16.64
2007-05-22,16.67
2007-05-23,16.62
2007-05-24,16.54
2007-05-25,16.65
2007-05-29,16.71
2007-05-30,16.79
2007-05-31,16.81
2007-06-01,16.89
2007-06-04,16.95
2007-06-05,16.85
2007-06-06,16.74
2007-06-07,16.53
2007-06-08,16.62
2007-06-11,16.71
2007-06-12,16.56
2007-06-13,16.68
2007-06-14,16.71
2007-06-15,16.74
2007-06-18,16.66
2007-06-19,16.54
2007-06-20,16.52
2007-06-21,16.57
2007-06-22,16.48
2007-06-25,16.4
2007-06-26,16.36
2007-06-27,16.49
2007-06-28,16.46
2007-06-29,16.48
2007-07-02,16.61
2007-07-03,16.6
2007-07-05,16.59
2007-07-06,16.69
2007-07-09,16.69
2007-07-10,16.54
2007-07-11,16.62
2007-07-12,16.76
2007-07-13,16.87
2007-07-16,16.81
2007-07-17,16.73
2007-07-18,16.73
2007-07-19,16.79
2007-07-20,16.69
2007-07-23,16.69
2007-07-24,16.57
2007-07-25,16.57
2007-07-26,16.32
2007-07-27,16.1
2007-07-30,16.14
2007-07-31,16.01
2007-08-01,16.24
2007-08-02,16.26
2007-08-03,16.23
2007-08-06,16.65
2007-08-07,16.61
2007-08-08,16.9
2007-08-09,16.6
2007-08-10,16.51
2007-08-13,16.46
2007-08-14,16.2
2007-08-15,16.11
2007-08-16,16.15
2007-08-17,16.23
2007-08-20,16.35
2007-08-21,16.35
2007-08-22,16.4
2007-08-23,16.4
2007-08-24,16.52
2007-08-27,16.45
2007-08-28,16.26
2007-08-29,16.4
2007-08-30,16.34
2007-08-31,16.38
2007-09-04,16.56
2007-09-05,16.41
2007-09-06,16.37
2007-09-07,16.29
2007-09-10,16.34
2007-09-11,16.45
2007-09-12,16.53
2007-09-13,16.58
2007-09-14,16.68
2007-09-17,16.58
2007-09-18,16.9
2007-09-19,16.91
2007-09-20,16.93
2007-09-21,16.94
2007-09-24,16.93
2007-09-25,16.9
2007-09-26,17.02
2007-09-27,17.08
2007-09-28,17.14
2007-10-01,17.09
2007-10-02,17.09
2007-10-03,17.05
2007-10-04,17.09
2007-10-05,17.15
2007-10-08,17.04
2007-10-09,17.14
2007-10-10,17.21
2007-10-11,17.25
2007-10-12,17.29
2007-10-15,17.24
2007-10-16,17.16
2007-10-17,17.22
2007-10-18,17.16
2007-10-19,16.98
2007-10-22,17.09
2007-10-23,17.15
2007-10-24,17.1
2007-10-25,17.24
2007-10-26,17.36
2007-10-29,17.36
2007-10-30,17.29
2007-10-31,17.4
2007-11-01,17.06
2007-11-02,17.17
2007-11-05,17.19
2007-11-06,17.31
2007-11-07,17.12
2007-11-08,17.24
2007-11-09,17.08
2007-11-12,17.09
2007-11-13,17.35
2007-11-14,17.43
2007-11-15,17.42
2007-11-16,17.5
2007-11-19,17.38
2007-11-20,17.52
2007-11-21,17.3
2007-11-23,17.48
2007-11-26,17.3
2007-11-27,17.49
2007-11-28,17.76
2007-11-29,17.85
2007-11-30,17.88
2007-12-03,17.81
2007-12-04,17.79
2007-12-05,17.86
2007-12-06,17.85
2007-12-07,18.04
2007-12-10,18.06
2007-12-11,17.87
2007-12-12,17.92
2007-12-13,18.0
2007-12-14,17.77
2007-12-17,17.65
2007-12-18,17.57
2007-12-19,17.72
2007-12-20,17.64
2007-12-21,18.06
2007-12-24,18.04
2007-12-26,17.98
2007-12-27,17.8
2007-12-28,17.87
2007-12-31,17.73
2008-01-02,17.48
2008-01-03,17.39
2008-01-04,17.31
2008-01-07,17.51
2008-01-08,17.39
2008-01-09,17.62
2008-01-10,17.65
2008-01-11,17.4
2008-01-14,17.33
2008-01-15,17.15
2008-01-16,17.08
2008-01-17,16.96
2008-01-18,16.71
2008-01-22,16.54
2008-01-23,16.75
2008-01-24,16.67
2008-01-25,16.44
2008-01-28,16.57
2008-01-29,16.62
2008-01-30,16.5
2008-01-31,16.75
2008-02-01,16.91
2008-02-04,16.81
2008-02-05,16.58
2008-02-06,16.51
2008-02-07,16.68
2008-02-08,16.5
2008-02-11,16.71
2008-02-12,16.93
2008-02-13,16.85
2008-02-14,16.76
2008-02-15,16.84
2008-02-19,17.11
2008-02-20,16.75
2008-02-21,16.81
2008-02-22,16.99
2008-02-25,17.02
2008-02-26,17.23
2008-02-27,16.99
2008-02-28,17.02
2008-02-29,16.7
2008-03-03,16.87
2008-03-04,16.86
2008-03-05,16.9
2008-03-06,16.75
2008-03-07,16.67
2008-03-10,16.58
2008-03-11,16.93
2008-03-12,16.89
2008-03-13,16.89
2008-03-14,16.6
2008-03-17,16.51
2008-03-18,16.81
2008-03-19,16.9
2008-03-20,17.09
2008-03-24,17.29
2008-03-25,17.33
2008-03-26,17.19
2008-03-27,17.27
2008-03-28,17.26
2008-03-31,17.24
2008-04-01,17.45
2008-04-02,17.46
2008-04-03,17.41
2008-04-04,17.56
2008-04-07,17.45
2008-04-08,17.44
2008-04-09,17.27
2008-04-10,17.31
2008-04-11,17.2
2008-04-14,17.19
2008-04-15,17.3
2008-04-16,17.4
2008-04-17,17.42
2008-04-18,17.31
2008-04-21,17.35
2008-04-22,17.25
2008-04-23,17.36
2008-04-24,17.39
2008-04-25,17.29
2008-04-28,17.39
2008-04-29,17.41
2008-04-30,17.11
2008-05-01,17.42
2008-05-02,17.4
2008-05-05,17.34
2008-05-06,17.45
2008-05-07,17.28
2008-05-08,17.33
2008-05-09,17.23
2008-05-12,17.42
2008-05-13,17.36
2008-05-14,17.43
2008-05-15,17.64
2008-05-16,17.63
2008-05-19,17.73
2008-05-20,17.47
2008-05-21,17.29
2008-05-22,17.47
2008-05-23,17.38
2008-05-27,17.43
2008-05-28,17.45
2008-05-29,17.52
2008-05-30,17.63
2008-06-02,17.48
2008-06-03,17.57
2008-06-04,17.56
2008-06-05,17.74
2008-06-06,17.3
2008-06-09,17.36
2008-06-10,17.39
2008-06-11,17.3
2008-06-12,17.42
2008-06-13,17.4
2008-06-16,17.22
2008-06-17,17.16
2008-06-18,16.97
2008-06-19,17.03
2008-06-20,16.83
2008-06-23,16.77
2008-06-24,16.83
2008-06-25,17.21
2008-06-26,16.68
2008-06-27,16.51
2008-06-30,16.63
2008-07-01,16.61
2008-07-02,16.59
2008-07-03,16.58
2008-07-07,16.75
2008-07-08,16.96
2008-07-09,16.8
2008-07-10,16.92
2008-07-11,16.74
2008-07-14,16.75
2008-07-15,16.72
2008-07-16,16.93
2008-07-17,16.96
2008-07-18,16.68
2008-07-21,16.64
2008-07-22,16.93
2008-07-23,17.05
2008-07-24,16.95
2008-07-25,16.85
2008-07-28,16.71
2008-07-29,17.1
2008-07-30,17.3
2008-07-31,17.03
2008-08-01,17.0
2008-08-04,17.16
2008-08-05,17.46
2008-08-06,17.64
2008-08-07,17.3
2008-08-08,17.66
2008-08-11,17.82
2008-08-12,17.94
2008-08-13,17.76
2008-08-14,17.84
2008-08-15,18.01
2008-08-18,17.94
2008-08-19,17.7
2008-08-20,17.7
2008-08-21,17.51
2008-08-22,17.83
2008-08-25,17.54
2008-08-26,17.47
2008-08-27,17.55
2008-08-28,17.67
2008-08-29,17.49
2008-09-02,17.69
2008-09-03,17.55
2008-09-04,17.44
2008-09-05,17.6
2008-09-08,17.98
2008-09-09,17.88
2008-09-10,18.01
2008-09-11,18.08
2008-09-12,18.12
2008-09-15,17.9
2008-09-16,17.9
2008-09-17,17.26
2008-09-18,17.37
2008-09-19,17.34
2008-09-22,17.24
2008-09-23,17.01
2008-09-24,16.98
2008-09-25,17.4
2008-09-26,17.34
2008-09-29,16.69
2008-09-30,17.27
2008-10-01,17.4
2008-10-02,17.18
2008-10-03,17.04
2008-10-06,16.55
2008-10-07,16.02
2008-10-08,15.58
2008-10-09,14.64
2008-10-10,14.77
2008-10-13,15.46
2008-10-14,15.49
2008-10-15,14.96
2008-10-16,15.1
2008-10-17,15.21
2008-10-20,15.34
2008-10-21,15.2
2008-10-22,14.96
2008-10-23,15.02
2008-10-24,14.27
2008-10-27,13.91
2008-10-28,14.86
2008-10-29,14.58
2008-10-30,15.19
2008-10-31,15.1
2008-11-03,15.33
2008-11-04,15.55
2008-11-05,15.28
2008-11-06,15.11
2008-11-07,15.18
2008-11-10,15.23
2008-11-11,14.88
2008-11-12,14.56
2008-11-13,15.15
2008-11-14,14.69
2008-11-17,14.5
2008-11-18,14.6
2008-11-19,14.23
2008-11-20,13.73
2008-11-21,14.39
2008-11-24,14.57
2008-11-25,14.65
2008-11-26,14.84
2008-11-28,15.06
2008-12-01,14.23
2008-12-02,14.44
2008-12-03,14.61
2008-12-04,14.43
2008-12-05,14.83
2008-12-08,14.92
2008-12-09,14.63
2008-12-10,14.63
2008-12-11,14.46
2008-12-12,14.48
2008-12-15,14.47
2008-12-16,14.81
2008-12-17,14.73
2008-12-18,14.78
2008-12-19,14.66
2008-12-22,14.7
2008-12-23,14.58
2008-12-24,14.71
2008-12-26,14.72
2008-12-29,14.69
2008-12-30,14.92
2008-12-31,15.07
2009-01-02,15.28
2009-01-05,15.34
2009-01-06,15.12
2009-01-07,14.97
2009-01-08,14.77
2009-01-09,14.52
2009-01-12,14.52
2009-01-13,14.61
2009-01-14,14.29
2009-01-15,14.35
2009-01-16,14.49
2009-01-20,14.32
2009-01-21,14.38
2009-01-22,14.37
2009-01-23,14.23
2009-01-26,14.33
2009-01-27,14.4
2009-01-28,14.55
2009-01-29,14.42
2009-01-30,13.98
2009-02-02,13.86
2009-02-03,14.16
2009-02-04,13.78
2009-02-05,13.97
2009-02-06,14.21
2009-02-09,14.08
2009-02-10,13.62
2009-02-11,13.7
2009-02-12,13.82
2009-02-13,13.61
2009-02-17,13.41
2009-02-18,13.48
2009-02-19,13.65
2009-02-20,13.44
2009-02-23,13.1
2009-02-24,13.35
2009-02-25,13.22
2009-02-26,12.93
2009-02-27,12.85
2009-03-02,12.6
2009-03-03,12.45
2009-03-04,12.69
2009-03-05,12.4
2009-03-06,12.44
2009-03-09,12.25
2009-03-10,12.48
2009-03-11,12.47
2009-03-12,12.79
2009-03-13,12.98
2009-03-16,13.18
2009-03-17,13.43
2009-03-18,13.36
2009-03-19,13.19
2009-03-20,13.06
2009-03-23,13.63
2009-03-24,13.57
2009-03-25,13.7
2009-03-26,13.85
2009-03-27,13.72
2009-03-30,13.42
2009-03-31,13.4
2009-04-01,13.63
2009-04-02,13.91
2009-04-03,13.85
2009-04-06,13.89
2009-04-07,13.64
2009-04-08,13.75
2009-04-09,13.76
2009-04-13,13.72
2009-04-14,13.53
2009-04-15,13.77
2009-04-16,13.96
2009-04-17,14.03
2009-04-20,13.75
2009-04-21,13.89
2009-04-22,13.71
2009-04-23,13.71
2009-04-24,13.65
2009-04-27,13.73
2009-04-28,13.8
2009-04-29,14.03
2009-04-30,13.97
2009-05-01,14.03
2009-05-04,14.24
2009-05-05,14.12
2009-05-06,14.21
2009-05-07,14.27
2009-05-08,14.45
2009-05-11,14.38
2009-05-12,14.55
2009-05-13,14.29
2009-05-14,14.34
2009-05-15,14.2
2009-05-18,14.5
2009-05-19,14.58
2009-05-20,14.6
2009-05-21,14.47
2009-05-22,14.56
2009-05-26,14.74
2009-05-27,14.37
2009-05-28,14.52
2009-05-29,14.68
2009-06-01,14.97
2009-06-02,15.12
2009-06-03,15.05
2009-06-04,15.07
2009-06-05,15.0
2009-06-08,15.05
2009-06-09,14.92
2009-06-10,14.76
2009-06-11,14.82
2009-06-12,14.93
2009-06-15,14.57
2009-06-16,14.38
2009-06-17,14.53
2009-06-18,14.79
2009-06-19,14.64
2009-06-22,14.59
2009-06-23,14.5
2009-06-24,14.54
2009-06-25,14.79
2009-06-26,14.73
2009-06-29,14.82
2009-06-30,14.71
2009-07-01,14.96
2009-07-02,14.64
2009-07-06,14.95
2009-07-07,14.76
2009-07-08,14.82
2009-07-09,14.72
2009-07-10,14.64
2009-07-13,14.91
2009-07-14,14.95
2009-07-15,15.2
2009-07-16,15.3
2009-07-17,15.31
2009-07-20,15.36
2009-07-21,15.34
2009-07-22,15.34
2009-07-23,15.55
2009-07-24,15.69
2009-07-27,15.64
2009-07-28,15.66
2009-07-29,15.74
2009-07-30,15.72
2009-07-31,15.69
2009-08-03,15.71
2009-08-04,15.73
2009-08-05,15.63
2009-08-06,15.47
2009-08-07,15.53
2009-08-10,15.55
2009-08-11,15.55
2009-08-12,15.54
2009-08-13,15.63
2009-08-14,15.61
2009-08-17,15.45
2009-08-18,15.48
2009-08-19,15.58
2009-08-20,15.66
2009-08-21,15.83
2009-08-24,15.83
2009-08-25,15.86
2009-08-26,15.91
2009-08-27,15.91
2009-08-28,15.85
2009-08-31,15.88
2009-09-01,15.73
2009-09-02,15.75
2009-09-03,15.78
2009-09-04,15.89
2009-09-08,16.03
2009-09-09,16.02
2009-09-10,16.14
2009-09-11,16.21
2009-09-14,16.17
2009-09-15,16.08
2009-09-16,16.21
2009-09-17,16.15
2009-09-18,16.37
2009-09-21,16.32
2009-09-22,16.35
2009-09-23,16.35
2009-09-24,16.26
2009-09-25,16.26
2009-09-28,16.3
2009-09-29,16.37
2009-09-30,16.41
2009-10-01,16.26
2009-10-02,16.31
2009-10-05,16.35
2009-10-06,16.5
2009-10-07,16.57
2009-10-08,16.66
2009-10-09,16.7
2009-10-12,16.77
2009-10-13,16.71
2009-10-14,16.77
2009-10-15,16.9
2009-10-16,16.99
2009-10-19,17.09
2009-10-20,17.07
2009-10-21,16.94
2009-10-22,16.97
2009-10-23,16.8
2009-10-26,16.67
2009-10-27,16.68
2009-10-28,16.64
2009-10-29,16.91
2009-10-30,16.64
2009-11-02,16.8
2009-11-03,16.7
2009-11-04,16.76
2009-11-05,16.84
2009-11-06,16.88
2009-11-09,17.16
2009-11-10,17.15
2009-11-11,17.2
2009-11-12,17.1
2009-11-13,17.22
2009-11-16,17.31
2009-11-17,17.4
2009-11-18,17.38
2009-11-19,17.3
2009-11-20,17.33
2009-11-23,17.48
2009-11-24,17.51
2009-11-25,17.48
2009-11-27,17.32
2009-11-30,17.26
2009-12-01,17.49
2009-12-02,17.48
2009-12-03,17.34
2009-12-04,17.43
2009-12-07,17.41
2009-12-08,17.21
2009-12-09,17.24
2009-12-10,17.3
2009-12-11,17.4
2009-12-14,17.46
2009-12-15,17.39
2009-12-16,17.31
2009-12-17,17.1
2009-12-18,17.07
2009-12-21,17.16
2009-12-22,17.28
2009-12-23,17.29
2009-12-24,17.35
2009-12-28,17.39
2009-12-29,17.42
2009-12-30,17.39
2009-12-31,17.22
2010-01-04,17.35
2010-01-05,17.35
2010-01-06,17.34
2010-01-07,17.34
2010-01-08,17.28
2010-01-11,17.33
2010-01-12,17.43
2010-01-13,17.55
2010-01-14,17.5
2010-01-15,17.41
2010-01-19,17.52
2010-01-20,17.39
2010-01-21,17.14
2010-01-22,17.1
2010-01-25,17.13
2010-01-26,17.11
2010-01-27,17.15
2010-01-28,17.11
2010-01-29,17.04
2010-02-01,17.17
2010-02-02,17.42
2010-02-03,17.3
2010-02-04,16.94
2010-02-05,16.9
2010-02-08,16.88
2010-02-09,17.08
2010-02-10,17.06
2010-02-11,17.2
2010-02-12,17.2
2010-02-16,17.37
2010-02-17,17.5
2010-02-18,17.6
2010-02-19,17.64
2010-02-22,17.64
2010-02-23,17.54
2010-02-24,17.65
2010-02-25,17.67
2010-02-26,17.58
2010-03-01,17.71
2010-03-02,17.77
2010-03-03,17.78
2010-03-04,17.84
2010-03-05,17.95
2010-03-08,17.88
2010-03-09,17.86
2010-03-10,17.83
2010-03-11,17.86
2010-03-12,17.87
2010-03-15,18.01
2010-03-16,18.1
2010-03-17,18.17
2010-03-18,18.19
2010-03-19,18.14
2010-03-22,18.23
2010-03-23,18.38
2010-03-24,18.24
2010-03-25,18.22
2010-03-26,18.23
2010-03-29,18.32
2010-03-30,18.35
2010-03-31,18.24
2010-04-01,18.36
2010-04-05,18.36
2010-04-06,18.3
2010-04-07,18.19
2010-04-08,18.22
2010-04-09,18.32
2010-04-12,18.38
2010-04-13,18.32
2010-04-14,18.34
2010-04-15,18.31
2010-04-16,18.23
2010-04-19,18.3
2010-04-20,18.36
2010-04-21,18.36
2010-04-22,18.36
2010-04-23,18.31
2010-04-26,18.27
2010-04-27,17.95
2010-04-28,18.09
2010-04-29,18.15
2010-04-30,18.05
2010-05-03,18.15
2010-05-04,17.97
2010-05-05,18.04
2010-05-06,17.58
2010-05-07,17.47
2010-05-10,17.98
2010-05-11,17.97
2010-05-12,18.09
2010-05-13,17.98
2010-05-14,17.81
2010-05-17,18.0
2010-05-18,17.9
2010-05-19,17.85
2010-05-20,17.32
2010-05-21,17.39
2010-05-24,17.26
2010-05-25,17.06
2010-05-26,16.95
2010-05-27,17.3
2010-05-28,17.21
2010-06-01,17.17
2010-06-02,17.47
2010-06-03,17.49
2010-06-04,17.03
2010-06-07,16.9
2010-06-08,17.17
2010-06-09,17.14
2010-06-10,17.43
2010-06-11,17.29
2010-06-14,17.39
2010-06-15,17.57
2010-06-16,17.45
2010-06-17,17.6
2010-06-18,17.54
2010-06-21,17.49
2010-06-22,17.3
2010-06-23,17.41
2010-06-24,17.2
2010-06-25,17.03
2010-06-28,17.17
2010-06-29,16.9
2010-06-30,16.78
2010-07-01,16.81
2010-07-02,16.74
2010-07-06,16.84
2010-07-07,17.16
2010-07-08,17.42
2010-07-09,17.42
2010-07-12,17.48
2010-07-13,17.64
2010-07-14,17.65
2010-07-15,17.7
2010-07-16,17.45
2010-07-19,17.48
2010-07-20,17.69
2010-07-21,17.5
2010-07-22,17.7
2010-07-23,17.86
2010-07-26,17.95
2010-07-27,18.02
2010-07-28,17.92
2010-07-29,17.7
2010-07-30,17.75
2010-08-02,17.95
2010-08-03,17.8
2010-08-04,17.86
2010-08-05,17.78
2010-08-06,17.82
2010-08-09,17.91
2010-08-10,17.95
2010-08-11,17.66
2010-08-12,17.64
2010-08-13,17.63
2010-08-16,17.61
2010-08-17,17.78
2010-08-18,17.8
2010-08-19,17.59
2010-08-20,17.59
2010-08-23,17.63
2010-08-24,17.54
2010-08-25,17.58
2010-08-26,17.45
2010-08-27,17.56
2010-08-30,17.41
2010-08-31,17.42
2010-09-01,17.73
2010-09-02,17.84
2010-09-03,17.95
2010-09-07,17.88
2010-09-08,17.96
2010-09-09,18.02
2010-09-10,18.11
2010-09-13,18.13
2010-09-14,18.16
2010-09-15,18.28
2010-09-16,18.3
2010-09-17,18.25
2010-09-20,18.45
2010-09-21,18.42
2010-09-22,18.45
2010-09-23,18.33
2010-09-24,18.58
2010-09-27,18.47
2010-09-28,18.59
2010-09-29,18.54
2010-09-30,18.47
2010-10-01,18.51
2010-10-04,18.45
2010-10-05,18.63
2010-10-06,18.71
2010-10-07,18.64
2010-10-08,18.68
2010-10-11,18.7
2010-10-12,18.74
2010-10-13,18.9
2010-10-14,18.91
2010-10-15,18.96
2010-10-18,19.02
2010-10-19,18.79
2010-10-20,18.96
2010-10-21,19.02
2010-10-22,19.09
2010-10-25,19.14
2010-10-26,19.03
2010-10-27,18.93
2010-10-28,19.0
2010-10-29,19.06
2010-11-01,18.98
2010-11-02,19.1
2010-11-03,19.16
2010-11-04,19.39
2010-11-05,19.29
2010-11-08,19.26
2010-11-09,19.16
2010-11-10,19.1
2010-11-11,19.12
2010-11-12,19.02
2010-11-15,19.03
2010-11-16,18.82
2010-11-17,18.82
2010-11-18,19.08
2010-11-19,19.09
2010-11-22,19.09
2010-11-23,18.86
2010-11-24,19.01
2010-11-26,18.88
2010-11-29,18.85
2010-11-30,18.76
2010-12-01,19.07
2010-12-02,19.08
2010-12-03,19.09
2010-12-06,19.04
2010-12-07,19.15
2010-12-08,19.22
2010-12-09,19.27
2010-12-10,19.31
2010-12-13,19.31
2010-12-14,19.4
2010-12-15,19.42
2010-12-16,19.59
2010-12-17,19.62
2010-12-20,19.6
2010-12-21,19.56
2010-12-22,19.64
2010-12-23,19.65
2010-12-27,19.56
2010-12-28,19.61
2010-12-29,19.62
2010-12-30,19.58
2010-12-31,19.59
2011-01-03,19.62
2011-01-04,19.56
2011-01-05,19.57
2011-01-06,19.5
2011-01-07,19.4
2011-01-10,19.42
2011-01-11,19.4
2011-01-12,19.56
2011-01-13,19.6
2011-01-14,19.6
2011-01-18,19.62
2011-01-19,19.58
2011-01-20,19.68
2011-01-21,19.71
2011-01-24,19.74
2011-01-25,19.81
2011-01-26,19.76
2011-01-27,19.56
2011-01-28,19.37
2011-01-31,19.3
2011-02-01,19.44
2011-02-02,19.37
2011-02-03,19.47
2011-02-04,19.58
2011-02-07,19.61
2011-02-08,19.7
2011-02-09,19.74
2011-02-10,19.66
2011-02-11,19.77
2011-02-14,19.68
2011-02-15,19.68
2011-02-16,19.73
2011-02-17,19.86
2011-02-18,19.92
2011-02-22,19.78
2011-02-23,19.73
2011-02-24,19.65
2011-02-25,19.75
2011-02-28,19.86
2011-03-01,19.71
2011-03-02,19.66
2011-03-03,19.86
2011-03-04,19.77
2011-03-07,19.72
2011-03-08,19.89
2011-03-09,19.99
2011-03-10,19.86
2011-03-11,19.87
2011-03-14,19.73
2011-03-15,19.56
2011-03-16,19.28
2011-03-17,19.37
2011-03-18,19.53
2011-03-21,19.77
2011-03-22,19.74
2011-03-23,19.78
2011-03-24,19.96
2011-03-25,19.96
2011-03-28,19.95
2011-03-29,20.04
2011-03-30,20.15
2011-03-31,20.11
2011-04-01,20.21
2011-04-04,20.25
2011-04-05,20.27
2011-04-06,20.37
2011-04-07,20.39
2011-04-08,20.33
2011-04-11,20.44
2011-04-12,20.51
2011-04-13,20.52
2011-04-14,20.64
2011-04-15,20.73
2011-04-18,20.62
2011-04-19,20.66
2011-04-20,20.76
2011-04-21,20.77
2011-04-25,20.72
2011-04-26,20.86
2011-04-27,20.99
2011-04-28,21.13
2011-04-29,21.19
2011-05-02,21.21
2011-05-03,21.27
2011-05-04,21.24
2011-05-05,21.08
2011-05-06,21.13
2011-05-09,21.21
2011-05-10,21.34
2011-05-11,21.29
2011-05-12,21.61
2011-05-13,21.58
2011-05-16,21.59
2011-05-17,21.64
2011-05-18,21.67
2011-05-19,21.79
2011-05-20,21.73
2011-05-23,21.58
2011-05-24,21.56
2011-05-25,21.42
2011-05-26,21.45
2011-05-27,21.54
2011-05-31,21.72
2011-06-01,21.5
2011-06-02,21.25
2011-06-03,21.05
2011-06-06,20.94
2011-06-07,20.89
2011-06-08,20.91
2011-06-09,21.02
2011-06-10,20.78
2011-06-13,20.87
2011-06-14,21.09
2011-06-15,20.78
2011-06-16,20.95
2011-06-17,21.08
2011-06-20,21.23
2011-06-21,21.21
2011-06-22,21.08
2011-06-23,20.89
2011-06-24,20.72
2011-06-27,20.81
2011-06-28,20.86
2011-06-29,20.98
2011-06-30,21.14
2011-07-01,21.3
2011-07-05,21.3
2011-07-06,21.41
2011-07-07,21.56
2011-07-08,21.48
2011-07-11,21.33
2011-07-12,21.26
2011-07-13,21.26
2011-07-14,21.17
2011-07-15,21.23
2011-07-18,21.09
2011-07-19,21.38
2011-07-20,21.35
2011-07-21,21.53
2011-07-22,21.48
2011-07-25,21.29
2011-07-26,21.23
2011-07-27,21.0
2011-07-28,21.0
2011-07-29,20.87
2011-08-01,20.79
2011-08-02,20.52
2011-08-03,20.6
2011-08-04,19.96
2011-08-05,20.25
2011-08-08,19.48
2011-08-09,19.96
2011-08-10,19.19
2011-08-11,19.76
2011-08-12,20.0
2011-08-15,20.28
2011-08-16,20.33
2011-08-17,20.46
2011-08-18,20.1
2011-08-19,20.0
2011-08-22,20.06
2011-08-23,20.48
2011-08-24,20.56
2011-08-25,20.25
2011-08-26,20.42
2011-08-29,20.79
2011-08-30,20.84
2011-08-31,20.91
2011-09-01,20.84
2011-09-02,20.54
2011-09-06,20.46
2011-09-07,20.82
2011-09-08,20.77
2011-09-09,20.31
2011-09-12,20.33
2011-09-13,20.4
2011-09-14,20.65
2011-09-15,20.89
2011-09-16,21.02
2011-09-19,20.85
2011-09-20,20.89
2011-09-21,20.46
2011-09-22,20.07
2011-09-23,20.11
2011-09-26,20.5
2011-09-27,20.62
2011-09-28,20.23
2011-09-29,20.43
2011-09-30,20.22
2011-10-03,19.93
2011-10-04,20.12
2011-10-05,20.15
2011-10-06,20.38
2011-10-07,20.5
2011-10-10,20.82
2011-10-11,20.78
2011-10-12,20.94
2011-10-13,20.88
2011-10-14,21.05
2011-10-17,20.9
2011-10-18,21.06
2011-10-19,21.0
2011-10-20,21.11
2011-10-21,21.45
2011-10-24,21.3
2011-10-25,21.05
2011-10-26,21.26
2011-10-27,21.54
2011-10-28,21.48
2011-10-31,21.16
2011-11-01,20.79
2011-11-02,20.99
2011-11-03,21.25
2011-11-04,21.13
2011-11-07,21.3
2011-11-08,21.52
2011-11-09,21.01
2011-11-10,21.22
2011-11-11,21.46
2011-11-14,21.28
2011-11-15,21.38
2011-11-16,21.19
2011-11-17,21.11
2011-11-18,21.17
2011-11-21,20.83
2011-11-22,20.85
2011-11-23,20.63
2011-11-25,20.7
2011-11-28,21.03
2011-11-29,21.25
2011-11-30,21.75
2011-12-01,21.71
2011-12-02,21.64
2011-12-05,21.77
2011-12-06,21.8
2011-12-07,21.85
2011-12-08,21.6
2011-12-09,21.82
2011-12-12,21.62
2011-12-13,21.58
2011-12-14,21.47
2011-12-15,21.69
2011-12-16,21.66
2011-12-19,21.57
2011-12-20,22.02
2011-12-21,22.25
2011-12-22,22.25
2011-12-23,22.41
2011-12-27,22.45
2011-12-28,22.34
2011-12-29,22.45
2011-12-30,22.35
2012-01-03,22.33
2012-01-04,22.28
2012-01-05,22.27
2012-01-06,22.12
2012-01-09,22.16
2012-01-10,22.23
2012-01-11,22.14
2012-01-12,22.13
2012-01-13,22.11
2012-01-17,22.19
2012-01-18,22.24
2012-01-19,22.28
2012-01-20,22.29
2012-01-23,22.27
2012-01-24,22.14
2012-01-25,22.4
2012-01-26,22.32
2012-01-27,22.16
2012-01-30,22.02
2012-01-31,22.03
2012-02-01,22.19
2012-02-02,22.27
2012-02-03,22.34
2012-02-06,22.33
2012-02-07,22.35
2012-02-08,22.36
2012-02-09,22.48
2012-02-10,22.43
2012-02-13,22.53
2012-02-14,22.58
2012-02-15,22.58
2012-02-16,22.72
2012-02-17,22.74
2012-02-21,22.61
2012-02-22,22.55
2012-02-23,22.67
2012-02-24,22.74
2012-02-27,22.74
2012-02-28,22.82
2012-02-29,22.86
2012-03-01,22.82
2012-03-02,22.85
2012-03-05,22.95
2012-03-06,22.76
2012-03-07,22.79
2012-03-08,22.95
2012-03-09,23.02
2012-03-12,23.11
2012-03-13,23.28
2012-03-14,23.21
2012-03-15,23.25
2012-03-16,23.24
2012-03-19,23.25
2012-03-20,23.24
2012-03-21,23.27
2012-03-22,23.29
2012-03-23,23.35
2012-03-26,23.51
2012-03-27,23.49
2012-03-28,23.44
2012-03-29,23.43
2012-03-30,23.57
2012-04-02,23.75
2012-04-03,23.62
2012-04-04,23.55
2012-04-05,23.55
2012-04-09,23.33
2012-04-10,23.13
2012-04-11,23.24
2012-04-12,23.26
2012-04-13,23.26
2012-04-16,23.35
2012-04-17,23.59
2012-04-18,23.59
2012-04-19,23.51
2012-04-20,23.73
2012-04-23,23.36
2012-04-24,23.37
2012-04-25,23.52
2012-04-26,23.73
2012-04-27,23.7
2012-04-30,23.64
2012-05-01,23.7
2012-05-02,23.72
2012-05-03,23.75
2012-05-04,23.57
2012-05-07,23.6
2012-05-08,23.55
2012-05-09,23.43
2012-05-10,23.6
2012-05-11,23.53
2012-05-14,23.44
2012-05-15,23.41
2012-05-16,23.48
2012-05-17,23.32
2012-05-18,23.18
2012-05-21,23.27
2012-05-22,23.3
2012-05-23,23.24
2012-05-24,23.46
2012-05-25,23.44
2012-05-29,23.6
2012-05-30,23.41
2012-05-31,23.36
2012-06-01,22.93
2012-06-04,23.01
2012-06-05,22.98
2012-06-06,23.29
2012-06-07,23.37
2012-06-08,23.57
2012-06-11,23.46
2012-06-12,23.57
2012-06-13,23.54
2012-06-14,23.87
2012-06-15,23.9
2012-06-18,23.97
2012-06-19,23.95
2012-06-20,23.82
2012-06-21,23.54
2012-06-22,23.61
2012-06-25,23.47
2012-06-26,23.52
2012-06-27,23.66
2012-06-28,23.77
2012-06-29,24.21
2012-07-02,24.35
2012-07-03,24.46
2012-07-05,24.37
2012-07-06,24.34
2012-07-09,24.32
2012-07-10,24.34
2012-07-11,24.31
2012-07-12,24.33
2012-07-13,24.6
2012-07-16,24.48
2012-07-17,24.58
2012-07-18,24.59
2012-07-19,24.55
2012-07-20,24.4
2012-07-23,24.19
2012-07-24,24.11
2012-07-25,24.12
2012-07-26,24.52
2012-07-27,24.8
2012-07-30,24.92
2012-07-31,24.81
2012-08-01,24.68
2012-08-02,24.48
2012-08-03,24.89
2012-08-06,24.88
2012-08-07,24.75
2012-08-08,24.92
2012-08-09,24.82
2012-08-10,24.81
2012-08-13,24.8
2012-08-14,24.9
2012-08-15,24.91
2012-08-16,24.98
2012-08-17,25.0
2012-08-20,25.0
2012-08-21,24.84
2012-08-22,24.77
2012-08-23,24.57
2012-08-24,24.79
2012-08-27,24.82
2012-08-28,24.84
2012-08-29,24.78
2012-08-30,24.68
2012-08-31,24.69
2012-09-04,24.84
2012-09-05,24.8
2012-09-06,25.1
2012-09-07,24.9
2012-09-10,24.87
2012-09-11,24.8
2012-09-12,24.66
2012-09-13,25.1
2012-09-14,24.91
2012-09-17,24.98
2012-09-18,25.12
2012-09-19,25.19
2012-09-20,25.33
2012-09-21,25.22
2012-09-24,25.3
2012-09-25,25.12
2012-09-26,25.12
2012-09-27,25.21
2012-09-28,25.12
2012-10-01,25.29
2012-10-02,25.31
2012-10-03,25.38
2012-10-04,25.5
2012-10-05,25.6
2012-10-08,25.52
2012-10-09,25.28
2012-10-10,25.17
2012-10-11,25.12
2012-10-12,25.14
2012-10-15,25.31
2012-10-16,25.37
2012-10-17,25.48
2012-10-18,25.34
2012-10-19,25.04
2012-10-22,25.05
2012-10-23,24.72
2012-10-24,24.72
2012-10-25,24.87
2012-10-26,24.79
2012-10-31,24.82
2012-11-01,24.83
2012-11-02,24.68
2012-11-05,24.64
2012-11-06,24.82
2012-11-07,24.53
2012-11-08,24.26
2012-11-09,24.26
2012-11-12,24.26
2012-11-13,24.25
2012-11-14,23.98
2012-11-15,23.97
2012-11-16,24.13
2012-11-19,24.52
2012-11-20,24.61
2012-11-21,24.65
2012-11-23,25.01
2012-11-26,24.83
2012-11-27,24.81
2012-11-28,25.05
2012-11-29,25.18
2012-11-30,25.27
2012-12-03,25.17
2012-12-04,25.12
2012-12-05,25.17
2012-12-06,25.19
2012-12-07,25.37
2012-12-10,25.34
2012-12-11,25.36
2012-12-12,25.3
2012-12-13,25.26
2012-12-14,25.22
2012-12-17,25.27
2012-12-18,25.27
2012-12-19,25.01
2012-12-20,25.15
2012-12-21,24.94
2012-12-24,24.86
2012-12-26,24.65
2012-12-27,24.69
2012-12-28,24.43
2012-12-31,24.75
2013-01-02,25.39
2013-01-03,25.32
2013-01-04,25.39
2013-01-07,25.22
2013-01-08,25.15
2013-01-09,25.21
2013-01-10,25.36
2013-01-11,25.47
2013-01-14,25.55
2013-01-15,25.63
2013-01-16,25.59
2013-01-17,25.76
2013-01-18,25.87
2013-01-22,25.87
2013-01-23,25.87
2013-01-24,25.94
2013-01-25,26.07
2013-01-28,26.09
2013-01-29,26.23
2013-01-30,26.18
2013-01-31,26.14
2013-02-01,26.36
2013-02-04,26.11
2013-02-05,26.42
2013-02-06,26.46
2013-02-07,26.6
2013-02-08,26.58
2013-02-11,26.58
2013-02-12,26.55
2013-02-13,26.58
2013-02-14,26.63
2013-02-15,26.67
2013-02-19,26.94
2013-02-20,26.89
2013-02-21,26.97
2013-02-22,27.13
2013-02-25,26.76
2013-02-26,26.82
2013-02-27,27.02
2013-02-28,27.01
2013-03-01,27.1
2013-03-04,27.31
2013-03-05,27.4
2013-03-06,27.34
2013-03-07,27.34
2013-03-08,27.39
2013-03-11,27.41
2013-03-12,27.39
2013-03-13,27.46
2013-03-14,27.55
2013-03-15,27.43
2013-03-18,27.34
2013-03-19,27.57
2013-03-20,27.83
2013-03-21,27.75
2013-03-22,28.0
2013-03-25,27.98
2013-03-26,28.25
2013-03-27,28.23
2013-03-28,28.34
2013-04-01,28.33
2013-04-02,28.63
2013-04-03,28.32
2013-04-04,28.47
2013-04-05,28.26
2013-04-08,28.58
2013-04-09,28.55
2013-04-10,28.77
2013-04-11,28.9
2013-04-12,29.01
2013-04-15,28.55
2013-04-16,29.08
2013-04-17,28.83
2013-04-18,28.77
2013-04-19,29.22
2013-04-22,29.29
2013-04-23,29.52
2013-04-24,29.05
2013-04-25,29.15
2013-04-26,29.14
2013-04-29,29.23
2013-04-30,29.17
2013-05-01,29.15
2013-05-02,29.25
2013-05-03,29.38
2013-05-06,29.17
2013-05-07,29.39
2013-05-08,29.42
2013-05-09,29.22
2013-05-10,29.33
2013-05-13,29.38
2013-05-14,29.73
2013-05-15,30.02
2013-05-16,29.84
2013-05-17,29.89
2013-05-20,29.58
2013-05-21,29.61
2013-05-22,29.56
2013-05-23,29.44
2013-05-24,29.72
2013-05-28,29.77
2013-05-29,29.2
2013-05-30,29.08
2013-05-31,28.54
2013-06-03,28.85
2013-06-04,28.86
2013-06-05,28.51
2013-06-06,28.63
2013-06-07,28.99
2013-06-10,28.99
2013-06-11,28.92
2013-06-12,28.77
2013-06-13,29.07
2013-06-14,29.0
2013-06-17,29.26
2013-06-18,29.37
2013-06-19,28.78
2013-06-20,27.91
2013-06-21,28.28
2013-06-24,28.17
2013-06-25,28.21
2013-06-26,28.5
2013-06-27,28.63
2013-06-28,28.45
2013-07-01,28.66
2013-07-02,28.7
2013-07-03,28.64
2013-07-05,28.71
2013-07-08,29.0
2013-07-09,29.21
2013-07-10,29.25
2013-07-11,29.71
2013-07-12,29.72
2013-07-15,29.76
2013-07-16,29.65
2013-07-17,29.71
2013-07-18,29.81
2013-07-19,29.98
2013-07-22,29.92
2013-07-23,29.86
2013-07-24,29.67
2013-07-25,29.82
2013-07-26,29.79
2013-07-29,29.72
2013-07-30,29.69
2013-07-31,29.69
2013-08-01,29.93
2013-08-02,29.95
2013-08-05,29.97
2013-08-06,29.93
2013-08-07,29.79
2013-08-08,29.95
2013-08-09,29.82
2013-08-12,29.73
2013-08-13,29.75
2013-08-14,29.54
2013-08-15,29.07
2013-08-16,28.9
2013-08-19,28.77
2013-08-20,28.78
2013-08-21,28.55
2013-08-22,28.68
2013-08-23,28.84
2013-08-26,28.5
2013-08-27,28.35
2013-08-28,28.14
2013-08-29,28.25
2013-08-30,28.34
2013-09-03,28.32
2013-09-04,28.5
2013-09-05,28.45
2013-09-06,28.52
2013-09-09,28.73
2013-09-10,28.75
2013-09-11,28.96
2013-09-12,28.97
2013-09-13,29.21
2013-09-16,29.47
2013-09-17,29.57
2013-09-18,29.92
2013-09-19,29.79
2013-09-20,29.58
2013-09-23,29.45
2013-09-24,29.31
2013-09-25,29.07
2013-09-26,29.22
2013-09-27,29.04
2013-09-30,28.73
2013-10-01,28.9
2013-10-02,28.84
2013-10-03,28.69
2013-10-04,28.73
2013-10-07,28.64
2013-10-08,28.64
2013-10-09,28.66
2013-10-10,29.2
2013-10-11,29.28
2013-10-14,29.41
2013-10-15,29.14
2013-10-16,29.57
2013-10-17,29.9
2013-10-18,29.95
2013-10-21,29.88
2013-10-22,30.26
2013-10-23,30.31
2013-10-24,30.26
2013-10-25,30.33
2013-10-28,30.73
2013-10-29,30.99
2013-10-30,30.73
2013-10-31,30.57
2013-11-01,30.68
2013-11-04,30.71
2013-11-05,30.77
2013-11-06,31.1
2013-11-07,30.65
2013-11-08,30.8
2013-11-11,30.7
2013-11-12,30.76
2013-11-13,31.01
2013-11-14,31.24
2013-11-15,31.27
2013-11-18,31.18
2013-11-19,31.07
2013-11-20,30.94
2013-11-21,30.99
2013-11-22,31.15
2013-11-25,31.1
2013-11-26,31.07
2013-11-27,31.09
2013-11-29,31.04
2013-12-02,30.88
2013-12-03,31.03
2013-12-04,30.96
2013-12-05,30.68
2013-12-06,31.09
2013-12-09,31.2
2013-12-10,30.94
2013-12-11,30.99
2013-12-12,30.56
2013-12-13,30.51
2013-12-16,30.5
2013-12-17,30.36
2013-12-18,30.86
2013-12-19,30.81
2013-12-20,30.95
2013-12-23,30.92
2013-12-24,30.96
2013-12-26,31.08
2013-12-27,31.16
2013-12-30,31.24
2013-12-31,31.26
2014-01-02,30.87
2014-01-03,30.81
2014-01-06,30.7
2014-01-07,30.87
2014-01-08,30.63
2014-01-09,30.79
2014-01-10,30.84
2014-01-13,30.66
2014-01-14,30.82
2014-01-15,30.83
2014-01-16,30.84
2014-01-17,30.6
2014-01-21,30.71
2014-01-22,30.71
2014-01-23,30.44
2014-01-24,30.17
2014-01-27,30.04
2014-01-28,30.28
2014-01-29,29.75
2014-01-30,29.79
2014-01-31,29.64
2014-02-03,29.0
2014-02-04,29.16
2014-02-05,29.18
2014-02-06,29.49
2014-02-07,29.77
2014-02-10,29.88
2014-02-11,30.23
2014-02-12,30.1
2014-02-13,30.25
2014-02-14,30.43
2014-02-18,30.25
2014-02-19,30.19
2014-02-20,30.32
2014-02-21,30.25
2014-02-24,30.36
2014-02-25,30.48
2014-02-26,30.45
2014-02-27,30.59
2014-02-28,30.8
2014-03-03,30.63
2014-03-04,31.05
2014-03-05,30.95
2014-03-06,30.94
2014-03-07,31.03
2014-03-10,31.05
2014-03-11,31.04
2014-03-12,31.11
2014-03-13,30.95
2014-03-14,30.97
2014-03-17,31.15
2014-03-18,31.21
2014-03-19,30.97
2014-03-20,31.08
2014-03-21,31.07
2014-03-24,31.04
2014-03-25,31.26
2014-03-26,31.19
2014-03-27,31.17
2014-03-28,31.25
2014-03-31,31.48
2014-04-01,31.42
2014-04-02,31.46
2014-04-03,31.5
2014-04-04,31.39
2014-04-07,31.42
2014-04-08,31.58
2014-04-09,31.72
2014-04-10,31.41
2014-04-11,31.25
2014-04-14,31.5
2014-04-15,31.58
2014-04-16,31.88
2014-04-17,31.89
2014-04-21,31.91
2014-04-22,31.89
2014-04-23,31.84
2014-04-24,31.97
2014-04-25,32.01
2014-04-28,32.37
2014-04-29,32.24
2014-04-30,32.34
2014-05-01,32.31
2014-05-02,32.31
2014-05-05,32.24
2014-05-06,32.03
2014-05-07,32.34
2014-05-08,32.38
2014-05-09,32.54
2014-05-12,32.56
2014-05-13,32.63
2014-05-14,32.45
2014-05-15,32.17
2014-05-16,32.37
2014-05-19,32.3
2014-05-20,32.18
2014-05-21,32.37
2014-05-22,32.32
2014-05-23,32.37
2014-05-27,32.45
2014-05-28,32.41
2014-05-29,32.67
2014-05-30,32.92
2014-06-02,32.84
2014-06-03,32.73
2014-06-04,32.84
2014-06-05,32.97
2014-06-06,33.06
2014-06-09,33.01
2014-06-10,33.01
2014-06-11,32.92
2014-06-12,32.69
2014-06-13,32.68
2014-06-16,32.81
2014-06-17,32.81
2014-06-18,33.19
2014-06-19,33.38
2014-06-20,33.28
2014-06-23,33.1
2014-06-24,32.98
2014-06-25,32.93
2014-06-26,32.81
2014-06-27,32.87
2014-06-30,32.84
2014-07-01,32.91
2014-07-02,33.0
2014-07-03,33.19
2014-07-07,33.24
2014-07-08,33.17
2014-07-09,33.32
2014-07-10,33.27
2014-07-11,33.31
2014-07-14,33.43
2014-07-15,33.13
2014-07-16,33.14
2014-07-17,32.93
2014-07-18,33.27
2014-07-21,33.11
2014-07-22,33.05
2014-07-23,33.01
2014-07-24,33.1
2014-07-25,32.96
2014-07-28,32.8
2014-07-29,32.65
2014-07-30,32.3
2014-07-31,31.75
2014-08-01,31.99
2014-08-04,32.1
2014-08-05,31.96
2014-08-06,32.23
2014-08-07,31.96
2014-08-08,32.29
2014-08-11,32.52
2014-08-12,32.49
2014-08-13,32.59
2014-08-14,32.72
2014-08-15,32.77
2014-08-18,32.96
2014-08-19,33.05
2014-08-20,33.02
2014-08-21,33.08
2014-08-22,33.0
2014-08-25,33.19
2014-08-26,33.16
2014-08-27,33.18
2014-08-28,33.19
2014-08-29,33.21
2014-09-02,33.23
2014-09-03,33.25
2014-09-04,33.35
2014-09-05,33.55
2014-09-08,33.3
2014-09-09,33.21
2014-09-10,33.38
2014-09-11,33.39
2014-09-12,33.16
2014-09-15,33.32
2014-09-16,33.57
2014-09-17,33.49
2014-09-18,33.56
2014-09-19,33.65
2014-09-22,33.59
2014-09-23,33.29
2014-09-24,33.72
2014-09-25,33.28
2014-09-26,33.4
2014-09-29,33.4
2014-09-30,33.41
2014-10-01,33.2
2014-10-02,33.26
2014-10-03,33.65
2014-10-06,33.67
2014-10-07,33.47
2014-10-08,33.96
2014-10-09,33.62
2014-10-10,33.78
2014-10-13,33.31
2014-10-14,33.3
2014-10-15,32.9
2014-10-16,32.65
2014-10-17,33.05
2014-10-20,33.53
2014-10-21,33.67
2014-10-22,33.74
2014-10-23,33.72
2014-10-24,34.0
2014-10-27,34.08
2014-10-28,34.22
2014-10-29,34.16
2014-10-30,34.37
2014-10-31,34.6
2014-11-03,34.73
2014-11-04,34.91
2014-11-05,35.16
2014-11-06,35.23
2014-11-07,35.36
2014-11-10,35.51
2014-11-11,35.45
2014-11-12,35.45
2014-11-13,35.57
2014-11-14,35.37
2014-11-17,35.61
2014-11-18,35.74
2014-11-19,35.89
2014-11-20,35.74
2014-11-21,35.88
2014-11-24,35.86
2014-11-25,35.89
2014-11-26,36.05
2014-11-28,36.51
2014-12-01,36.28
2014-12-02,36.4
2014-12-03,36.14
2014-12-04,36.11
2014-12-05,36.18
2014-12-08,36.11
2014-12-09,35.99
2014-12-10,35.65
2014-12-11,35.94
2014-12-12,35.48
2014-12-15,35.25
2014-12-16,35.11
2014-12-17,35.62
2014-12-18,36.31
2014-12-19,36.27
2014-12-22,36.62
2014-12-23,36.87
2014-12-24,36.84
2014-12-26,36.9
2014-12-29,36.78
2014-12-30,36.62
2014-12-31,36.17
2015-01-02,36.07
2015-01-05,35.81
2015-01-06,35.77
2015-01-07,36.38
2015-01-08,36.93
2015-01-09,36.63
2015-01-12,36.52
2015-01-13,36.51
2015-01-14,36.4
2015-01-15,36.46
2015-01-16,36.75
2015-01-20,36.9
2015-01-21,37.08
2015-01-22,37.45
2015-01-23,37.04
2015-01-26,37.04
2015-01-27,36.61
2015-01-28,36.19
2015-01-29,36.48
2015-01-30,35.82
2015-02-02,36.25
2015-02-03,36.57
2015-02-04,36.58
2015-02-05,36.77
2015-02-06,36.6
2015-02-09,36.33
2015-02-10,36.75
2015-02-11,36.93
2015-02-12,37.1
2015-02-13,36.93
2015-02-17,36.93
2015-02-18,37.13
2015-02-19,36.9
2015-02-20,37.0
2015-02-23,37.1
2015-02-24,37.23
2015-02-25,37.1
2015-02-26,37.16
2015-02-27,37.31
2015-03-02,37.37
2015-03-03,37.23
2015-03-04,36.97
2015-03-05,37.1
2015-03-06,36.37
2015-03-09,36.57
2015-03-10,36.05
2015-03-11,35.78
2015-03-12,36.3
2015-03-13,36.02
2015-03-16,36.46
2015-03-17,36.19
2015-03-18,36.44
2015-03-19,36.28
2015-03-20,36.73
2015-03-23,36.79
2015-03-24,36.58
2015-03-25,36.49
2015-03-26,36.33
2015-03-27,36.56
2015-03-30,36.93
2015-03-31,36.58
2015-04-01,36.63
2015-04-02,36.87
2015-04-06,37.17
2015-04-07,36.99
2015-04-08,37.05
2015-04-09,37.16
2015-04-10,37.23
2015-04-13,37.05
2015-04-14,37.14
2015-04-15,37.03
2015-04-16,37.17
2015-04-17,36.82
2015-04-20,36.95
2015-04-21,37.02
2015-04-22,37.04
2015-04-23,36.91
2015-04-24,36.92
2015-04-27,36.72
2015-04-28,36.75
2015-04-29,36.42
2015-04-30,36.3
2015-05-01,36.63
2015-05-04,36.69
2015-05-05,36.39
2015-05-06,36.51
2015-05-07,36.6
2015-05-08,36.9
2015-05-11,36.75
2015-05-12,36.67
2015-05-13,36.66
2015-05-14,37.22
2015-05-15,37.34
2015-05-18,37.22
2015-05-19,37.12
2015-05-20,37.04
2015-05-21,37.12
2015-05-22,36.96
2015-05-26,36.67
2015-05-27,36.9
2015-05-28,36.85
2015-05-29,36.62
2015-06-01,36.62
2015-06-02,36.52
2015-06-03,36.5
2015-06-04,36.24
2015-06-05,35.72
2015-06-08,35.7
2015-06-09,35.88
2015-06-10,36.23
2015-06-11,36.21
2015-06-12,36.07
2015-06-15,35.81
2015-06-16,36.2
2015-06-17,36.39
2015-06-18,36.8
2015-06-19,36.75
2015-06-22,36.89
2015-06-23,36.73
2015-06-24,36.57
2015-06-25,36.5
2015-06-26,36.57
2015-06-29,36.01
2015-06-30,35.95
2015-07-01,36.41
2015-07-02,36.38
2015-07-06,36.35
2015-07-07,37.09
2015-07-08,36.68
2015-07-09,36.71
2015-07-10,37.14
2015-07-13,37.49
2015-07-14,37.55
2015-07-15,37.45
2015-07-16,37.83
2015-07-17,37.81
2015-07-20,37.88
2015-07-21,37.79
2015-07-22,37.87
2015-07-23,37.73
2015-07-24,37.52
2015-07-27,37.49
2015-07-28,37.92
2015-07-29,38.05
2015-07-30,37.92
2015-07-31,37.99
2015-08-03,38.05
2015-08-04,38.05
2015-08-05,38.38
2015-08-06,38.09
2015-08-07,37.88
2015-08-10,38.02
2015-08-11,37.89
2015-08-12,37.91
2015-08-13,37.76
2015-08-14,37.88
2015-08-17,37.92
2015-08-18,37.73
2015-08-19,37.38
2015-08-20,37.04
2015-08-21,36.03
2015-08-24,34.78
2015-08-25,34.51
2015-08-26,35.53
2015-08-27,36.05
2015-08-28,35.98
2015-08-31,35.73
2015-09-01,35.0
2015-09-02,35.47
2015-09-03,35.71
2015-09-04,35.13
2015-09-08,35.86
2015-09-09,35.27
2015-09-10,35.33
2015-09-11,35.57
2015-09-14,35.46
2015-09-15,35.88
2015-09-16,36.29
2015-09-17,36.29
2015-09-18,35.87
2015-09-21,36.13
2015-09-22,35.74
2015-09-23,35.8
2015-09-24,35.86
2015-09-25,36.09
2015-09-28,35.56
2015-09-29,35.54
2015-09-30,35.87
2015-10-01,35.87
2015-10-02,36.36
2015-10-05,36.98
2015-10-06,36.73
2015-10-07,37.07
2015-10-08,37.51
2015-10-09,37.59
2015-10-12,37.69
2015-10-13,37.46
2015-10-14,37.03
2015-10-15,37.36
2015-10-16,37.72
2015-10-19,37.89
2015-10-20,37.87
2015-10-21,37.87
2015-10-22,38.63
2015-10-23,38.57
2015-10-26,38.49
2015-10-27,38.54
2015-10-28,38.32
2015-10-29,38.34
2015-10-30,37.91
2015-11-02,38.14
2015-11-03,37.96
2015-11-04,37.8
2015-11-05,37.79
2015-11-06,37.38
2015-11-09,37.13
2015-11-10,37.23
2015-11-11,37.17
2015-11-12,36.67
2015-11-13,36.35
2015-11-16,36.98
2015-11-17,36.96
2015-11-18,37.47
2015-11-19,37.57
2015-11-20,37.3
2015-11-23,37.63
2015-11-24,37.73
2015-11-25,37.83
2015-11-27,37.97
2015-11-30,37.56
2015-12-01,37.88
2015-12-02,37.69
2015-12-03,37.49
2015-12-04,38.34
2015-12-07,38.44
2015-12-08,38.34
2015-12-09,37.98
2015-12-10,38.03
2015-12-11,37.61
2015-12-14,37.98
2015-12-15,38.22
2015-12-16,38.96
2015-12-17,38.46
2015-12-18,37.78
2015-12-21,38.21
2015-12-22,38.7
2015-12-23,38.99
2015-12-24,38.95
2015-12-28,38.9
2015-12-29,39.23
2015-12-30,39.09
2015-12-31,38.66
2016-01-04,38.17
2016-01-05,38.41
2016-01-06,38.28
2016-01-07,37.82
2016-01-08,37.53
2016-01-11,37.88
2016-01-12,38.09
2016-01-13,37.39
2016-01-14,37.57
2016-01-15,36.98
2016-01-19,37.43
2016-01-20,36.96
2016-01-21,37.1
2016-01-22,37.74
2016-01-25,37.4
2016-01-26,37.75
2016-01-27,37.71
2016-01-28,38.09
2016-01-29,38.86
2016-02-01,38.99
2016-02-02,38.5
2016-02-03,38.41
2016-02-04,38.06
2016-02-05,38.0
2016-02-08,37.9
2016-02-09,38.15
2016-02-10,38.11
2016-02-11,37.8
2016-02-12,38.34
2016-02-16,38.64
2016-02-17,39.04
2016-02-18,38.86
2016-02-19,38.93
2016-02-22,39.12
2016-02-23,39.11
2016-02-24,39.23
2016-02-25,39.68
2016-02-26,39.12
2016-02-29,38.99
2016-03-01,39.36
2016-03-02,39.48
2016-03-03,39.68
2016-03-04,39.84
2016-03-07,39.6
2016-03-08,39.71
2016-03-09,40.01
2016-03-10,40.03
2016-03-11,40.16
2016-03-14,40.14
2016-03-15,40.24
2016-03-16,40.33
2016-03-17,40.57
2016-03-18,40.52
2016-03-21,40.54
2016-03-22,40.3
2016-03-23,40.31
2016-03-24,40.26
2016-03-28,40.48
2016-03-29,40.78
2016-03-30,41.05
2016-03-31,40.83
2016-04-01,41.27
2016-04-04,41.28
2016-04-05,41.0
2016-04-06,41.33
2016-04-07,40.88
2016-04-08,41.1
2016-04-11,40.81
2016-04-12,41.07
2016-04-13,40.75
2016-04-14,40.57
2016-04-15,40.82
2016-04-18,41.05
2016-04-19,41.03
2016-04-20,40.57
2016-04-21,39.84
2016-04-22,39.99
2016-04-25,40.26
2016-04-26,40.1
2016-04-27,40.3
2016-04-28,40.33
2016-04-29,40.25
2016-05-02,40.71
2016-05-03,40.63
2016-05-04,40.76
2016-05-05,40.77
2016-05-06,40.97
2016-05-09,41.2
2016-05-10,41.6
2016-05-11,41.27
2016-05-12,41.5
2016-05-13,40.97
2016-05-16,41.23
2016-05-17,40.43
2016-05-18,39.96
2016-05-19,40.35
2016-05-20,40.14
2016-05-23,40.18
2016-05-24,40.52
2016-05-25,40.58
2016-05-26,40.74
2016-05-27,40.79
2016-05-31,40.53
2016-06-01,40.94
2016-06-02,40.96
2016-06-03,41.22
2016-06-06,41.27
2016-06-07,41.22
2016-06-08,41.47
2016-06-09,41.63
2016-06-10,41.66
2016-06-13,41.31
2016-06-14,41.47
2016-06-15,41.35
2016-06-16,41.57
2016-06-17,41.4
2016-06-20,41.53
2016-06-21,41.64
2016-06-22,41.66
2016-06-23,41.92
2016-06-24,41.11
2016-06-27,41.03
2016-06-28,41.28
2016-06-29,41.76
2016-06-30,42.7
2016-07-01,42.5
2016-07-05,42.74
2016-07-06,42.78
2016-07-07,42.69
2016-07-08,43.12
2016-07-11,43.12
2016-07-12,42.89
2016-07-13,43.13
2016-07-14,43.12
2016-07-15,43.12
2016-07-18,43.08
2016-07-19,43.05
2016-07-20,42.89
2016-07-21,42.77
2016-07-22,42.97
2016-07-25,42.92
2016-07-26,42.59
2016-07-27,41.95
2016-07-28,42.14
2016-07-29,42.35
2016-08-01,42.4
2016-08-02,42.33
2016-08-03,42.1
2016-08-04,42.19
2016-08-05,42.26
2016-08-08,42.22
2016-08-09,42.35
2016-08-10,42.5
2016-08-11,42.5
2016-08-12,42.65
2016-08-15,42.54
2016-08-16,42.36
2016-08-17,42.47
2016-08-18,42.62
2016-08-19,42.52
2016-08-22,42.58
2016-08-23,42.5
2016-08-24,42.43
2016-08-25,42.26
2016-08-26,42.05
2016-08-29,42.3
2016-08-30,42.05
2016-08-31,42.1
2016-09-01,42.12
2016-09-02,42.44
2016-09-06,42.54
2016-09-07,42.16
2016-09-08,41.93
2016-09-09,40.79
2016-09-12,41.56
2016-09-13,41.05
2016-09-14,40.93
2016-09-15,41.26
2016-09-16,41.12
2016-09-19,41.04
2016-09-20,41.15
2016-09-21,41.37
2016-09-22,41.74
2016-09-23,41.55
2016-09-26,41.2
2016-09-27,41.37
2016-09-28,41.44
2016-09-29,41.04
2016-09-30,41.45
2016-10-03,41.19
2016-10-04,40.84
2016-10-05,40.8
2016-10-06,40.87
2016-10-07,40.77
2016-10-10,40.77
2016-10-11,40.56
2016-10-12,40.78
2016-10-13,40.79
2016-10-14,40.8
2016-10-17,40.6
2016-10-18,40.73
2016-10-19,40.49
2016-10-20,40.47
2016-10-21,40.69
2016-10-24,40.95
2016-10-25,41.1
2016-10-26,41.05
2016-10-27,40.86
2016-10-28,41.03
2016-10-31,41.13
2016-11-01,40.95
2016-11-02,40.85
2016-11-03,40.57
2016-11-04,40.2
2016-11-07,40.88
2016-11-08,41.05
2016-11-09,40.49
2016-11-10,39.41
2016-11-11,39.37
2016-11-14,39.3
2016-11-15,39.54
2016-11-16,39.55
2016-11-17,39.48
2016-11-18,39.34
2016-11-21,39.61
2016-11-22,39.81
2016-11-23,39.59
2016-11-25,39.9
2016-11-28,39.99
2016-11-29,40.04
2016-11-30,39.4
2016-12-01,39.15
2016-12-02,39.39
2016-12-05,39.44
2016-12-06,39.56
2016-12-07,40.13
2016-12-08,39.96
2016-12-09,40.54
2016-12-12,40.7
2016-12-13,40.89
2016-12-14,40.45
2016-12-15,40.62
2016-12-16,40.85
2016-12-19,40.93
2016-12-20,40.85
2016-12-21,40.84
2016-12-22,40.78
2016-12-23,40.86
2016-12-27,40.85
2016-12-28,40.6
2016-12-29,40.79
2016-12-30,40.58
2017-01-03,40.73
2017-01-04,40.73
2017-01-05,40.87
2017-01-06,40.9
2017-01-09,40.58
2017-01-10,40.37
2017-01-11,40.45
2017-01-12,40.41
2017-01-13,40.43
2017-01-17,41.01
2017-01-18,41.15
2017-01-19,41.0
2017-01-20,41.27
2017-01-23,41.25
2017-01-24,41.53
2017-01-25,41.52
2017-01-26,41.34
2017-01-27,41.11
2017-01-30,41.08
2017-01-31,41.27
2017-02-01,40.95
2017-02-02,41.33
2017-02-03,41.6
2017-02-06,41.37
2017-02-07,41.71
2017-02-08,41.88
2017-02-09,42.05
2017-02-10,42.08
2017-02-13,42.08
2017-02-14,42.09
2017-02-15,42.47
2017-02-16,42.53
2017-02-17,42.74
2017-02-21,43.13
2017-02-22,43.13
2017-02-23,43.24
2017-02-24,43.39
2017-02-27,43.19
2017-02-28,43.24
2017-03-01,43.45
2017-03-02,43.44
2017-03-03,43.28
2017-03-06,43.09
2017-03-07,43.03
2017-03-08,42.94
2017-03-09,43.01
2017-03-10,43.2
2017-03-13,43.24
2017-03-14,43.11
2017-03-15,43.43
2017-03-16,43.49
2017-03-17,43.38
2017-03-20,43.46
2017-03-21,43.42
2017-03-22,43.34
2017-03-23,43.24
2017-03-24,43.16
2017-03-27,43.12
2017-03-28,43.2
2017-03-29,43.27
2017-03-30,43.19
2017-03-31,43.06
2017-04-03,42.99
2017-04-04,43.12
2017-04-05,43.04
2017-04-06,43.04
2017-04-07,43.16
2017-04-10,43.28
2017-04-11,43.3
2017-04-12,43.46
2017-04-13,43.27
2017-04-17,43.57
2017-04-18,43.77
2017-04-19,43.61
2017-04-20,43.52
2017-04-21,43.39
2017-04-24,43.79
2017-04-25,43.96
2017-04-26,43.61
2017-04-27,43.55
2017-04-28,43.53
2017-05-01,43.37
2017-05-02,43.08
2017-05-03,43.12
2017-05-04,43.45
2017-05-05,43.57
2017-05-08,43.55
2017-05-09,43.39
2017-05-10,43.42
2017-05-11,43.49
2017-05-12,43.36
2017-05-15,43.5
2017-05-16,43.46
2017-05-17,43.4
2017-05-18,43.43
2017-05-19,43.67
2017-05-22,43.91
2017-05-23,43.96
2017-05-24,44.13
2017-05-25,44.41
2017-05-26,44.58
2017-05-30,44.56
2017-05-31,44.69
2017-06-01,45.05
2017-06-02,45.18
2017-06-05,45.23
2017-06-06,45.12
2017-06-07,45.1
2017-06-08,44.77
2017-06-09,44.71
2017-06-12,44.7
2017-06-13,44.77
2017-06-14,45.06
2017-06-15,44.95
2017-06-16,44.48
2017-06-19,44.7
2017-06-20,44.52
2017-06-21,44.39
2017-06-22,44.1
2017-06-23,44.12
2017-06-26,44.29
2017-06-27,43.91
2017-06-28,44.07
2017-06-29,43.6
2017-06-30,43.68
2017-07-03,43.64
2017-07-05,43.61
2017-07-06,43.36
2017-07-07,43.34
2017-07-10,43.04
2017-07-11,42.92
2017-07-12,43.15
2017-07-13,43.16
2017-07-14,43.5
2017-07-17,43.55
2017-07-18,43.55
2017-07-19,43.71
2017-07-20,43.72
2017-07-21,43.79
2017-07-24,43.65
2017-07-25,43.95
2017-07-26,43.94
2017-07-27,44.37
2017-07-28,44.0
2017-07-31,43.98
2017-08-01,43.93
2017-08-02,43.9
2017-08-03,43.86
2017-08-04,43.74
2017-08-07,44.07
2017-08-08,43.9
2017-08-09,43.97
2017-08-10,43.79
2017-08-11,43.82
2017-08-14,44.04
2017-08-15,44.26
2017-08-16,44.41
2017-08-17,44.01
2017-08-18,43.89
2017-08-21,44.04
2017-08-22,44.05
2017-08-23,43.93
2017-08-24,43.32
2017-08-25,43.46
2017-08-28,43.34
2017-08-29,43.49
2017-08-30,43.48
2017-08-31,43.5
2017-09-01,43.7
2017-09-05,43.77
2017-09-06,43.95
2017-09-07,44.01
2017-09-08,43.8
2017-09-11,44.07
2017-09-12,44.16
2017-09-13,44.19
2017-09-14,44.1
2017-09-15,44.18
2017-09-18,44.24
2017-09-19,44.11
2017-09-20,43.68
2017-09-21,43.27
2017-09-22,43.14
2017-09-25,43.45
2017-09-26,43.55
2017-09-27,43.22
2017-09-28,43.22
2017-09-29,43.19
2017-10-02,43.11
2017-10-03,43.15
2017-10-04,43.29
2017-10-05,43.48
2017-10-06,43.05
2017-10-09,42.93
2017-10-10,43.31
2017-10-11,43.39
2017-10-12,43.58
2017-10-13,43.66
2017-10-16,43.67
2017-10-17,43.51
2017-10-18,43.46
2017-10-19,43.23
2017-10-20,43.12
2017-10-23,43.09
2017-10-24,42.94
2017-10-25,42.82
2017-10-26,42.85
2017-10-27,42.48
2017-10-30,42.12
2017-10-31,42.47
2017-11-01,42.61
2017-11-02,42.51
2017-11-03,42.51
2017-11-06,42.06
2017-11-07,42.53
2017-11-08,42.99
2017-11-09,42.99
2017-11-10,43.43
2017-11-13,43.67
2017-11-14,43.83
2017-11-15,43.36
2017-11-16,43.96
2017-11-17,43.81
2017-11-20,43.76
2017-11-21,43.91
2017-11-22,43.85
2017-11-24,43.82
2017-11-27,43.84
2017-11-28,44.2
2017-11-29,44.43
2017-11-30,44.84
2017-12-01,44.95
2017-12-04,45.38
2017-12-05,45.31
2017-12-06,45.59
2017-12-07,45.15
2017-12-08,45.27
2017-12-11,45.27
2017-12-12,45.27
2017-12-13,45.53
2017-12-14,45.33
2017-12-15,45.84
2017-12-18,45.82
2017-12-19,45.88
2017-12-20,45.8
2017-12-21,45.76
2017-12-22,45.84
2017-12-26,45.94
2017-12-27,45.93
2017-12-28,45.86
2017-12-29,45.85
2018-01-02,45.57
2018-01-03,45.55
2018-01-04,45.68
2018-01-05,45.88
2018-01-08,46.0
2018-01-09,45.93
2018-01-10,45.71
2018-01-11,45.64
2018-01-12,45.66
2018-01-16,45.87
2018-01-17,46.39
2018-01-18,46.25
2018-01-19,46.77
2018-01-22,47.13
2018-01-23,46.97
2018-01-24,47.07
2018-01-25,47.09
2018-01-26,47.32
2018-01-29,47.13
2018-01-30,46.82
2018-01-31,46.6
2018-02-01,46.4
2018-02-02,45.51
2018-02-05,43.86
2018-02-06,44.34
2018-02-07,44.15
2018-02-08,43.2
2018-02-09,43.29
2018-02-12,43.73
2018-02-13,43.93
2018-02-14,43.91
2018-02-15,44.63
2018-02-16,44.81
2018-02-20,43.8
2018-02-21,43.27
2018-02-22,43.39
2018-02-23,43.8
2018-02-26,44.08
2018-02-27,43.5
2018-02-28,43.05
2018-03-01,42.95
2018-03-02,43.31
2018-03-05,43.69
2018-03-06,43.72
2018-03-07,43.33
2018-03-08,43.72
2018-03-09,44.01
2018-03-12,43.93
2018-03-13,43.89
2018-03-14,43.45
2018-03-15,43.14
2018-03-16,43.16
2018-03-19,42.74
2018-03-20,42.62
2018-03-21,42.09
2018-03-22,41.74
2018-03-23,41.22
2018-03-26,41.81
2018-03-27,41.79
2018-03-28,42.36
2018-03-29,42.66
2018-04-02,41.61
2018-04-03,42.16
2018-04-04,42.82
2018-04-05,42.92
2018-04-06,42.49
2018-04-09,42.46
2018-04-10,42.56
2018-04-11,42.48
2018-04-12,42.41
2018-04-13,42.62
2018-04-16,43.09
2018-04-17,43.18
2018-04-18,42.86
2018-04-19,41.62
2018-04-20,40.92
2018-04-23,40.87
2018-04-24,40.61
2018-04-25,40.69
2018-04-26,40.93
2018-04-27,41.15
2018-04-30,40.89
2018-05-01,40.53
2018-05-02,39.74
2018-05-03,39.7
2018-05-04,40.27
2018-05-07,40.02
2018-05-08,39.86
2018-05-09,39.92
2018-05-10,40.15
2018-05-11,40.15
2018-05-14,40.14
2018-05-15,39.98
2018-05-16,40.27
2018-05-17,40.4
2018-05-18,40.15
2018-05-21,40.32
2018-05-22,40.25
2018-05-23,40.4
2018-05-24,40.36
2018-05-25,40.43
2018-05-29,40.34
2018-05-30,40.91
2018-05-31,40.25
2018-06-01,40.25
2018-06-04,40.58
2018-06-05,40.4
2018-06-06,40.44
2018-06-07,40.7
2018-06-08,41.2
2018-06-11,41.54
2018-06-12,41.62
2018-06-13,41.49
2018-06-14,41.56
2018-06-15,42.1
2018-06-18,41.48
2018-06-19,41.7
2018-06-20,41.75
2018-06-21,41.83
2018-06-22,42.17
2018-06-25,42.38
2018-06-26,42.2
2018-06-27,42.11
2018-06-28,42.11
2018-06-29,42.09
2018-07-02,41.84
2018-07-03,41.94
2018-07-05,42.52
2018-07-06,42.65
2018-07-09,42.49
2018-07-10,42.99
2018-07-11,42.86
2018-07-12,42.8
2018-07-13,43.08
2018-07-16,42.87
2018-07-17,43.24
2018-07-18,42.89
2018-07-19,42.91
2018-07-20,43.17
2018-07-23,42.91
2018-07-24,42.99
2018-07-25,43.31
2018-07-26,43.54
2018-07-27,43.6
2018-07-30,43.55
2018-07-31,43.75
2018-08-01,43.39
2018-08-02,43.83
2018-08-03,44.34
2018-08-06,44.38
2018-08-07,44.11
2018-08-08,43.78
2018-08-09,43.65
2018-08-10,43.49
2018-08-13,43.49
2018-08-14,43.79
2018-08-15,43.97
2018-08-16,44.6
2018-08-17,44.94
2018-08-20,44.91
2018-08-21,44.6
2018-08-22,44.32
2018-08-23,44.21
2018-08-24,44.15
2018-08-27,44.18
2018-08-28,44.03
2018-08-29,44.08
2018-08-30,43.94
2018-08-31,43.93
2018-09-04,43.87
2018-09-05,44.38
2018-09-06,44.5
2018-09-07,44.41
2018-09-10,44.56
2018-09-11,44.4
2018-09-12,44.91
2018-09-13,44.85
2018-09-14,44.73
2018-09-17,44.89
2018-09-18,44.7
2018-09-19,44.62
2018-09-20,45.18
2018-09-21,45.26
2018-09-24,44.57
2018-09-25,44.3
2018-09-26,44.35
2018-09-27,44.29
2018-09-28,44.36
2018-10-01,44.33
2018-10-02,44.58
2018-10-03,44.1
2018-10-04,44.0
2018-10-05,43.96
2018-10-08,44.57
2018-10-09,44.47
2018-10-10,43.93
2018-10-11,42.85
2018-10-12,43.08
2018-10-15,43.35
2018-10-16,43.83
2018-10-17,44.04
2018-10-18,43.98
2018-10-19,44.98
2018-10-22,44.65
2018-10-23,44.85
2018-10-24,45.03
2018-10-25,45.14
2018-10-26,44.28
2018-10-29,44.79
2018-10-30,45.68
2018-10-31,45.25
2018-11-01,45.57
2018-11-02,45.33
2018-11-05,45.9
2018-11-06,46.18
2018-11-07,46.44
2018-11-08,46.47
2018-11-09,46.74
2018-11-12,46.49
2018-11-13,46.38
2018-11-14,46.07
2018-11-15,46.0
2018-11-16,46.11
2018-11-19,46.04
2018-11-20,45.27
2018-11-21,44.91
2018-11-23,45.07
2018-11-26,45.12
2018-11-27,45.53
2018-11-28,45.91
2018-11-29,45.98
2018-11-30,46.28
2018-12-03,46.32
2018-12-04,45.54
2018-12-06,45.59
2018-12-07,45.01
2018-12-10,45.01
2018-12-11,45.38
2018-12-12,45.32
2018-12-13,45.6
2018-12-14,44.83
2018-12-17,43.79
2018-12-18,43.27
2018-12-19,42.85
2018-12-20,42.09
2018-12-21,41.65
2018-12-24,40.45
2018-12-26,41.58
2018-12-27,41.98
2018-12-28,41.98
2018-12-31,42.15
2019-01-02,41.9
2019-01-03,41.66
2019-01-04,42.55
2019-01-07,42.49
2019-01-08,42.88
2019-01-09,42.48
2019-01-10,42.73
2019-01-11,42.86
2019-01-14,42.65
2019-01-15,43.07
2019-01-16,42.84
2019-01-17,43.02
2019-01-18,43.54
2019-01-22,43.14
2019-01-23,43.65
2019-01-24,43.11
2019-01-25,42.94
2019-01-28,43.12
2019-01-29,43.22
2019-01-30,43.51
2019-01-31,44.32
2019-02-01,44.18
2019-02-04,44.46
2019-02-05,44.47
2019-02-06,44.48
2019-02-07,44.44
2019-02-08,44.65
2019-02-11,44.77
2019-02-12,45.11
2019-02-13,45.2
2019-02-14,44.69
2019-02-15,45.11
2019-02-19,45.35
2019-02-20,45.26
2019-02-21,45.4
2019-02-22,45.18
2019-02-25,44.93
2019-02-26,44.96
2019-02-27,44.89
2019-02-28,45.11
2019-03-01,45.02
2019-03-04,44.95
2019-03-05,44.92
2019-03-06,44.85
2019-03-07,44.56
2019-03-08,44.58
2019-03-11,45.16
2019-03-12,45.18
2019-03-13,45.44
2019-03-14,45.4
2019-03-15,45.65
2019-03-18,45.72
2019-03-19,45.69
2019-03-20,45.5
2019-03-21,46.03
2019-03-22,45.97
2019-03-25,46.06
2019-03-26,46.45
2019-03-27,46.3
2019-03-28,46.52
2019-03-29,46.83
2019-04-01,46.67
2019-04-02,46.29
2019-04-03,46.06
2019-04-04,46.24
2019-04-05,46.4
2019-04-08,46.59
2019-04-09,46.53
2019-04-10,46.66
2019-04-11,46.76
2019-04-12,46.91
2019-04-15,47.18
2019-04-16,47.19
2019-04-17,47.42
2019-04-18,47.46
2019-04-22,47.48
2019-04-23,47.33
2019-04-24,47.43
2019-04-25,47.13
2019-04-26,47.56
2019-04-29,47.61
2019-04-30,48.17
2019-05-01,47.57
2019-05-02,47.56
2019-05-03,47.92
2019-05-06,47.84
2019-05-07,47.36
2019-05-08,47.36
2019-05-09,47.26
2019-05-10,47.83
2019-05-13,47.38
2019-05-14,47.61
2019-05-15,47.98
2019-05-16,48.36
2019-05-17,48.2
2019-05-20,48.08
2019-05-21,47.98
2019-05-22,48.2
2019-05-23,48.18
2019-05-24,48.01
2019-05-28,47.22
2019-05-29,46.88
2019-05-30,47.08
2019-05-31,46.41
2019-06-03,47.0
2019-06-04,47.42
2019-06-05,47.97
2019-06-06,48.47
2019-06-07,48.93
2019-06-10,48.95
2019-06-11,49.11
2019-06-12,49.18
2019-06-13,49.29
2019-06-14,49.32
2019-06-17,49.18
2019-06-18,48.91
2019-06-19,49.11
2019-06-20,49.54
2019-06-21,49.38
2019-06-24,49.51
2019-06-25,49.48
2019-06-26,48.78
2019-06-27,48.87
2019-06-28,48.84
2019-07-01,49.13
2019-07-02,49.56
2019-07-03,50.17
2019-07-05,49.95
2019-07-08,50.02
2019-07-09,49.73
2019-07-10,50.05
2019-07-11,50.17
2019-07-12,50.32
2019-07-15,50.43
2019-07-16,50.45
2019-07-17,50.39
2019-07-18,50.73
2019-07-19,50.41
2019-07-22,50.11
2019-07-23,50.48
2019-07-24,50.14
2019-07-25,50.21
2019-07-26,50.77
2019-07-29,50.86
2019-07-30,51.01
2019-07-31,49.98
2019-08-01,49.8
2019-08-02,49.81
2019-08-05,48.52
2019-08-06,48.95
2019-08-07,49.53
2019-08-08,50.16
2019-08-09,49.89
2019-08-12,49.55
2019-08-13,50.11
2019-08-14,49.32
2019-08-15,50.06
2019-08-16,50.64
2019-08-19,51.14
2019-08-20,50.58
2019-08-21,50.72
2019-08-22,50.99
2019-08-23,50.14
2019-08-26,50.76
2019-08-27,50.62
2019-08-28,51.11
2019-08-29,51.13
2019-08-30,51.06
2019-09-03,51.36
2019-09-04,51.82
2019-09-05,51.5
2019-09-06,51.67
2019-09-09,51.55
2019-09-10,51.23
2019-09-11,51.42
2019-09-12,51.63
2019-09-13,51.33
2019-09-16,50.84
2019-09-17,51.11
2019-09-18,51.2
2019-09-19,51.19
2019-09-20,51.03
2019-09-23,51.23
2019-09-24,51.44
2019-09-25,51.48
2019-09-26,51.76
2019-09-27,51.7
2019-09-30,51.96
2019-10-01,51.82
2019-10-02,50.78
2019-10-03,51.14
2019-10-04,51.94
2019-10-07,51.52
2019-10-08,51.03
2019-10-09,51.42
2019-10-10,51.52
2019-10-11,51.47
2019-10-14,51.21
2019-10-15,50.99
2019-10-16,51.04
2019-10-17,51.28
2019-10-18,51.38
2019-10-21,51.55
2019-10-22,51.57
2019-10-23,51.81
2019-10-24,51.98
2019-10-25,51.68
2019-10-28,51.58
2019-10-29,51.58
2019-10-30,51.81
2019-10-31,51.74
2019-11-01,51.73
2019-11-04,51.23
2019-11-05,51.4
2019-11-06,51.61
2019-11-07,51.43
2019-11-08,51.4
2019-11-11,51.32
2019-11-12,51.49
2019-11-13,51.88
2019-11-14,51.87
2019-11-15,51.88
2019-11-18,52.15
2019-11-19,52.09
2019-11-20,52.2
2019-11-21,51.94
2019-11-22,51.86
2019-11-25,51.92
2019-11-26,52.34
2019-11-27,52.47
2019-11-29,52.45
2019-12-02,52.57
2019-12-03,52.48
2019-12-04,52.83
2019-12-05,52.81
2019-12-06,53.02
2019-12-09,53.06
2019-12-10,52.89
2019-12-11,52.97
2019-12-12,52.92
2019-12-13,53.11
2019-12-16,53.3
2019-12-17,53.21
2019-12-18,53.13
2019-12-19,53.41
2019-12-20,53.82
2019-12-23,53.59
2019-12-24,53.65
2019-12-26,53.71
2019-12-27,53.94
2019-12-30,53.66
2019-12-31,53.71
2020-01-02,53.29
2020-01-03,53.2
2020-01-06,53.31
2020-01-07,52.9
2020-01-08,53.1
2020-01-09,53.48
2020-01-10,53.44
2020-01-13,53.79
2020-01-14,53.81
2020-01-15,54.19
2020-01-16,54.34
2020-01-17,54.43
2020-01-21,54.62
2020-01-22,54.66
2020-01-23,54.61
2020-01-24,54.23
2020-01-27,54.06
2020-01-28,54.13
2020-01-29,53.86
2020-01-30,54.5
2020-01-31,53.89
2020-02-03,53.89
2020-02-04,54.21
2020-02-05,54.64
2020-02-06,54.74
2020-02-07,54.81
2020-02-10,55.04
2020-02-11,54.83
2020-02-12,54.81
2020-02-13,55.13
2020-02-14,55.26
2020-02-18,55.06
2020-02-19,55.0
2020-02-20,55.05
2020-02-21,55.14
2020-02-24,53.87
2020-02-25,52.9
2020-02-26,52.6
2020-02-27,50.46
2020-02-28,49.46
2020-03-02,52.1
2020-03-03,51.39
2020-03-04,53.92
2020-03-05,52.9
2020-03-06,52.49
2020-03-09,50.2
2020-03-10,51.64
2020-03-11,49.11
2020-03-12,44.49
2020-03-13,48.28
2020-03-16,45.01
2020-03-17,48.8
2020-03-18,47.55
2020-03-19,45.96
2020-03-20,42.99
2020-03-23,41.71
2020-03-24,43.84
2020-03-25,43.72
2020-03-26,46.11
2020-03-27,45.9
2020-03-30,47.69
2020-03-31,46.72
2020-04-01,45.93
2020-04-02,47.11
2020-04-03,47.48
2020-04-06,49.24
2020-04-07,48.68
2020-04-08,49.4
2020-04-09,49.86
2020-04-13,49.49
2020-04-14,51.59
2020-04-15,50.78
2020-04-16,51.11
2020-04-17,51.9
2020-04-20,50.87
2020-04-21,49.79
2020-04-22,50.27
2020-04-23,49.83
2020-04-24,50.36
2020-04-27,50.51
2020-04-28,50.79
2020-04-29,50.57
2020-04-30,49.97
2020-05-01,49.42
2020-05-04,49.4
2020-05-05,49.44
2020-05-06,48.9
2020-05-07,48.76
2020-05-08,49.85
2020-05-11,49.78
2020-05-12,49.36
2020-05-13,48.92
2020-05-14,48.8
2020-05-15,49.23
2020-05-18,50.01
2020-05-19,49.09
2020-05-20,49.67
2020-05-21,49.12
2020-05-22,49.3
2020-05-26,49.56
2020-05-27,50.31
2020-05-28,50.75
2020-05-29,50.81
2020-06-01,51.16
2020-06-02,51.29
2020-06-03,51.36
2020-06-04,51.11
2020-06-05,51.83
2020-06-08,52.38
2020-06-09,51.96
2020-06-10,51.81
2020-06-11,49.84
2020-06-12,49.85
2020-06-15,50.43
2020-06-16,51.22
2020-06-17,51.14
2020-06-18,51.41
2020-06-19,51.14
2020-06-22,50.99
2020-06-23,50.92
2020-06-24,50.06
2020-06-25,50.41
2020-06-26,49.39
2020-06-29,50.32
2020-06-30,50.69
2020-07-01,50.73
2020-07-02,50.99
2020-07-06,51.24
2020-07-07,51.71
2020-07-08,51.58
2020-07-09,51.18
2020-07-10,52.12
2020-07-13,52.04
2020-07-14,52.8
2020-07-15,52.84
2020-07-16,52.96
2020-07-17,53.24
2020-07-20,52.71
2020-07-21,53.16
2020-07-22,53.59
2020-07-23,53.78
2020-07-24,53.71
2020-07-27,53.98
2020-07-28,54.18
2020-07-29,54.25
2020-07-30,54.25
2020-07-31,54.2
2020-08-03,54.05
2020-08-04,54.73
2020-08-05,54.62
2020-08-06,54.61
2020-08-07,54.9
2020-08-10,55.19
2020-08-11,54.81
2020-08-12,55.52
2020-08-13,55.47
2020-08-14,55.46
2020-08-17,55.77
2020-08-18,56.0
2020-08-19,55.56
2020-08-20,55.45
2020-08-21,55.58
2020-08-24,56.06
2020-08-25,55.94
2020-08-26,56.01
2020-08-27,56.35
2020-08-28,56.86
2020-08-31,56.69
2020-09-01,56.75
2020-09-02,57.78
2020-09-03,56.79
2020-09-04,56.66
2020-09-08,55.46
2020-09-09,56.27
2020-09-10,55.58
2020-09-11,55.89
2020-09-14,56.25
2020-09-15,56.17
2020-09-16,55.92
2020-09-17,55.57
2020-09-18,55.06
2020-09-21,54.64
2020-09-22,54.96
2020-09-23,54.13
2020-09-24,54.53
2020-09-25,54.82
2020-09-28,55.44
2020-09-29,55.07
2020-09-30,55.74
2020-10-01,56.05
2020-10-02,55.74
2020-10-05,56.12
2020-10-06,55.75
2020-10-07,56.35
2020-10-08,56.72
2020-10-09,57.17
2020-10-12,57.83
2020-10-13,57.78
2020-10-14,57.49
2020-10-15,57.52
2020-10-16,57.54
2020-10-19,56.79
2020-10-20,56.73
2020-10-21,56.78
2020-10-22,56.76
2020-10-23,56.86
2020-10-26,56.13
2020-10-27,55.98
2020-10-28,54.35
2020-10-29,54.33
2020-10-30,54.14
2020-11-02,55.0
2020-11-03,55.91
2020-11-04,55.93
2020-11-05,56.34
2020-11-06,56.6
2020-11-09,56.47
2020-11-10,57.58
2020-11-11,58.08
2020-11-12,57.92
2020-11-13,58.72
2020-11-16,59.26
2020-11-17,58.85
2020-11-18,58.04
2020-11-19,58.19
2020-11-20,57.83
2020-11-23,57.85
2020-11-24,58.24
2020-11-25,58.2
2020-11-27,58.19
2020-11-30,58.18
2020-12-01,58.7
2020-12-02,58.21
2020-12-03,58.36
2020-12-04,58.81
2020-12-07,58.58
2020-12-08,58.91
2020-12-09,58.67
2020-12-10,58.41
2020-12-11,58.54
2020-12-14,58.32
2020-12-15,58.45
2020-12-16,58.57
2020-12-17,58.94
2020-12-18,59.07
2020-12-21,58.44
2020-12-22,58.02
2020-12-23,58.22
2020-12-24,58.51
2020-12-28,58.97
2020-12-29,58.79
2020-12-30,58.73
2020-12-31,59.15
2021-01-04,58.51
2021-01-05,58.51
2021-01-06,58.55
2021-01-07,58.37
2021-01-08,58.66
2021-01-11,58.16
2021-01-12,57.97
2021-01-13,58.06
2021-01-14,57.75
2021-01-15,57.55
2021-01-19,57.3
2021-01-20,57.4
2021-01-21,57.21
2021-01-22,57.06
2021-01-25,57.63
2021-01-26,58.15
2021-01-27,57.16
2021-01-28,57.38
2021-01-29,56.2
2021-02-01,56.25
2021-02-02,56.63
2021-02-03,56.72
2021-02-04,57.13
2021-02-05,57.66
2021-02-08,57.88
2021-02-09,57.83
2021-02-10,57.77
2021-02-11,57.51
2021-02-12,57.6
2021-02-16,57.5
2021-02-17,57.71
2021-02-18,57.67
2021-02-19,56.94
2021-02-22,57.0
2021-02-23,57.08
2021-02-24,57.04
2021-02-25,56.42
2021-02-26,55.51
2021-03-01,56.07
2021-03-02,55.97
2021-03-03,55.71
2021-03-04,55.51
2021-03-05,56.73
2021-03-08,56.98
2021-03-09,56.93
2021-03-10,57.67
2021-03-11,57.53
2021-03-12,58.01
2021-03-15,58.26
2021-03-16,58.33
2021-03-17,58.24
2021-03-18,58.01
2021-03-19,58.21
2021-03-22,58.82
2021-03-23,59.07
2021-03-24,58.84
2021-03-25,59.41
2021-03-26,60.46
2021-03-29,61.07
2021-03-30,60.42
2021-03-31,60.22
2021-04-01,59.93
2021-04-05,60.7
2021-04-06,60.96
2021-04-07,60.81
2021-04-08,60.87
2021-04-09,60.76
2021-04-12,61.09
2021-04-13,60.76
2021-04-14,60.71
2021-04-15,61.19
2021-04-16,61.55
2021-04-19,61.31
2021-04-20,61.64
2021-04-21,61.95
2021-04-22,61.49
2021-04-23,61.33
2021-04-26,60.65
2021-04-27,60.6
2021-04-28,60.65
2021-04-29,61.29
2021-04-30,61.34
2021-05-03,61.85
2021-05-04,61.53
2021-05-05,61.48
2021-05-06,62.28
2021-05-07,62.28
2021-05-10,62.75
2021-05-11,62.21
2021-05-12,61.38
2021-05-13,62.24
2021-05-14,62.52
2021-05-17,62.43
2021-05-18,62.23
2021-05-19,62.03
2021-05-20,62.6
2021-05-21,62.61
2021-05-24,62.8
2021-05-25,62.82
2021-05-26,62.68
2021-05-27,62.3
2021-05-28,62.43
2021-06-01,62.22
2021-06-02,62.45
2021-06-03,62.83
2021-06-04,63.05
2021-06-07,62.95
2021-06-08,62.42
2021-06-09,62.12
2021-06-10,62.51
2021-06-11,62.54
2021-06-14,62.51
2021-06-15,62.36
2021-06-16,61.53
2021-06-17,61.75
2021-06-18,60.66
2021-06-21,61.35
2021-06-22,61.44
2021-06-23,61.06
2021-06-24,61.36
2021-06-25,61.83
2021-06-28,61.88
2021-06-29,61.61
2021-06-30,62.09
2021-07-01,61.9
2021-07-02,62.05
2021-07-06,61.79
2021-07-07,62.12
2021-07-08,61.89
2021-07-09,62.25
2021-07-12,62.15
2021-07-13,62.13
2021-07-14,62.68
2021-07-15,62.94
2021-07-16,63.04
2021-07-19,62.85
2021-07-20,62.87
2021-07-21,62.71
2021-07-22,62.6
2021-07-23,63.36
2021-07-26,63.46
2021-07-27,63.6
2021-07-28,63.04
2021-07-29,63.35
2021-07-30,63.45
2021-08-02,63.19
2021-08-03,63.47
2021-08-04,62.65
2021-08-05,62.95
2021-08-06,62.95
2021-08-09,63.18
2021-08-10,63.63
2021-08-11,63.84
2021-08-12,63.81
2021-08-13,64.34
2021-08-16,64.71
2021-08-17,64.75
2021-08-18,63.94
2021-08-19,64.46
2021-08-20,64.56
2021-08-23,64.36
2021-08-24,63.87
2021-08-25,63.76
2021-08-26,63.47
2021-08-27,63.69
2021-08-30,63.98
2021-08-31,64.12
2021-09-01,64.46
2021-09-02,64.71
2021-09-03,64.63
2021-09-07,63.88
2021-09-08,64.43
2021-09-09,64.06
2021-09-10,63.78
2021-09-13,63.94
2021-09-14,63.65
2021-09-15,63.88
2021-09-16,63.67
2021-09-17,63.32
2021-09-20,62.69
2021-09-21,62.62
2021-09-22,62.8
2021-09-23,63.03
2021-09-24,63.06
2021-09-27,62.77
2021-09-28,62.03
2021-09-29,62.59
2021-09-30,61.47
2021-10-01,61.63
2021-10-04,61.43
2021-10-05,61.74
2021-10-06,62.34
2021-10-07,62.62
2021-10-08,62.55
2021-10-11,62.53
2021-10-12,62.56
2021-10-13,62.67
2021-10-14,63.38
2021-10-15,63.22
2021-10-18,62.85
2021-10-19,62.88
2021-10-20,63.24
2021-10-21,63.16
2021-10-22,63.65
2021-10-25,63.61
2021-10-26,63.83
2021-10-27,63.46
2021-10-28,63.68
2021-10-29,63.62
2021-11-01,63.72
2021-11-02,64.14
2021-11-03,64.74
2021-11-04,64.81
2021-11-05,65.18
2021-11-08,64.66
2021-11-09,64.89
2021-11-10,65.08
2021-11-11,65.04
2021-11-12,65.04
2021-11-15,65.35
2021-11-16,64.94
2021-11-17,64.8
2021-11-18,64.56
2021-11-19,64.33
2021-11-22,64.84
2021-11-23,65.27
2021-11-24,65.07
2021-11-26,64.25
2021-11-29,64.41
2021-11-30,62.76
2021-12-01,62.46
2021-12-02,63.12
2021-12-03,63.9
2021-12-06,65.03
2021-12-07,65.17
2021-12-08,64.97
2021-12-09,65.14
2021-12-10,66.24
2021-12-13,67.11
2021-12-14,67.15
2021-12-15,67.83
2021-12-16,68.31
2021-12-17,67.14
2021-12-20,67.16
2021-12-21,67.07
2021-12-22,67.5
2021-12-23,67.65
2021-12-27,68.37
2021-12-28,68.76
2021-12-29,69.07
2021-12-30,68.85
2021-12-31,69.32
2022-01-03,69.31
2022-01-04,69.78
2022-01-05,69.72
2022-01-06,69.53
2022-01-07,69.6
2022-01-10,69.05
2022-01-11,68.97
2022-01-12,69.0
2022-01-13,69.12
2022-01-14,69.25
2022-01-18,68.25
2022-01-19,68.68
2022-01-20,68.23
2022-01-21,68.29
2022-01-24,68.06
2022-01-25,67.31
2022-01-26,66.8
2022-01-27,67.25
2022-01-28,68.04
2022-01-31,68.3
2022-02-01,68.23
2022-02-02,69.05
2022-02-03,69.07
2022-02-04,68.23
2022-02-07,68.35
2022-02-08,68.61
2022-02-09,68.63
2022-02-10,67.89
2022-02-11,67.65
2022-02-14,67.46
2022-02-15,67.58
2022-02-16,67.7
2022-02-17,68.23
2022-02-18,68.35
2022-02-22,67.82
2022-02-23,67.27
2022-02-24,66.11
2022-02-25,68.24
2022-02-28,67.34
2022-03-01,66.94
2022-03-02,67.65
2022-03-03,68.2
2022-03-04,68.21
2022-03-07,66.97
2022-03-08,65.16
2022-03-09,65.6
2022-03-10,64.98
2022-03-11,64.22
2022-03-14,64.57
2022-03-15,66.01
2022-03-16,66.09
2022-03-17,66.54
2022-03-18,66.7
2022-03-21,66.78
2022-03-22,67.28
2022-03-23,66.74
2022-03-24,67.21
2022-03-25,67.77
2022-03-28,68.05
2022-03-29,68.65
2022-03-30,68.7
2022-03-31,68.53
2022-04-01,69.22
2022-04-04,69.0
2022-04-05,69.07
2022-04-06,69.94
2022-04-07,70.79
2022-04-08,71.09
2022-04-11,70.8
2022-04-12,70.82
2022-04-13,71.22
2022-04-14,71.2
2022-04-18,70.61
2022-04-19,71.69
2022-04-20,72.76
2022-04-21,72.7
2022-04-22,71.56
2022-04-25,71.88
2022-04-26,70.77
2022-04-27,71.03
2022-04-28,72.07
2022-04-29,70.11
2022-05-02,69.19
2022-05-03,69.0
2022-05-04,70.55
2022-05-05,69.21
2022-05-06,69.28
2022-05-09,69.26
2022-05-10,68.78
2022-05-11,68.48
2022-05-12,68.46
2022-05-13,69.49
2022-05-16,69.81
2022-05-17,69.33
2022-05-18,64.87
2022-05-19,63.71
2022-05-20,63.85
2022-05-23,65.17
2022-05-24,66.23
2022-05-25,66.25
2022-05-26,66.95
2022-05-27,67.73
2022-05-31,67.25
2022-06-01,66.38
2022-06-02,67.34
2022-06-03,66.67
2022-06-06,66.69
2022-06-07,67.04
2022-06-08,66.22
2022-06-09,65.23
2022-06-10,64.95
2022-06-13,63.55
2022-06-14,62.8
2022-06-15,62.86
2022-06-16,62.38
2022-06-17,62.16
2022-06-21,63.82
2022-06-22,63.77
2022-06-23,65.01
2022-06-24,66.28
2022-06-27,66.1
2022-06-28,65.22
2022-06-29,65.63
2022-06-30,65.67
2022-07-01,66.62
2022-07-05,66.19
2022-07-06,66.38
2022-07-07,66.45
2022-07-08,66.33
2022-07-11,66.24
2022-07-12,66.05
2022-07-13,66.09
2022-07-14,66.15
2022-07-15,66.37
2022-07-18,65.72
2022-07-19,66.41
2022-07-20,65.96
2022-07-21,66.16
2022-07-22,66.6
2022-07-25,66.93
2022-07-26,66.77
2022-07-27,67.23
2022-07-28,68.3
2022-07-29,67.78
2022-08-01,68.62
2022-08-02,68.08
2022-08-03,68.52
2022-08-04,68.07
2022-08-05,67.91
2022-08-08,67.88
2022-08-09,67.78
2022-08-10,68.28
2022-08-11,68.11
2022-08-12,68.7
2022-08-15,69.39
2022-08-16,70.17
2022-08-17,69.97
2022-08-18,70.2
2022-08-19,69.98
2022-08-22,69.27
2022-08-23,68.97
2022-08-24,69.14
2022-08-25,69.46
2022-08-26,67.74
2022-08-29,67.63
2022-08-30,66.93
2022-08-31,66.52
2022-09-01,66.89
2022-09-02,66.02
2022-09-06,65.65
2022-09-07,66.83
2022-09-08,66.66
2022-09-09,67.31
2022-09-12,67.58
2022-09-13,65.32
2022-09-14,65.29
2022-09-15,64.75
2022-09-16,64.9
2022-09-19,65.33
2022-09-20,64.97
2022-09-21,64.73
2022-09-22,64.64
2022-09-23,63.54
2022-09-26,63.58
2022-09-27,62.48
2022-09-28,63.23
2022-09-29,62.19
2022-09-30,61.11
2022-10-03,62.16
2022-10-04,63.11
2022-10-05,62.74
2022-10-06,61.82
2022-10-07,60.9
2022-10-10,61.12
2022-10-11,61.62
2022-10-12,61.95
2022-10-13,62.98
2022-10-14,61.84
2022-10-17,62.51
2022-10-18,63.33
2022-10-19,63.03
2022-10-20,62.15
2022-10-21,63.11
2022-10-24,64.24
2022-10-25,65.08
2022-10-26,65.51
2022-10-27,65.57
2022-10-28,67.01
2022-10-31,66.61
2022-11-01,66.4
2022-11-02,65.25
2022-11-03,65.03
2022-11-04,65.8
2022-11-07,66.38
2022-11-08,66.58
2022-11-09,65.85
2022-11-10,67.4
2022-11-11,67.33
2022-11-14,66.8
2022-11-15,67.36
2022-11-16,67.69
2022-11-17,67.67
2022-11-18,68.39
2022-11-21,69.04
2022-11-22,69.54
2022-11-23,69.78
2022-11-25,69.83
2022-11-28,69.56
2022-11-29,69.3
2022-11-30,70.69
2022-12-01,70.37
2022-12-02,70.69
2022-12-05,69.8
2022-12-06,69.37
2022-12-07,69.66
2022-12-08,70.04
2022-12-09,69.5
2022-12-12,70.23
2022-12-13,70.13
2022-12-14,70.08
2022-12-15,68.89
2022-12-16,68.56
2022-12-19,68.51
2022-12-20,68.46
2022-12-21,69.14
2022-12-22,68.98
2022-12-23,69.34
2022-12-27,69.67
2022-12-28,68.81
2022-12-29,69.1
2022-12-30,68.76
2023-01-03,68.5
2023-01-04,68.77
2023-01-05,68.08
2023-01-06,69.9
2023-01-09,69.21
2023-01-10,69.12
2023-01-11,69.16
2023-01-12,68.61
2023-01-13,68.94
2023-01-17,68.98
2023-01-18,67.1
2023-01-19,66.46
2023-01-20,66.98
2023-01-23,67.19
2023-01-24,67.47
2023-01-25,67.64
2023-01-26,67.4
2023-01-27,67.2
2023-01-30,67.29
2023-01-31,68.01
2023-02-01,68.56
2023-02-02,67.97
2023-02-03,67.7
2023-02-06,67.78
2023-02-07,67.5
2023-02-08,66.98
2023-02-09,66.69
2023-02-10,67.3
2023-02-13,68.07
2023-02-14,67.45
2023-02-15,67.58
2023-02-16,67.09
2023-02-17,67.96
2023-02-21,67.7
2023-02-22,67.6
2023-02-23,67.52
2023-02-24,67.06
2023-02-27,66.99
2023-02-28,66.44
2023-03-01,65.95
2023-03-02,66.85
2023-03-03,66.91
2023-03-06,67.08
2023-03-07,66.42
2023-03-08,66.53
2023-03-09,65.91
2023-03-10,65.59
2023-03-13,65.92
2023-03-14,66.52
2023-03-15,66.95
2023-03-16,67.0
2023-03-17,66.51
2023-03-20,67.43
2023-03-21,67.38
2023-03-22,66.76
2023-03-23,66.5
2023-03-24,67.63
2023-03-27,67.99
2023-03-28,68.11
2023-03-29,68.49
2023-03-30,68.68
2023-03-31,69.24
2023-04-03,69.6
2023-04-04,69.46
2023-04-05,69.79
2023-04-06,69.84
2023-04-10,69.84
2023-04-11,70.05
2023-04-12,69.73
2023-04-13,70.12
2023-04-14,69.68
2023-04-17,70.12
2023-04-18,70.33
2023-04-19,70.29
2023-04-20,70.45
2023-04-21,70.96
2023-04-24,71.25
2023-04-25,71.16
2023-04-26,70.6
2023-04-27,71.39
2023-04-28,71.77
2023-05-01,71.83
2023-05-02,71.63
2023-05-03,71.05
2023-05-04,70.87
2023-05-05,71.53
2023-05-08,71.32
2023-05-09,71.09
2023-05-10,70.98
2023-05-11,71.2
2023-05-12,71.47
2023-05-15,71.3
2023-05-16,70.69
2023-05-17,70.66
2023-05-18,70.31
2023-05-19,70.36
2023-05-22,69.3
2023-05-23,68.79
2023-05-24,68.34
2023-05-25,67.82
2023-05-26,68.05
2023-05-30,67.27
2023-05-31,67.35
2023-06-01,67.29
2023-06-02,68.22
2023-06-05,67.97
2023-06-06,67.63
2023-06-07,67.4
2023-06-08,67.87
2023-06-09,67.76
2023-06-12,67.74
2023-06-13,68.02
2023-06-14,68.43
2023-06-15,69.12
2023-06-16,69.2
2023-06-20,68.68
2023-06-21,68.92
2023-06-22,69.32
2023-06-23,68.86
2023-06-26,68.96
2023-06-27,69.16
2023-06-28,68.69
2023-06-29,68.63
2023-06-30,69.23
2023-07-03,69.77
2023-07-05,69.65
2023-07-06,69.47
2023-07-07,68.56
2023-07-10,68.55
2023-07-11,68.65
2023-07-12,68.81
2023-07-13,69.1
2023-07-14,69.33
2023-07-17,69.12
2023-07-18,69.05
2023-07-19,69.75
2023-07-20,70.35
2023-07-21,70.59
2023-07-24,70.86
2023-07-25,70.84
2023-07-26,70.93
2023-07-27,70.3
2023-07-28,71.03
2023-07-31,70.7
2023-08-01,70.32
2023-08-02,70.57
2023-08-03,70.37
2023-08-04,69.67
2023-08-07,70.24
2023-08-08,69.74
2023-08-09,69.84
2023-08-10,69.7
2023-08-11,69.81
2023-08-14,69.47
2023-08-15,68.72
2023-08-16,68.56
2023-08-17,67.9
2023-08-18,68.15
2023-08-21,67.7
2023-08-22,67.31
2023-08-23,67.76
2023-08-24,67.22
2023-08-25,67.59
2023-08-28,67.9
2023-08-29,68.14
2023-08-30,68.26
2023-08-31,67.91
2023-09-01,67.33
2023-09-05,66.75
2023-09-06,66.68
2023-09-07,66.84
2023-09-08,66.92
2023-09-11,67.5
2023-09-12,66.92
2023-09-13,67.13
2023-09-14,67.81
2023-09-15,67.25
2023-09-18,67.22
2023-09-19,67.06
2023-09-20,67.13
2023-09-21,66.27
2023-09-22,65.91
2023-09-25,65.67
2023-09-26,65.19
2023-09-27,64.65
2023-09-28,64.85
2023-09-29,64.66
2023-10-02,64.22
2023-10-03,63.76
2023-10-04,64.26
2023-10-05,63.0
2023-10-06,62.65
2023-10-09,62.7
2023-10-10,63.34
2023-10-11,62.91
2023-10-12,62.23
2023-10-13,62.77
2023-10-16,63.42
2023-10-17,63.69
2023-10-18,63.93
2023-10-19,63.46
2023-10-20,63.21
2023-10-23,63.09
2023-10-24,63.63
2023-10-25,63.84
2023-10-26,63.43
2023-10-27,62.56
2023-10-30,63.54
2023-10-31,63.77
2023-11-01,63.7
2023-11-02,64.53
2023-11-03,64.6
2023-11-06,64.71
2023-11-07,64.87
2023-11-08,64.61
2023-11-09,64.35
2023-11-10,64.8
2023-11-13,65.01
2023-11-14,65.67
2023-11-15,66.2
2023-11-16,65.38
2023-11-17,65.3
2023-11-20,65.25
2023-11-21,65.45
2023-11-22,65.92
2023-11-24,66.16
2023-11-27,65.97
2023-11-28,66.28
2023-11-29,65.74
2023-11-30,66.4
2023-12-01,66.67
2023-12-04,66.75
2023-12-05,66.23
2023-12-06,66.06
2023-12-07,66.34
2023-12-08,65.88
2023-12-11,66.51
2023-12-12,66.73
2023-12-13,67.94
2023-12-14,66.94
2023-12-15,66.94
2023-12-18,67.64
2023-12-19,67.77
2023-12-20,66.46
2023-12-21,66.92
2023-12-22,67.43
2023-12-26,67.72
2023-12-27,68.03
2023-12-28,68.06
2023-12-29,68.2
2024-01-02,68.97
2024-01-03,68.43
2024-01-04,68.33
2024-01-05,68.18
2024-01-08,68.68
2024-01-09,68.86
2024-01-10,68.72
2024-01-11,68.71
2024-01-12,68.93
2024-01-16,68.55
2024-01-17,68.5
2024-01-18,68.42
2024-01-19,68.22
2024-01-22,67.89
2024-01-23,68.62
2024-01-24,67.78
2024-01-25,68.43
2024-01-26,68.77
2024-01-29,69.16
2024-01-30,69.55
2024-01-31,69.04
2024-02-01,70.45
2024-02-02,70.22
2024-02-05,69.79
2024-02-06,69.95
2024-02-07,69.88
2024-02-08,69.86
2024-02-09,69.22
2024-02-12,69.71
2024-02-13,68.97
2024-02-14,68.83
2024-02-15,69.28
2024-02-16,69.38
2024-02-20,70.11
2024-02-21,70.37
2024-02-22,70.58
2024-02-23,70.8
2024-02-26,70.52
2024-02-27,70.53
2024-02-28,70.6
2024-02-29,70.49
2024-03-01,70.5
2024-03-04,70.56
2024-03-05,70.73
2024-03-06,71.32
2024-03-07,71.73
2024-03-08,71.16
2024-03-11,71.55
2024-03-12,71.92
2024-03-13,72.1
2024-03-14,71.54
2024-03-15,71.51
2024-03-18,71.97
2024-03-19,72.24
2024-03-20,72.46
2024-03-21,72.5
2024-03-22,72.14
2024-03-25,71.94
2024-03-26,71.98
2024-03-27,72.73
2024-03-28,72.83
2024-04-01,72.25
2024-04-02,71.88
2024-04-03,71.08
2024-04-04,70.78
2024-04-05,70.89
2024-04-08,70.79
2024-04-09,71.13
2024-04-10,70.87
2024-04-11,70.7
2024-04-12,69.99
2024-04-15,69.7
2024-04-16,69.73
2024-04-17,69.99
2024-04-18,70.31
2024-04-19,71.0
2024-04-22,71.68
2024-04-23,71.88
2024-04-24,72.42
2024-04-25,72.25
2024-04-26,72.1
2024-04-29,72.32
2024-04-30,72.01
2024-05-01,71.55
2024-05-02,72.15
2024-05-03,72.37
2024-05-06,72.41
2024-05-07,73.2
2024-05-08,72.98
2024-05-09,73.61
2024-05-10,74.03
2024-05-13,73.82
2024-05-14,73.68
2024-05-15,73.73
2024-05-16,74.78
2024-05-17,74.59
2024-05-20,74.08
2024-05-21,74.52
2024-05-22,74.22
2024-05-23,73.35
2024-05-24,73.54
2024-05-28,72.96
2024-05-29,72.44
2024-05-30,72.63
2024-05-31,73.76
2024-06-03,73.74
2024-06-04,74.38
2024-06-05,74.21
2024-06-06,74.44
2024-06-07,74.07
2024-06-10,74.01
2024-06-11,73.97
2024-06-12,73.16
2024-06-13,73.26
2024-06-14,73.39
2024-06-17,74.09
2024-06-18,74.18
2024-06-20,74.02
2024-06-21,74.08
2024-06-24,74.87
2024-06-25,74.39
2024-06-26,74.24
2024-06-27,73.92
2024-06-28,73.59
2024-07-01,73.07
2024-07-02,73.58
2024-07-03,73.46
2024-07-05,74.36
2024-07-08,74.24
2024-07-09,74.05
2024-07-10,74.38
2024-07-11,74.1
2024-07-12,74.43
2024-07-15,73.99
2024-07-16,74.71
2024-07-17,75.67
2024-07-18,75.29
2024-07-19,75.04
2024-07-22,75.09
2024-07-23,74.82
2024-07-24,74.75
2024-07-25,74.67
2024-07-26,75.43
2024-07-29,75.46
2024-07-30,74.95
2024-07-31,74.81
2024-08-01,75.5
2024-08-02,76.17
2024-08-05,74.67
2024-08-06,75.19
2024-08-07,75.26
2024-08-08,75.95
2024-08-09,76.06
2024-08-12,75.68
2024-08-13,76.02
2024-08-14,76.37
2024-08-15,77.16
2024-08-16,77.37
2024-08-19,77.63
2024-08-20,78.01
2024-08-21,78.54
2024-08-22,78.43
2024-08-23,78.65
2024-08-26,79.2
2024-08-27,79.4
2024-08-28,79.06
2024-08-29,78.67
2024-08-30,79.29
2024-09-03,79.85
2024-09-04,80.22
2024-09-05,79.91
2024-09-06,79.75
2024-09-09,80.37
2024-09-10,80.35
2024-09-11,79.6
2024-09-12,80.09
2024-09-13,80.65
2024-09-16,80.97
2024-09-17,80.2
2024-09-18,79.9
2024-09-19,79.42
2024-09-20,79.81
2024-09-23,80.27
2024-09-24,80.08
2024-09-25,79.88
2024-09-26,80.06
2024-09-27,80.2
2024-09-30,80.18
2024-10-01,79.91
2024-10-02,79.24
2024-10-03,78.45
2024-10-04,78.71
2024-10-07,77.92
2024-10-08,78.31
2024-10-09,78.78
2024-10-10,78.44
2024-10-11,78.87
2024-10-14,79.19
2024-10-15,79.69
2024-10-16,79.63
2024-10-17,79.28
2024-10-18,79.45
2024-10-21,78.78
2024-10-22,79.23
2024-10-23,79.07
2024-10-24,78.97
2024-10-25,78.31
2024-10-28,78.46
2024-10-29,77.68
2024-10-30,77.56
2024-10-31,77.4
2024-11-01,77.43
2024-11-04,77.64
2024-11-05,78.14
2024-11-06,76.86
2024-11-07,77.14
2024-11-08,78.08
2024-11-11,77.81
2024-11-12,77.9
2024-11-13,78.13
2024-11-14,77.93
2024-11-15,77.25
2024-11-18,77.79
2024-11-19,77.9
2024-11-20,77.5
2024-11-21,78.34
2024-11-22,79.06
2024-11-25,79.5
2024-11-26,79.83
2024-11-27,79.99
2024-11-29,80.4
2024-12-02,80.3
2024-12-03,79.89
2024-12-04,79.66
2024-12-05,79.98
2024-12-06,79.59
2024-12-09,79.46
2024-12-10,79.84
2024-12-11,79.23
2024-12-12,79.46
2024-12-13,79.26
2024-12-16,78.84
2024-12-17,78.71
2024-12-18,77.51
2024-12-19,76.96
2024-12-20,77.23
2024-12-23,76.82
2024-12-24,77.33
2024-12-26,77.57
2024-12-27,77.19
2024-12-30,76.29
2024-12-31,76.52
2025-01-02,76.29
2025-01-03,76.25
2025-01-06,75.45
2025-01-07,75.19
2025-01-08,75.32
2025-01-10,74.31
2025-01-13,74.44
2025-01-14,74.46
2025-01-15,74.2
2025-01-16,74.76
2025-01-17,75.19
2025-01-21,75.54
2025-01-22,75.17
2025-01-23,75.44
2025-01-24,75.83
2025-01-27,77.88
2025-01-28,76.67
2025-01-29,76.85
2025-01-30,77.61
2025-01-31,76.88
2025-02-03,77.18
2025-02-04,76.53
2025-02-05,77.01
2025-02-06,77.36
2025-02-07,77.24
2025-02-10,77.72
2025-02-11,78.47
2025-02-12,78.41
2025-02-13,79.26
2025-02-14,78.47
2025-02-18,78.75
2025-02-19,79.38
2025-02-20,79.07
2025-02-21,79.99
2025-02-24,80.24
2025-02-25,81.38
2025-02-26,79.82
2025-02-27,79.81
2025-02-28,80.87
2025-03-03,81.3
2025-03-04,79.92
2025-03-05,80.25
2025-03-06,80.39
2025-03-07,80.66
2025-03-10,80.48
2025-03-11,79.3
2025-03-12,77.58
2025-03-13,77.22
2025-03-14,77.4
2025-03-17,78.53
2025-03-18,77.63
2025-03-19,77.63
2025-03-20,77.25
2025-03-21,77.22
2025-03-24,77.7
2025-03-25,76.99
2025-03-26,78.19
2025-03-27,79.08
2025-03-28,78.69
2025-03-31,79.92
2025-04-01,80.04
2025-04-02,79.8
2025-04-03,80.26
2025-04-04,76.78
2025-04-07,75.89
2025-04-08,74.71
2025-04-09,77.61
2025-04-10,77.65
2025-04-11,78.63
2025-04-14,79.97
2025-04-15,79.29
2025-04-16,78.44
2025-04-17,80.12
2025-04-21,79.35
2025-04-22,80.48
2025-04-23,80.02
2025-04-24,79.31
2025-04-25,79.11
2025-04-28,78.84
2025-04-29,79.5
2025-04-30,80.08
2025-05-01,79.38
2025-05-02,79.81
2025-05-05,79.74
2025-05-06,79.61
2025-05-07,79.73
2025-05-08,79.64
2025-05-09,79.18
2025-05-12,79.29
2025-05-13,78.23
2025-05-14,77.81
2025-05-15,79.4
2025-05-16,80.31
2025-05-19,80.55
2025-05-20,80.83
2025-05-21,79.89
2025-05-22,79.56
2025-05-23,79.85
2025-05-27,80.58
2025-05-28,80.03
2025-05-29,80.35
2025-05-30,81.05
2025-06-02,81.1
2025-06-03,81.03
2025-06-04,80.46
2025-06-05,79.68
2025-06-06,79.94
2025-06-09,79.83
2025-06-10,80.01
2025-06-11,79.73
2025-06-12,80.2
2025-06-13,79.22
2025-06-16,79.48
2025-06-17,78.8
2025-06-18,78.71
2025-06-20,79.28
2025-06-23,80.2
2025-06-24,80.13
2025-06-25,79.06
2025-06-26,78.99
2025-06-27,79.36
2025-06-30,79.78
2025-07-01,80.77
2025-07-02,81.01
2025-07-03,80.97
2025-07-07,80.9
2025-07-08,80.15
2025-07-09,79.63
2025-07-10,79.92
2025-07-11,79.62
2025-07-14,79.69
2025-07-15,78.89
2025-07-16,79.17
2025-07-17,79.92
2025-07-18,79.7
2025-07-21,79.69
2025-07-22,80.42
2025-07-23,80.45
2025-07-24,80.16
2025-07-25,80.3
2025-07-28,79.47
2025-07-29,79.99
2025-07-30,79.29
2025-07-31,78.61
2025-08-01,78.98
2025-08-04,79.36
2025-08-05,79.29
2025-08-06,80.42
2025-08-07,81.03
2025-08-08,81.27
2025-08-11,81.2
2025-08-12,81.41
2025-08-13,81.41
2025-08-14,80.68
2025-08-15,80.81
2025-08-18,80.7
2025-08-19,81.53
2025-08-20,82.0
2025-08-21,81.26
2025-08-22,81.26
2025-08-25,79.87
2025-08-26,79.34
2025-08-27,79.58
2025-08-28,79.08
2025-08-29,79.59
2025-09-02,79.46
2025-09-03,79.4
2025-09-04,79.45
2025-09-05,79.68
2025-09-08,79.38
2025-09-09,79.54
2025-09-10,78.76
2025-09-11,79.4
2025-09-12,79.14
2025-09-15,78.23
2025-09-16,78.59
2025-09-17,79.06
2025-09-18,78.37
2025-09-19,78.21
2025-09-22,77.34
2025-09-23,77.73
2025-09-24,77.9
2025-09-25,77.15
2025-09-26,77.34
2025-09-29,77.49
2025-09-30,77.75
2025-10-01,77.63
2025-10-02,77.32
2025-10-03,77.41
2025-10-06,76.84
2025-10-07,77.56
2025-10-08,77.17
2025-10-09,77.42
2025-10-10,77.48
2025-10-13,77.22
2025-10-14,78.46
2025-10-15,78.6
2025-10-16,78.05
2025-10-17,79.1
2025-10-20,79.03
2025-10-21,78.66
2025-10-22,79.11
2025-10-23,78.72
2025-10-24,78.46
2025-10-27,78.59
2025-10-28,77.81
2025-10-29,75.97
2025-10-30,75.89
2025-10-31,75.67
2025-11-03,75.08
2025-11-04,75.39
2025-11-05,75.34
2025-11-06,75.0
2025-11-07,76.1
2025-11-10,75.82
2025-11-11,76.81
2025-11-12,76.7
2025-11-13,76.7
2025-11-14,76.65
2025-11-17,76.16
2025-11-18,76.49
2025-11-19,75.9
2025-11-20,76.45
2025-11-21,77.28
2025-11-24,76.39
2025-11-25,77.44
2025-11-26,78.28
2025-11-28,78.74
2025-12-01,78.66
2025-12-02,78.14
2025-12-03,78.2
2025-12-04,77.83
2025-12-05,77.84
2025-12-08,77.19
2025-12-09,77.37
2025-12-10,77.6
2025-12-11,78.17
2025-12-12,78.79
2025-12-15,79.01
2025-12-16,78.65
2025-12-17,79.02
2025-12-18,78.56
2025-12-19,78.15
2025-12-22,77.88
2025-12-23,77.51
2025-12-24,78.12
2025-12-26,78.23
2025-12-29,78.28
2025-12-30,78.15
2025-12-31,77.68
2026-01-02,77.69
2026-01-05,77.35
2026-01-06,77.47
2026-01-07,76.62
2026-01-08,78.44
2026-01-09,79.25
2026-01-12,80.18
2026-01-13,81.11
2026-01-14,82.23
2026-01-15,82.37
2026-01-16,82.11
2026-01-20,82.36
2026-01-21,82.44
2026-01-22,82.27
2026-01-23,82.91
2026-01-26,82.78
2026-01-27,83.16
2026-01-28,82.32
2026-01-29,82.13
2026-01-30,83.51
2026-02-02,84.5
2026-02-03,85.87
2026-02-04,86.99
2026-02-05,86.92
2026-02-06,87.94
2026-02-09,87.43
2026-02-10,87.15
2026-02-11,88.4
2026-02-12,89.21
2026-02-13,89.51
2026-02-17,88.2
2026-02-18,88.04
2026-02-19,87.67
2026-02-20,87.89
2026-02-23,88.97
2026-02-24,89.74
2026-02-25,89.01
2026-02-26,88.86
2026-02-27,90.01
2026-03-02,88.71
2026-03-03,87.74
2026-03-04,87.16
2026-03-05,85.41
2026-03-06,85.78
2026-03-09,85.97
2026-03-10,85.72
2026-03-11,84.59
2026-03-12,84.25
2026-03-13,84.74
2026-03-16,84.98
2026-03-17,84.7
2026-03-18,82.64
2026-03-19,81.97
2026-03-20,81.29
2026-03-23,81.18
2026-03-24,81.11
2026-03-25,81.51
2026-03-26,81.14
2026-03-27,81.78
2026-03-30,81.88
2026-03-31,81.98
2026-04-01,81.46
2026-04-02,81.89
2026-04-06,82.66
2026-04-07,81.26
2026-04-08,82.78
2026-04-09,83.45
2026-04-10,82.37
2026-04-13,81.55
2026-04-14,81.47
2026-04-15,81.06
2026-04-16,81.43
2026-04-17,82.46
2026-04-20,82.39
2026-04-21,81.84
2026-04-22,82.11
2026-04-23,83.48
2026-04-24,83.23
2026-04-27,82.34
2026-04-28,83.08
2026-04-29,82.92
2026-04-30,84.31
2026-05-01,84.17
2026-05-04,83.54
2026-05-05,84.06
2026-05-06,84.24
2026-05-07,83.98
2026-05-08,84.18
2026-05-11,83.37
2026-05-12,84.44
2026-05-13,84.72
2026-05-14,84.98
2026-05-15,84.64
2026-05-18,85.9
