date,price
2000-01-03,11.17
2000-01-04,10.84
2000-01-05,10.7
2000-01-06,10.83
2000-01-07,11.34
2000-01-10,11.28
2000-01-11,11.21
2000-01-12,11.15
2000-01-13,11.21
2000-01-14,11.18
2000-01-18,11.12
2000-01-19,11.09
2000-01-20,10.94
2000-01-21,10.72
2000-01-24,10.32
2000-01-25,10.38
2000-01-26,10.45
2000-01-27,10.43
2000-01-28,10.01
2000-01-31,10.09
2000-02-01,10.45
2000-02-02,10.39
2000-02-03,10.43
2000-02-04,10.41
2000-02-07,10.19
2000-02-08,10.42
2000-02-09,10.25
2000-02-10,10.15
2000-02-11,10.01
2000-02-14,10.06
2000-02-15,10.08
2000-02-16,9.69
2000-02-17,9.41
2000-02-18,9.27
2000-02-22,9.3
2000-02-23,9.27
2000-02-24,8.97
2000-02-25,9.01
2000-02-28,9.33
2000-02-29,9.53
2000-03-01,9.42
2000-03-02,9.41
2000-03-03,9.58
2000-03-06,9.35
2000-03-07,9.09
2000-03-08,9.2
2000-03-09,9.39
2000-03-10,9.26
2000-03-13,9.19
2000-03-14,9.2
2000-03-15,9.76
2000-03-16,10.48
2000-03-17,10.5
2000-03-20,10.41
2000-03-21,10.52
2000-03-22,10.48
2000-03-23,10.5
2000-03-24,10.54
2000-03-27,10.51
2000-03-28,10.54
2000-03-29,10.75
2000-03-30,10.99
2000-03-31,10.88
2000-04-03,11.2
2000-04-04,11.06
2000-04-05,11.08
2000-04-06,11.2
2000-04-07,11.2
2000-04-10,11.46
2000-04-11,11.54
2000-04-12,11.51
2000-04-13,11.3
2000-04-14,10.41
2000-04-17,10.42
2000-04-18,10.64
2000-04-19,10.72
2000-04-20,10.86
2000-04-24,10.97
2000-04-25,11.17
2000-04-26,11.16
2000-04-27,10.93
2000-04-28,10.65
2000-05-01,10.97
2000-05-02,10.9
2000-05-03,10.38
2000-05-04,10.21
2000-05-05,10.34
2000-05-08,10.31
2000-05-09,10.42
2000-05-10,10.42
2000-05-11,10.51
2000-05-12,10.66
2000-05-15,10.7
2000-05-16,10.78
2000-05-17,10.52
2000-05-18,10.73
2000-05-19,10.46
2000-05-22,10.3
2000-05-23,10.25
2000-05-24,10.07
2000-05-25,9.98
2000-05-26,9.77
2000-05-30,9.84
2000-05-31,10.07
2000-06-01,10.15
2000-06-02,10.43
2000-06-05,10.37
2000-06-06,10.04
2000-06-07,10.04
2000-06-08,9.94
2000-06-09,9.78
2000-06-12,9.53
2000-06-13,9.72
2000-06-14,9.76
2000-06-15,9.73
2000-06-16,9.62
2000-06-19,9.61
2000-06-20,9.4
2000-06-21,9.34
2000-06-22,9.3
2000-06-23,9.35
2000-06-26,9.35
2000-06-27,9.62
2000-06-28,9.59
2000-06-29,9.42
2000-06-30,9.53
2000-07-03,9.66
2000-07-05,9.77
2000-07-06,9.84
2000-07-07,10.32
2000-07-10,10.47
2000-07-11,10.55
2000-07-12,10.58
2000-07-13,10.38
2000-07-14,10.51
2000-07-17,10.45
2000-07-18,10.47
2000-07-19,10.34
2000-07-20,10.31
2000-07-21,10.29
2000-07-24,10.12
2000-07-25,10.15
2000-07-26,10.11
2000-07-27,10.19
2000-07-28,9.88
2000-07-31,9.68
2000-08-01,9.82
2000-08-02,9.82
2000-08-03,9.77
2000-08-04,9.73
2000-08-07,9.99
2000-08-08,10.29
2000-08-09,10.11
2000-08-10,9.82
2000-08-11,9.96
2000-08-14,10.09
2000-08-15,9.8
2000-08-16,9.61
2000-08-17,9.61
2000-08-18,9.74
2000-08-21,9.51
2000-08-22,9.69
2000-08-23,9.63
2000-08-24,9.63
2000-08-25,9.72
2000-08-28,9.56
2000-08-29,9.52
2000-08-30,9.41
2000-08-31,9.28
2000-09-01,9.47
2000-09-05,9.56
2000-09-06,9.7
2000-09-07,9.62
2000-09-08,9.8
2000-09-11,9.98
2000-09-12,9.98
2000-09-13,9.98
2000-09-14,9.93
2000-09-15,9.84
2000-09-18,9.64
2000-09-19,9.48
2000-09-20,9.29
2000-09-21,9.63
2000-09-22,9.57
2000-09-25,9.42
2000-09-26,9.21
2000-09-27,9.3
2000-09-28,9.45
2000-09-29,9.29
2000-10-02,9.14
2000-10-03,9.21
2000-10-04,9.38
2000-10-05,9.26
2000-10-06,8.96
2000-10-09,9.02
2000-10-10,9.03
2000-10-11,8.77
2000-10-12,8.16
2000-10-13,8.33
2000-10-16,8.47
2000-10-17,8.24
2000-10-18,8.4
2000-10-19,8.74
2000-10-20,8.58
2000-10-23,8.64
2000-10-24,8.64
2000-10-25,8.52
2000-10-26,8.49
2000-10-27,8.57
2000-10-30,8.78
2000-10-31,9.17
2000-11-01,9.25
2000-11-02,9.33
2000-11-03,9.2
2000-11-06,9.32
2000-11-07,9.23
2000-11-08,9.33
2000-11-09,8.97
2000-11-10,8.56
2000-11-13,8.79
2000-11-14,9.06
2000-11-15,9.14
2000-11-16,9.05
2000-11-17,9.04
2000-11-20,8.82
2000-11-21,8.75
2000-11-22,8.65
2000-11-24,8.71
2000-11-27,9.03
2000-11-28,8.99
2000-11-29,9.12
2000-11-30,8.95
2000-12-01,8.96
2000-12-04,9.3
2000-12-05,9.52
2000-12-06,9.46
2000-12-07,9.33
2000-12-08,9.43
2000-12-11,9.31
2000-12-12,9.33
2000-12-13,9.14
2000-12-14,9.12
2000-12-15,8.88
2000-12-18,9.07
2000-12-19,8.85
2000-12-20,8.75
2000-12-21,9.02
2000-12-22,9.17
2000-12-26,8.99
2000-12-27,9.43
2000-12-28,9.54
2000-12-29,9.58
2001-01-02,9.56
2001-01-03,10.31
2001-01-04,10.46
2001-01-05,10.11
2001-01-08,9.98
2001-01-09,9.9
2001-01-10,9.96
2001-01-11,10.05
2001-01-12,10.04
2001-01-16,10.28
2001-01-17,10.14
2001-01-18,9.99
2001-01-19,9.59
2001-01-22,9.95
2001-01-23,10.07
2001-01-24,10.08
2001-01-25,10.24
2001-01-26,10.13
2001-01-29,10.33
2001-01-30,10.36
2001-01-31,10.69
2001-02-01,10.68
2001-02-02,10.47
2001-02-05,10.41
2001-02-06,10.43
2001-02-07,10.45
2001-02-08,10.14
2001-02-09,10.01
2001-02-12,10.29
2001-02-13,10.43
2001-02-14,10.33
2001-02-15,10.32
2001-02-16,10.19
2001-02-20,10.33
2001-02-21,9.88
2001-02-22,9.73
2001-02-23,9.89
2001-02-26,10.19
2001-02-27,10.14
2001-02-28,9.93
2001-03-01,9.77
2001-03-02,9.84
2001-03-05,9.74
2001-03-06,9.98
2001-03-07,10.23
2001-03-08,10.4
2001-03-09,10.29
2001-03-12,9.91
2001-03-13,9.86
2001-03-14,9.65
2001-03-15,9.76
2001-03-16,9.56
2001-03-19,9.67
2001-03-20,9.7
2001-03-21,9.64
2001-03-22,9.34
2001-03-23,9.44
2001-03-26,9.61
2001-03-27,9.82
2001-03-28,9.66
2001-03-29,9.75
2001-03-30,9.78
2001-04-02,9.79
2001-04-03,9.46
2001-04-04,9.56
2001-04-05,9.77
2001-04-06,9.74
2001-04-09,9.65
2001-04-10,9.75
2001-04-11,9.64
2001-04-12,9.48
2001-04-16,9.52
2001-04-17,9.65
2001-04-18,10.24
2001-04-19,10.27
2001-04-20,10.17
2001-04-23,10.1
2001-04-24,9.92
2001-04-25,9.93
2001-04-26,10.18
2001-04-27,10.42
2001-04-30,10.24
2001-05-01,10.35
2001-05-02,10.43
2001-05-03,10.31
2001-05-04,10.41
2001-05-07,10.33
2001-05-08,10.32
2001-05-09,10.16
2001-05-10,10.45
2001-05-11,10.5
2001-05-14,10.47
2001-05-15,10.44
2001-05-16,10.56
2001-05-17,10.72
2001-05-18,10.72
2001-05-21,10.84
2001-05-22,10.87
2001-05-23,10.68
2001-05-24,10.64
2001-05-25,10.59
2001-05-29,10.51
2001-05-30,10.32
2001-05-31,10.48
2001-06-01,10.44
2001-06-04,10.41
2001-06-05,10.53
2001-06-06,10.42
2001-06-07,10.5
2001-06-08,10.54
2001-06-11,10.38
2001-06-12,10.46
2001-06-13,10.35
2001-06-14,10.24
2001-06-15,10.14
2001-06-18,10.25
2001-06-19,10.28
2001-06-20,10.43
2001-06-21,10.62
2001-06-22,10.51
2001-06-25,10.38
2001-06-26,10.24
2001-06-27,10.19
2001-06-28,10.35
2001-06-29,10.4
2001-07-02,10.5
2001-07-03,10.48
2001-07-05,10.27
2001-07-06,10.02
2001-07-09,10.09
2001-07-10,10.05
2001-07-11,10.16
2001-07-12,10.6
2001-07-13,10.77
2001-07-16,10.8
2001-07-17,10.86
2001-07-18,10.87
2001-07-19,10.94
2001-07-20,10.95
2001-07-23,10.75
2001-07-24,10.6
2001-07-25,10.8
2001-07-26,10.81
2001-07-27,10.78
2001-07-30,10.86
2001-07-31,10.86
2001-08-01,10.85
2001-08-02,10.92
2001-08-03,10.84
2001-08-06,10.65
2001-08-07,10.77
2001-08-08,10.63
2001-08-09,10.6
2001-08-10,10.59
2001-08-13,10.47
2001-08-14,10.5
2001-08-15,10.41
2001-08-16,10.49
2001-08-17,10.21
2001-08-20,10.34
2001-08-21,10.09
2001-08-22,10.11
2001-08-23,10.06
2001-08-24,10.25
2001-08-27,10.24
2001-08-28,10.15
2001-08-29,9.97
2001-08-30,9.76
2001-08-31,9.91
2001-09-04,9.96
2001-09-05,9.97
2001-09-06,9.6
2001-09-07,9.26
2001-09-10,9.18
2001-09-17,8.32
2001-09-18,8.37
2001-09-19,8.18
2001-09-20,7.9
2001-09-21,7.93
2001-09-24,8.37
2001-09-25,8.39
2001-09-26,8.42
2001-09-27,8.44
2001-09-28,8.66
2001-10-01,8.65
2001-10-02,8.89
2001-10-03,9.2
2001-10-04,9.01
2001-10-05,9.08
2001-10-08,8.9
2001-10-09,8.91
2001-10-10,9.28
2001-10-11,9.57
2001-10-12,9.37
2001-10-15,9.34
2001-10-16,9.43
2001-10-17,9.2
2001-10-18,9.2
2001-10-19,9.07
2001-10-22,9.27
2001-10-23,9.29
2001-10-24,9.25
2001-10-25,9.34
2001-10-26,9.44
2001-10-29,9.11
2001-10-30,8.94
2001-10-31,9.11
2001-11-01,9.28
2001-11-02,9.42
2001-11-05,9.64
2001-11-06,9.76
2001-11-07,9.69
2001-11-08,9.78
2001-11-09,9.72
2001-11-12,9.76
2001-11-13,10.01
2001-11-14,10.23
2001-11-15,10.23
2001-11-16,10.12
2001-11-19,10.46
2001-11-20,10.33
2001-11-21,10.23
2001-11-23,10.35
2001-11-26,10.43
2001-11-27,10.24
2001-11-28,10.18
2001-11-29,10.25
2001-11-30,10.33
2001-12-03,10.18
2001-12-04,10.4
2001-12-05,10.71
2001-12-06,10.59
2001-12-07,10.59
2001-12-10,10.46
2001-12-11,10.38
2001-12-12,10.4
2001-12-13,10.29
2001-12-14,10.37
2001-12-17,10.48
2001-12-18,10.59
2001-12-19,10.64
2001-12-20,10.58
2001-12-21,10.73
2001-12-24,10.77
2001-12-26,10.87
2001-12-27,10.88
2001-12-28,10.96
2001-12-31,10.8
2002-01-02,10.83
2002-01-03,10.8
2002-01-04,10.97
2002-01-07,10.91
2002-01-08,10.95
2002-01-09,10.8
2002-01-10,10.87
2002-01-11,10.67
2002-01-14,10.59
2002-01-15,10.66
2002-01-16,10.48
2002-01-17,10.6
2002-01-18,10.57
2002-01-22,10.64
2002-01-23,10.87
2002-01-24,10.87
2002-01-25,10.76
2002-01-28,10.94
2002-01-29,10.71
2002-01-30,10.98
2002-01-31,11.15
2002-02-01,11.04
2002-02-04,10.85
2002-02-05,10.84
2002-02-06,10.75
2002-02-07,10.63
2002-02-08,10.72
2002-02-11,11.04
2002-02-12,10.95
2002-02-13,11.11
2002-02-14,11.15
2002-02-15,11.02
2002-02-19,10.89
2002-02-20,11.11
2002-02-21,11.0
2002-02-22,11.02
2002-02-25,11.2
2002-02-26,11.32
2002-02-27,11.31
2002-02-28,11.21
2002-03-01,11.32
2002-03-04,11.49
2002-03-05,11.15
2002-03-06,11.31
2002-03-07,11.39
2002-03-08,11.46
2002-03-11,11.4
2002-03-12,11.43
2002-03-13,11.4
2002-03-14,11.4
2002-03-15,11.55
2002-03-18,11.55
2002-03-19,11.6
2002-03-20,11.55
2002-03-21,11.41
2002-03-22,11.36
2002-03-25,11.15
2002-03-26,11.3
2002-03-27,11.38
2002-03-28,11.35
2002-04-01,11.14
2002-04-02,10.94
2002-04-03,10.86
2002-04-04,11.01
2002-04-05,11.07
2002-04-08,11.24
2002-04-09,11.32
2002-04-10,11.45
2002-04-11,11.28
2002-04-12,11.51
2002-04-15,11.34
2002-04-16,11.5
2002-04-17,11.38
2002-04-18,11.31
2002-04-19,11.36
2002-04-22,11.25
2002-04-23,11.27
2002-04-24,11.17
2002-04-25,11.2
2002-04-26,11.13
2002-04-29,11.01
2002-04-30,11.04
2002-05-01,11.1
2002-05-02,11.2
2002-05-03,11.05
2002-05-06,10.85
2002-05-07,11.01
2002-05-08,11.17
2002-05-09,11.0
2002-05-10,10.82
2002-05-13,10.93
2002-05-14,11.32
2002-05-15,11.26
2002-05-16,11.34
2002-05-17,11.43
2002-05-20,11.4
2002-05-21,11.11
2002-05-22,11.06
2002-05-23,11.17
2002-05-24,11.08
2002-05-28,10.91
2002-05-29,10.89
2002-05-30,10.79
2002-05-31,10.98
2002-06-03,10.69
2002-06-04,10.63
2002-06-05,10.85
2002-06-06,10.68
2002-06-07,10.69
2002-06-10,10.87
2002-06-11,10.81
2002-06-12,10.9
2002-06-13,10.65
2002-06-14,10.58
2002-06-17,10.86
2002-06-18,10.83
2002-06-19,10.78
2002-06-20,10.62
2002-06-21,10.46
2002-06-24,10.57
2002-06-25,10.39
2002-06-26,10.3
2002-06-27,10.36
2002-06-28,10.4
2002-07-01,10.09
2002-07-02,9.95
2002-07-03,10.08
2002-07-05,10.47
2002-07-08,10.33
2002-07-09,10.09
2002-07-10,9.77
2002-07-11,9.76
2002-07-12,9.63
2002-07-15,9.49
2002-07-16,9.23
2002-07-17,9.18
2002-07-18,9.03
2002-07-19,8.59
2002-07-22,8.45
2002-07-23,8.31
2002-07-24,8.8
2002-07-25,8.66
2002-07-26,8.76
2002-07-29,9.24
2002-07-30,9.21
2002-07-31,9.16
2002-08-01,8.88
2002-08-02,8.49
2002-08-05,8.29
2002-08-06,8.53
2002-08-07,8.66
2002-08-08,8.77
2002-08-09,8.8
2002-08-12,8.68
2002-08-13,8.58
2002-08-14,9.05
2002-08-15,9.42
2002-08-16,9.41
2002-08-19,9.63
2002-08-20,9.56
2002-08-21,9.72
2002-08-22,9.87
2002-08-23,9.6
2002-08-26,9.65
2002-08-27,9.45
2002-08-28,9.35
2002-08-29,9.43
2002-08-30,9.44
2002-09-03,9.1
2002-09-04,9.27
2002-09-05,9.1
2002-09-06,9.38
2002-09-09,9.51
2002-09-10,9.63
2002-09-11,9.63
2002-09-12,9.39
2002-09-13,9.49
2002-09-16,9.51
2002-09-17,9.41
2002-09-18,9.42
2002-09-19,9.09
2002-09-20,9.22
2002-09-23,8.94
2002-09-24,8.8
2002-09-25,8.97
2002-09-26,9.19
2002-09-27,8.92
2002-09-30,8.59
2002-10-01,8.83
2002-10-02,8.64
2002-10-03,8.59
2002-10-04,8.48
2002-10-07,8.16
2002-10-08,8.4
2002-10-09,8.09
2002-10-10,8.24
2002-10-11,8.64
2002-10-14,8.7
2002-10-15,9.14
2002-10-16,8.97
2002-10-17,9.07
2002-10-18,9.2
2002-10-21,9.4
2002-10-22,9.35
2002-10-23,9.46
2002-10-24,9.34
2002-10-25,9.53
2002-10-28,9.38
2002-10-29,9.36
2002-10-30,9.2
2002-10-31,9.17
2002-11-01,9.31
2002-11-04,9.27
2002-11-05,9.39
2002-11-06,9.5
2002-11-07,9.27
2002-11-08,9.15
2002-11-11,9.0
2002-11-12,9.14
2002-11-13,9.16
2002-11-14,9.42
2002-11-15,9.5
2002-11-18,9.34
2002-11-19,9.15
2002-11-20,9.24
2002-11-21,9.48
2002-11-22,9.5
2002-11-25,9.57
2002-11-26,9.3
2002-11-27,9.69
2002-11-29,9.6
2002-12-02,9.67
2002-12-03,9.36
2002-12-04,9.36
2002-12-05,9.3
2002-12-06,9.29
2002-12-09,8.99
2002-12-10,9.15
2002-12-11,9.14
2002-12-12,9.08
2002-12-13,8.92
2002-12-16,9.14
2002-12-17,9.0
2002-12-18,8.89
2002-12-19,8.81
2002-12-20,8.92
2002-12-23,8.8
2002-12-24,8.75
2002-12-26,8.85
2002-12-27,8.64
2002-12-30,8.73
2002-12-31,8.78
2003-01-02,9.11
2003-01-03,8.9
2003-01-06,9.07
2003-01-07,9.02
2003-01-08,8.93
2003-01-09,9.18
2003-01-10,9.2
2003-01-13,9.25
2003-01-14,9.26
2003-01-15,9.15
2003-01-16,9.12
2003-01-17,9.02
2003-01-21,8.77
2003-01-22,8.64
2003-01-23,8.85
2003-01-24,8.6
2003-01-27,8.46
2003-01-28,8.59
2003-01-29,8.66
2003-01-30,8.42
2003-01-31,8.49
2003-02-03,8.52
2003-02-04,8.34
2003-02-05,8.32
2003-02-06,8.29
2003-02-07,8.23
2003-02-10,8.23
2003-02-11,8.26
2003-02-12,8.19
2003-02-13,8.09
2003-02-14,8.26
2003-02-18,8.49
2003-02-19,8.38
2003-02-20,8.3
2003-02-21,8.42
2003-02-24,8.19
2003-02-25,8.35
2003-02-26,8.24
2003-02-27,8.35
2003-02-28,8.45
2003-03-03,8.32
2003-03-04,8.09
2003-03-05,8.19
2003-03-06,8.1
2003-03-07,8.22
2003-03-10,8.03
2003-03-11,7.96
2003-03-12,7.94
2003-03-13,8.36
2003-03-14,8.38
2003-03-17,8.78
2003-03-18,8.72
2003-03-19,8.89
2003-03-20,8.96
2003-03-21,9.24
2003-03-24,8.82
2003-03-25,8.95
2003-03-26,8.96
2003-03-27,8.92
2003-03-28,8.83
2003-03-31,8.65
2003-04-01,8.75
2003-04-02,8.98
2003-04-03,9.03
2003-04-04,9.09
2003-04-07,9.17
2003-04-08,9.18
2003-04-09,9.06
2003-04-10,9.16
2003-04-11,9.06
2003-04-14,9.3
2003-04-15,9.37
2003-04-16,9.24
2003-04-17,9.41
2003-04-21,9.41
2003-04-22,9.6
2003-04-23,9.7
2003-04-24,9.55
2003-04-25,9.41
2003-04-28,9.62
2003-04-29,9.7
2003-04-30,9.66
2003-05-01,9.57
2003-05-02,9.67
2003-05-05,9.63
2003-05-06,9.76
2003-05-07,9.75
2003-05-08,9.66
2003-05-09,9.77
2003-05-12,9.92
2003-05-13,9.91
2003-05-14,9.83
2003-05-15,9.85
2003-05-16,9.87
2003-05-19,9.57
2003-05-20,9.57
2003-05-21,9.62
2003-05-22,9.78
2003-05-23,9.75
2003-05-27,9.97
2003-05-28,9.97
2003-05-29,9.96
2003-05-30,10.18
2003-06-02,10.27
2003-06-03,10.26
2003-06-04,10.42
2003-06-05,10.47
2003-06-06,10.42
2003-06-09,10.27
2003-06-10,10.39
2003-06-11,10.5
2003-06-12,10.56
2003-06-13,10.45
2003-06-16,10.69
2003-06-17,10.69
2003-06-18,10.59
2003-06-19,10.42
2003-06-20,10.43
2003-06-23,10.3
2003-06-24,10.3
2003-06-25,10.24
2003-06-26,10.32
2003-06-27,10.26
2003-06-30,10.32
2003-07-01,10.3
2003-07-02,10.4
2003-07-03,10.38
2003-07-07,10.59
2003-07-08,10.74
2003-07-09,10.61
2003-07-10,10.47
2003-07-11,10.63
2003-07-14,10.69
2003-07-15,10.62
2003-07-16,10.59
2003-07-17,10.47
2003-07-18,10.54
2003-07-21,10.42
2003-07-22,10.49
2003-07-23,10.45
2003-07-24,10.44
2003-07-25,10.57
2003-07-28,10.63
2003-07-29,10.56
2003-07-30,10.49
2003-07-31,10.51
2003-08-01,10.5
2003-08-04,10.42
2003-08-05,10.25
2003-08-06,10.29
2003-08-07,10.37
2003-08-08,10.47
2003-08-11,10.52
2003-08-12,10.66
2003-08-13,10.62
2003-08-14,10.67
2003-08-15,10.75
2003-08-18,10.81
2003-08-19,10.82
2003-08-20,10.88
2003-08-21,10.97
2003-08-22,10.82
2003-08-25,10.78
2003-08-26,10.86
2003-08-27,10.87
2003-08-28,10.95
2003-08-29,11.05
2003-09-02,11.2
2003-09-03,11.2
2003-09-04,11.23
2003-09-05,11.12
2003-09-08,11.13
2003-09-09,10.91
2003-09-10,10.77
2003-09-11,10.86
2003-09-12,10.82
2003-09-15,10.86
2003-09-16,11.02
2003-09-17,11.02
2003-09-18,11.09
2003-09-19,11.02
2003-09-22,10.86
2003-09-23,10.95
2003-09-24,10.74
2003-09-25,10.7
2003-09-26,10.58
2003-09-29,10.57
2003-09-30,10.52
2003-10-01,10.81
2003-10-02,10.87
2003-10-03,10.99
2003-10-06,11.07
2003-10-07,11.12
2003-10-08,11.04
2003-10-09,11.18
2003-10-10,11.2
2003-10-13,11.32
2003-10-14,11.38
2003-10-15,11.33
2003-10-16,11.38
2003-10-17,11.22
2003-10-20,11.21
2003-10-21,11.24
2003-10-22,11.09
2003-10-23,11.09
2003-10-24,11.1
2003-10-27,11.22
2003-10-28,11.47
2003-10-29,11.45
2003-10-30,11.49
2003-10-31,11.48
2003-11-03,11.57
2003-11-04,11.5
2003-11-05,11.49
2003-11-06,11.57
2003-11-07,11.6
2003-11-10,11.47
2003-11-11,11.45
2003-11-12,11.56
2003-11-13,11.52
2003-11-14,11.39
2003-11-17,11.29
2003-11-18,11.15
2003-11-19,11.22
2003-11-20,11.21
2003-11-21,11.26
2003-11-24,11.48
2003-11-25,11.59
2003-11-26,11.59
2003-11-28,11.58
2003-12-01,11.7
2003-12-02,11.61
2003-12-03,11.56
2003-12-04,11.53
2003-12-05,11.42
2003-12-08,11.47
2003-12-09,11.41
2003-12-10,11.36
2003-12-11,11.53
2003-12-12,11.59
2003-12-15,11.54
2003-12-16,11.52
2003-12-17,11.62
2003-12-18,11.77
2003-12-19,11.81
2003-12-22,11.85
2003-12-23,11.88
2003-12-24,11.84
2003-12-26,11.89
2003-12-29,12.0
2003-12-30,11.96
2003-12-31,12.05
2004-01-02,11.95
2004-01-05,12.05
2004-01-06,12.09
2004-01-07,12.15
2004-01-08,12.11
2004-01-09,12.06
2004-01-12,12.03
2004-01-13,12.01
2004-01-14,12.11
2004-01-15,12.14
2004-01-16,12.14
2004-01-20,12.06
2004-01-21,12.21
2004-01-22,12.3
2004-01-23,12.26
2004-01-26,12.29
2004-01-27,12.2
2004-01-28,11.91
2004-01-29,11.99
2004-01-30,11.98
2004-02-02,11.95
2004-02-03,11.88
2004-02-04,11.86
2004-02-05,11.96
2004-02-06,12.08
2004-02-09,12.1
2004-02-10,12.2
2004-02-11,12.32
2004-02-12,12.26
2004-02-13,12.14
2004-02-17,12.3
2004-02-18,12.22
2004-02-19,12.24
2004-02-20,12.14
2004-02-23,12.06
2004-02-24,12.08
2004-02-25,12.14
2004-02-26,12.22
2004-02-27,12.24
2004-03-01,12.32
2004-03-02,12.28
2004-03-03,12.29
2004-03-04,12.34
2004-03-05,12.43
2004-03-08,12.26
2004-03-09,12.18
2004-03-10,12.03
2004-03-11,11.81
2004-03-12,11.99
2004-03-15,11.76
2004-03-16,11.86
2004-03-17,12.03
2004-03-18,12.0
2004-03-19,11.93
2004-03-22,11.75
2004-03-23,11.72
2004-03-24,11.78
2004-03-25,11.99
2004-03-26,11.98
2004-03-29,12.09
2004-03-30,12.18
2004-03-31,12.16
2004-04-01,12.22
2004-04-02,12.33
2004-04-05,12.46
2004-04-06,12.43
2004-04-07,12.34
2004-04-08,12.26
2004-04-12,12.36
2004-04-13,12.13
2004-04-14,12.11
2004-04-15,12.1
2004-04-16,12.22
2004-04-19,12.23
2004-04-20,12.15
2004-04-21,12.16
2004-04-22,12.41
2004-04-23,12.36
2004-04-26,12.26
2004-04-27,12.34
2004-04-28,12.2
2004-04-29,12.12
2004-04-30,12.03
2004-05-03,12.09
2004-05-04,12.06
2004-05-05,12.09
2004-05-06,11.91
2004-05-07,11.62
2004-05-10,11.48
2004-05-11,11.65
2004-05-12,11.69
2004-05-13,11.65
2004-05-14,11.65
2004-05-17,11.47
2004-05-18,11.65
2004-05-19,11.6
2004-05-20,11.62
2004-05-21,11.68
2004-05-24,11.8
2004-05-25,12.04
2004-05-26,12.05
2004-05-27,12.1
2004-05-28,12.1
2004-06-01,12.09
2004-06-02,12.14
2004-06-03,12.06
2004-06-04,12.11
2004-06-07,12.28
2004-06-08,12.32
2004-06-09,12.23
2004-06-10,12.28
2004-06-14,12.12
2004-06-15,12.19
2004-06-16,12.21
2004-06-17,12.24
2004-06-18,12.23
2004-06-21,12.19
2004-06-22,12.14
2004-06-23,12.23
2004-06-24,12.24
2004-06-25,12.23
2004-06-28,12.2
2004-06-29,12.11
2004-06-30,12.13
2004-07-01,12.06
2004-07-02,12.0
2004-07-06,11.92
2004-07-07,11.88
2004-07-08,11.72
2004-07-09,11.79
2004-07-12,11.82
2004-07-13,11.87
2004-07-14,11.82
2004-07-15,11.76
2004-07-16,11.63
2004-07-19,11.58
2004-07-20,11.71
2004-07-21,11.61
2004-07-22,11.63
2004-07-23,11.56
2004-07-26,11.46
2004-07-27,11.65
2004-07-28,11.6
2004-07-29,11.66
2004-07-30,11.67
2004-08-02,11.74
2004-08-03,11.62
2004-08-04,11.56
2004-08-05,11.36
2004-08-06,11.19
2004-08-09,11.18
2004-08-10,11.34
2004-08-11,11.26
2004-08-12,11.11
2004-08-13,11.14
2004-08-16,11.4
2004-08-17,11.55
2004-08-18,11.65
2004-08-19,11.59
2004-08-20,11.7
2004-08-23,11.64
2004-08-24,11.67
2004-08-25,11.75
2004-08-26,11.75
2004-08-27,11.75
2004-08-30,11.66
2004-08-31,11.65
2004-09-01,11.69
2004-09-02,11.87
2004-09-03,11.86
2004-09-07,11.94
2004-09-08,11.9
2004-09-09,11.84
2004-09-10,11.95
2004-09-13,11.99
2004-09-14,12.04
2004-09-15,11.97
2004-09-16,12.05
2004-09-17,12.07
2004-09-20,11.98
2004-09-21,12.07
2004-09-22,11.91
2004-09-23,11.95
2004-09-24,11.99
2004-09-27,11.9
2004-09-28,11.89
2004-09-29,11.94
2004-09-30,11.99
2004-10-01,12.14
2004-10-04,12.25
2004-10-05,12.24
2004-10-06,12.3
2004-10-07,12.21
2004-10-08,12.12
2004-10-11,12.16
2004-10-12,12.13
2004-10-13,12.09
2004-10-14,11.99
2004-10-15,12.08
2004-10-18,12.16
2004-10-19,12.08
2004-10-20,12.02
2004-10-21,12.13
2004-10-22,12.02
2004-10-25,12.01
2004-10-26,12.21
2004-10-27,12.42
2004-10-28,12.49
2004-10-29,12.47
2004-11-01,12.52
2004-11-02,12.57
2004-11-03,12.6
2004-11-04,12.87
2004-11-05,12.92
2004-11-08,12.93
2004-11-09,12.94
2004-11-10,12.94
2004-11-11,13.06
2004-11-12,13.14
2004-11-15,13.18
2004-11-16,13.06
2004-11-17,13.07
2004-11-18,13.13
2004-11-19,12.97
2004-11-22,13.05
2004-11-23,13.12
2004-11-24,13.21
2004-11-26,13.22
2004-11-29,13.14
2004-11-30,12.99
2004-12-01,13.2
2004-12-02,13.21
2004-12-03,13.17
2004-12-06,13.15
2004-12-07,13.05
2004-12-08,13.13
2004-12-09,13.23
2004-12-10,13.22
2004-12-13,13.26
2004-12-14,13.33
2004-12-15,13.39
2004-12-16,13.37
2004-12-17,13.31
2004-12-20,13.29
2004-12-21,13.37
2004-12-22,13.46
2004-12-23,13.43
2004-12-27,13.44
2004-12-28,13.6
2004-12-29,13.61
2004-12-30,13.65
2004-12-31,13.6
2005-01-03,13.51
2005-01-04,13.35
2005-01-05,13.3
2005-01-06,13.23
2005-01-07,13.23
2005-01-10,13.28
2005-01-11,13.2
2005-01-12,13.27
2005-01-13,13.18
2005-01-14,13.3
2005-01-18,13.41
2005-01-19,13.28
2005-01-20,13.04
2005-01-21,12.99
2005-01-24,12.86
2005-01-25,12.9
2005-01-26,12.97
2005-01-27,12.94
2005-01-28,12.88
2005-01-31,13.02
2005-02-01,13.03
2005-02-02,13.07
2005-02-03,13.04
2005-02-04,13.16
2005-02-07,13.2
2005-02-08,13.16
2005-02-09,13.02
2005-02-10,13.07
2005-02-11,13.14
2005-02-14,13.12
2005-02-15,13.22
2005-02-16,13.2
2005-02-17,13.13
2005-02-18,13.11
2005-02-22,12.85
2005-02-23,12.93
2005-02-24,12.94
2005-02-25,13.0
2005-02-28,12.95
2005-03-01,13.1
2005-03-02,13.1
2005-03-03,13.09
2005-03-04,13.2
2005-03-07,13.21
2005-03-08,13.14
2005-03-09,13.0
2005-03-10,13.02
2005-03-11,13.0
2005-03-14,13.02
2005-03-15,13.04
2005-03-16,12.96
2005-03-17,12.97
2005-03-18,12.9
2005-03-21,12.84
2005-03-22,12.73
2005-03-23,12.69
2005-03-24,12.71
2005-03-28,12.79
2005-03-29,12.63
2005-03-30,12.84
2005-03-31,12.8
2005-04-01,12.7
2005-04-04,12.73
2005-04-05,12.81
2005-04-06,12.76
2005-04-07,12.81
2005-04-08,12.71
2005-04-11,12.64
2005-04-12,12.76
2005-04-13,12.57
2005-04-14,12.4
2005-04-15,12.15
2005-04-18,12.17
2005-04-19,12.18
2005-04-20,11.98
2005-04-21,12.28
2005-04-22,12.1
2005-04-25,12.2
2005-04-26,12.12
2005-04-27,12.13
2005-04-28,11.96
2005-04-29,11.98
2005-05-02,12.05
2005-05-03,12.09
2005-05-04,12.35
2005-05-05,12.28
2005-05-06,12.28
2005-05-09,12.35
2005-05-10,12.2
2005-05-11,12.19
2005-05-12,12.13
2005-05-13,12.12
2005-05-16,12.27
2005-05-17,12.38
2005-05-18,12.62
2005-05-19,12.72
2005-05-20,12.69
2005-05-23,12.77
2005-05-24,12.74
2005-05-25,12.71
2005-05-26,12.77
2005-05-27,12.77
2005-05-31,12.72
2005-06-01,12.78
2005-06-02,12.84
2005-06-03,12.75
2005-06-06,12.77
2005-06-07,12.79
2005-06-08,12.74
2005-06-09,12.79
2005-06-10,12.79
2005-06-13,12.81
2005-06-14,12.94
2005-06-15,12.94
2005-06-16,12.97
2005-06-17,13.02
2005-06-20,13.03
2005-06-21,13.04
2005-06-22,13.03
2005-06-23,12.8
2005-06-24,12.69
2005-06-27,12.63
2005-06-28,12.81
2005-06-29,12.74
2005-06-30,12.67
2005-07-01,12.7
2005-07-05,12.82
2005-07-06,12.7
2005-07-07,12.74
2005-07-08,12.94
2005-07-11,13.01
2005-07-12,13.09
2005-07-13,13.06
2005-07-14,13.13
2005-07-15,13.18
2005-07-18,13.2
2005-07-19,13.28
2005-07-20,13.33
2005-07-21,13.3
2005-07-22,13.36
2005-07-25,13.26
2005-07-26,13.37
2005-07-27,13.4
2005-07-28,13.54
2005-07-29,13.39
2005-08-01,13.39
2005-08-02,13.46
2005-08-03,13.4
2005-08-04,13.28
2005-08-05,13.18
2005-08-08,13.15
2005-08-09,13.3
2005-08-10,13.29
2005-08-11,13.35
2005-08-12,13.32
2005-08-15,13.41
2005-08-16,13.13
2005-08-17,13.21
2005-08-18,13.16
2005-08-19,13.09
2005-08-22,13.08
2005-08-23,13.04
2005-08-24,12.95
2005-08-25,12.98
2005-08-26,12.93
2005-08-29,12.97
2005-08-30,12.84
2005-08-31,12.95
2005-09-01,12.82
2005-09-02,12.77
2005-09-06,12.99
2005-09-07,13.09
2005-09-08,12.96
2005-09-09,13.07
2005-09-12,13.11
2005-09-13,12.92
2005-09-14,12.8
2005-09-15,12.82
2005-09-16,12.83
2005-09-19,12.68
2005-09-20,12.46
2005-09-21,12.26
2005-09-22,12.46
2005-09-23,12.5
2005-09-26,12.49
2005-09-27,12.48
2005-09-28,12.37
2005-09-29,12.49
2005-09-30,12.58
2005-10-03,12.54
2005-10-04,12.46
2005-10-05,12.25
2005-10-06,12.26
2005-10-07,12.27
2005-10-10,12.18
2005-10-11,12.13
2005-10-12,12.0
2005-10-13,12.03
2005-10-14,12.15
2005-10-17,12.18
2005-10-18,12.05
2005-10-19,12.28
2005-10-20,12.13
2005-10-21,12.11
2005-10-24,12.32
2005-10-25,12.23
2005-10-26,12.16
2005-10-27,11.91
2005-10-28,12.12
2005-10-31,12.32
2005-11-01,12.33
2005-11-02,12.55
2005-11-03,12.55
2005-11-04,12.6
2005-11-07,12.7
2005-11-08,12.56
2005-11-09,12.55
2005-11-10,12.74
2005-11-11,12.78
2005-11-14,12.79
2005-11-15,12.6
2005-11-16,12.59
2005-11-17,12.76
2005-11-18,12.84
2005-11-21,12.89
2005-11-22,12.95
2005-11-23,13.04
2005-11-25,13.04
2005-11-28,12.92
2005-11-29,12.9
2005-11-30,12.82
2005-12-01,12.96
2005-12-02,13.01
2005-12-05,12.93
2005-12-06,12.97
2005-12-07,12.96
2005-12-08,12.9
2005-12-09,12.92
2005-12-12,12.94
2005-12-13,12.99
2005-12-14,13.06
2005-12-15,13.03
2005-12-16,13.0
2005-12-19,12.86
2005-12-20,12.83
2005-12-21,12.85
2005-12-22,12.85
2005-12-23,12.87
2005-12-27,12.76
2005-12-28,12.79
2005-12-29,12.78
2005-12-30,12.71
2006-01-03,12.84
2006-01-04,12.85
2006-01-05,12.87
2006-01-06,12.97
2006-01-09,13.1
2006-01-10,13.11
2006-01-11,13.17
2006-01-12,13.06
2006-01-13,13.06
2006-01-17,12.99
2006-01-18,12.95
2006-01-19,13.04
2006-01-20,12.82
2006-01-23,12.82
2006-01-24,12.94
2006-01-25,12.9
2006-01-26,12.95
2006-01-27,13.01
2006-01-30,12.98
2006-01-31,12.93
2006-02-01,12.97
2006-02-02,12.96
2006-02-03,12.9
2006-02-06,12.89
2006-02-07,12.82
2006-02-08,12.9
2006-02-09,12.9
2006-02-10,12.95
2006-02-13,12.92
2006-02-14,13.06
2006-02-15,13.12
2006-02-16,13.16
2006-02-17,13.08
2006-02-21,13.01
2006-02-22,13.11
2006-02-23,13.04
2006-02-24,13.02
2006-02-27,13.13
2006-02-28,13.03
2006-03-01,13.12
2006-03-02,13.04
2006-03-03,13.03
2006-03-06,12.95
2006-03-07,12.89
2006-03-08,12.91
2006-03-09,12.86
2006-03-10,12.98
2006-03-13,12.98
2006-03-14,13.12
2006-03-15,13.19
2006-03-16,13.22
2006-03-17,13.24
2006-03-20,13.21
2006-03-21,13.14
2006-03-22,13.18
2006-03-23,13.17
2006-03-24,13.15
2006-03-27,13.15
2006-03-28,13.08
2006-03-29,13.2
2006-03-30,13.14
2006-03-31,13.1
2006-04-03,13.06
2006-04-04,13.13
2006-04-05,13.21
2006-04-06,13.24
2006-04-07,13.18
2006-04-10,13.16
2006-04-11,13.06
2006-04-12,13.05
2006-04-13,13.08
2006-04-17,13.01
2006-04-18,13.2
2006-04-19,13.16
2006-04-20,13.21
2006-04-21,13.11
2006-04-24,13.1
2006-04-25,13.08
2006-04-26,13.17
2006-04-27,13.28
2006-04-28,13.27
2006-05-01,13.2
2006-05-02,13.21
2006-05-03,13.24
2006-05-04,13.32
2006-05-05,13.47
2006-05-08,13.49
2006-05-09,13.53
2006-05-10,13.54
2006-05-11,13.4
2006-05-12,13.27
2006-05-15,13.3
2006-05-16,13.21
2006-05-17,13.03
2006-05-18,13.02
2006-05-19,13.11
2006-05-22,13.02
2006-05-23,12.92
2006-05-24,12.94
2006-05-25,13.06
2006-05-26,13.11
2006-05-30,12.91
2006-05-31,13.05
2006-06-01,13.25
2006-06-02,13.22
2006-06-05,13.01
2006-06-06,12.95
2006-06-07,12.95
2006-06-08,12.93
2006-06-09,12.9
2006-06-12,12.73
2006-06-13,12.63
2006-06-14,12.69
2006-06-15,12.96
2006-06-16,12.93
2006-06-19,12.86
2006-06-20,12.81
2006-06-21,12.94
2006-06-22,12.84
2006-06-23,12.83
2006-06-26,12.89
2006-06-27,12.73
2006-06-28,12.74
2006-06-29,13.02
2006-06-30,13.02
2006-07-03,13.04
2006-07-05,12.92
2006-07-06,12.93
2006-07-07,12.83
2006-07-10,12.85
2006-07-11,12.84
2006-07-12,12.63
2006-07-13,12.4
2006-07-14,12.24
2006-07-17,12.33
2006-07-18,12.26
2006-07-19,12.5
2006-07-20,12.34
2006-07-21,12.23
2006-07-24,12.49
2006-07-25,12.6
2006-07-26,12.46
2006-07-27,12.43
2006-07-28,12.58
2006-07-31,12.59
2006-08-01,12.47
2006-08-02,12.58
2006-08-03,12.65
2006-08-04,12.66
2006-08-07,12.63
2006-08-08,12.5
2006-08-09,12.33
2006-08-10,12.5
2006-08-11,12.49
2006-08-14,12.53
2006-08-15,12.7
2006-08-16,12.83
2006-08-17,12.91
2006-08-18,12.91
2006-08-21,12.77
2006-08-22,12.76
2006-08-23,12.64
2006-08-24,12.58
2006-08-25,12.58
2006-08-28,12.7
2006-08-29,12.79
2006-08-30,12.8
2006-08-31,12.84
2006-09-01,12.95
2006-09-05,12.99
2006-09-06,12.83
2006-09-07,12.87
2006-09-08,12.99
2006-09-11,13.09
2006-09-12,13.39
2006-09-13,13.45
2006-09-14,13.41
2006-09-15,13.47
2006-09-18,13.4
2006-09-19,13.43
2006-09-20,13.52
2006-09-21,13.45
2006-09-22,13.44
2006-09-25,13.64
2006-09-26,13.76
2006-09-27,13.74
2006-09-28,13.73
2006-09-29,13.66
2006-10-02,13.69
2006-10-03,13.81
2006-10-04,14.01
2006-10-05,14.05
2006-10-06,14.02
2006-10-09,14.12
2006-10-10,14.2
2006-10-11,14.17
2006-10-12,14.36
2006-10-13,14.32
2006-10-16,14.3
2006-10-17,14.25
2006-10-18,14.27
2006-10-19,14.26
2006-10-20,14.24
2006-10-23,14.43
2006-10-24,14.48
2006-10-25,14.43
2006-10-26,14.63
2006-10-27,14.48
2006-10-30,14.57
2006-10-31,14.54
2006-11-01,14.43
2006-11-02,14.41
2006-11-03,14.3
2006-11-06,14.48
2006-11-07,14.52
2006-11-08,14.59
2006-11-09,14.54
2006-11-10,14.59
2006-11-13,14.61
2006-11-14,14.77
2006-11-15,14.82
2006-11-16,14.92
2006-11-17,14.89
2006-11-20,14.84
2006-11-21,14.88
2006-11-22,14.91
2006-11-24,14.83
2006-11-27,14.62
2006-11-28,14.61
2006-11-29,14.71
2006-11-30,14.73
2006-12-01,14.71
2006-12-04,14.86
2006-12-05,14.99
2006-12-06,14.98
2006-12-07,14.91
2006-12-08,14.94
2006-12-11,14.99
2006-12-12,14.91
2006-12-13,14.99
2006-12-14,15.14
2006-12-15,15.08
2006-12-18,15.07
2006-12-19,15.08
2006-12-20,15.07
2006-12-21,15.01
2006-12-22,14.99
2006-12-26,15.04
2006-12-27,15.14
2006-12-28,15.12
2006-12-29,15.05
2007-01-03,15.11
2007-01-04,15.1
2007-01-05,15.0
2007-01-08,15.03
2007-01-09,15.11
2007-01-10,15.19
2007-01-11,15.36
2007-01-12,15.4
2007-01-16,15.45
2007-01-17,15.45
2007-01-18,15.54
2007-01-19,15.54
2007-01-22,15.44
2007-01-23,15.49
2007-01-24,15.55
2007-01-25,15.3
2007-01-26,15.23
2007-01-29,15.27
2007-01-30,15.31
2007-01-31,15.48
2007-02-01,15.53
2007-02-02,15.58
2007-02-05,15.52
2007-02-06,15.58
2007-02-07,15.65
2007-02-08,15.62
2007-02-09,15.48
2007-02-12,15.4
2007-02-13,15.54
2007-02-14,15.62
2007-02-15,15.67
2007-02-16,15.65
2007-02-20,15.76
2007-02-21,15.7
2007-02-22,15.67
2007-02-23,15.63
2007-02-26,15.5
2007-02-27,14.96
2007-02-28,15.01
2007-03-01,14.93
2007-03-02,14.82
2007-03-05,14.62
2007-03-06,14.87
2007-03-07,14.86
2007-03-08,14.98
2007-03-09,15.01
2007-03-12,14.99
2007-03-13,14.71
2007-03-14,14.68
2007-03-15,14.72
2007-03-16,14.66
2007-03-19,14.88
2007-03-20,14.99
2007-03-21,15.23
2007-03-22,15.18
2007-03-23,15.19
2007-03-26,15.12
2007-03-27,15.02
2007-03-28,14.85
2007-03-29,14.9
2007-03-30,14.94
2007-04-02,14.99
2007-04-03,15.19
2007-04-04,15.14
2007-04-05,15.27
2007-04-09,15.25
2007-04-10,15.29
2007-04-11,15.17
2007-04-12,15.27
2007-04-13,15.29
2007-04-16,15.44
2007-04-17,15.5
2007-04-18,15.49
2007-04-19,15.37
2007-04-20,15.55
2007-04-23,15.52
2007-04-24,15.46
2007-04-25,15.62
2007-04-26,15.6
2007-04-27,15.49
2007-04-30,15.3
2007-05-01,15.34
2007-05-02,15.52
2007-05-03,15.49
2007-05-04,15.52
2007-05-07,15.52
2007-05-08,15.45
2007-05-09,15.55
2007-05-10,15.38
2007-05-11,15.44
2007-05-14,15.44
2007-05-15,15.39
2007-05-16,15.44
2007-05-17,15.47
2007-05-18,15.61
2007-05-21,15.67
2007-05-22,15.65
2007-05-23,15.66
2007-05-24,15.53
2007-05-25,15.59
2007-05-29,15.58
2007-05-30,15.72
2007-05-31,15.76
2007-06-01,15.85
2007-06-04,15.88
2007-06-05,15.78
2007-06-06,15.58
2007-06-07,15.29
2007-06-08,15.49
2007-06-11,15.44
2007-06-12,15.31
2007-06-13,15.49
2007-06-14,15.6
2007-06-15,15.68
2007-06-18,15.61
2007-06-19,15.66
2007-06-20,15.64
2007-06-21,15.61
2007-06-22,15.51
2007-06-25,15.44
2007-06-26,15.34
2007-06-27,15.49
2007-06-28,15.46
2007-06-29,15.48
2007-07-02,15.56
2007-07-03,15.59
2007-07-05,15.67
2007-07-06,15.81
2007-07-09,15.75
2007-07-10,15.47
2007-07-11,15.56
2007-07-12,15.69
2007-07-13,15.77
2007-07-16,15.7
2007-07-17,15.72
2007-07-18,15.7
2007-07-19,15.73
2007-07-20,15.53
2007-07-23,15.56
2007-07-24,15.31
2007-07-25,15.26
2007-07-26,14.81
2007-07-27,14.58
2007-07-30,14.79
2007-07-31,14.56
2007-08-01,14.58
2007-08-02,14.77
2007-08-03,14.32
2007-08-06,14.54
2007-08-07,14.63
2007-08-08,14.79
2007-08-09,14.38
2007-08-10,14.31
2007-08-13,14.39
2007-08-14,14.03
2007-08-15,13.88
2007-08-16,13.9
2007-08-17,13.99
2007-08-20,14.07
2007-08-21,14.16
2007-08-22,14.35
2007-08-23,14.3
2007-08-24,14.58
2007-08-27,14.38
2007-08-28,14.04
2007-08-29,14.48
2007-08-30,14.42
2007-08-31,14.65
2007-09-04,14.67
2007-09-05,14.44
2007-09-06,14.48
2007-09-07,14.13
2007-09-10,14.06
2007-09-11,14.21
2007-09-12,14.22
2007-09-13,14.42
2007-09-14,14.51
2007-09-17,14.34
2007-09-18,14.9
2007-09-19,14.92
2007-09-20,14.63
2007-09-21,14.63
2007-09-24,14.51
2007-09-25,14.32
2007-09-26,14.53
2007-09-27,14.46
2007-09-28,14.53
2007-10-01,14.72
2007-10-02,14.71
2007-10-03,14.79
2007-10-04,14.72
2007-10-05,15.05
2007-10-08,14.95
2007-10-09,14.97
2007-10-10,14.91
2007-10-11,14.84
2007-10-12,14.92
2007-10-15,14.68
2007-10-16,14.63
2007-10-17,14.65
2007-10-18,14.51
2007-10-19,14.19
2007-10-22,14.32
2007-10-23,14.38
2007-10-24,14.34
2007-10-25,14.25
2007-10-26,14.42
2007-10-29,14.46
2007-10-30,14.41
2007-10-31,14.46
2007-11-01,14.09
2007-11-02,14.08
2007-11-05,13.89
2007-11-06,14.01
2007-11-07,13.73
2007-11-08,13.69
2007-11-09,13.37
2007-11-12,13.39
2007-11-13,13.76
2007-11-14,13.55
2007-11-15,13.42
2007-11-16,13.41
2007-11-19,13.12
2007-11-20,13.13
2007-11-21,13.0
2007-11-23,13.23
2007-11-26,12.89
2007-11-27,13.09
2007-11-28,13.6
2007-11-29,13.47
2007-11-30,13.67
2007-12-03,13.6
2007-12-04,13.55
2007-12-05,13.53
2007-12-06,13.65
2007-12-07,13.76
2007-12-10,13.77
2007-12-11,13.33
2007-12-12,13.37
2007-12-13,13.29
2007-12-14,13.11
2007-12-17,12.99
2007-12-18,13.11
2007-12-19,13.0
2007-12-20,13.06
2007-12-21,13.08
2007-12-24,13.33
2007-12-26,13.28
2007-12-27,13.1
2007-12-28,13.04
2007-12-31,12.99
2008-01-02,12.79
2008-01-03,12.65
2008-01-04,12.25
2008-01-07,12.29
2008-01-08,12.06
2008-01-09,12.14
2008-01-10,12.31
2008-01-11,12.02
2008-01-14,12.14
2008-01-15,11.91
2008-01-16,11.98
2008-01-17,11.78
2008-01-18,11.73
2008-01-22,11.96
2008-01-23,12.39
2008-01-24,12.52
2008-01-25,12.26
2008-01-28,12.46
2008-01-29,12.5
2008-01-30,12.42
2008-01-31,12.94
2008-02-01,13.06
2008-02-04,12.87
2008-02-05,12.51
2008-02-06,12.37
2008-02-07,12.61
2008-02-08,12.54
2008-02-11,12.67
2008-02-12,12.7
2008-02-13,12.86
2008-02-14,12.74
2008-02-15,12.8
2008-02-19,12.66
2008-02-20,12.83
2008-02-21,12.52
2008-02-22,12.8
2008-02-25,12.97
2008-02-26,13.1
2008-02-27,13.07
2008-02-28,12.76
2008-02-29,12.44
2008-03-03,12.41
2008-03-04,12.39
2008-03-05,12.4
2008-03-06,12.1
2008-03-07,11.98
2008-03-10,11.84
2008-03-11,12.16
2008-03-12,12.1
2008-03-13,12.11
2008-03-14,11.93
2008-03-17,11.77
2008-03-18,12.24
2008-03-19,12.08
2008-03-20,12.43
2008-03-24,12.84
2008-03-25,12.74
2008-03-26,12.5
2008-03-27,12.38
2008-03-28,12.14
2008-03-31,12.22
2008-04-01,12.77
2008-04-02,12.77
2008-04-03,12.81
2008-04-04,12.75
2008-04-07,12.7
2008-04-08,12.67
2008-04-09,12.39
2008-04-10,12.53
2008-04-11,12.29
2008-04-14,12.21
2008-04-15,12.19
2008-04-16,12.46
2008-04-17,12.52
2008-04-18,12.76
2008-04-21,12.76
2008-04-22,12.57
2008-04-23,12.57
2008-04-24,12.74
2008-04-25,12.87
2008-04-28,12.86
2008-04-29,12.96
2008-04-30,12.51
2008-05-01,13.23
2008-05-02,13.2
2008-05-05,13.05
2008-05-06,13.11
2008-05-07,12.86
2008-05-08,12.88
2008-05-09,12.81
2008-05-12,13.07
2008-05-13,13.12
2008-05-14,13.26
2008-05-15,13.39
2008-05-16,13.3
2008-05-19,13.3
2008-05-20,13.1
2008-05-21,12.82
2008-05-22,12.76
2008-05-23,12.61
2008-05-27,12.7
2008-05-28,12.7
2008-05-29,12.95
2008-05-30,12.85
2008-06-02,12.72
2008-06-03,12.74
2008-06-04,12.82
2008-06-05,12.98
2008-06-06,12.43
2008-06-09,12.43
2008-06-10,12.47
2008-06-11,12.21
2008-06-12,12.31
2008-06-13,12.62
2008-06-16,12.58
2008-06-17,12.45
2008-06-18,12.18
2008-06-19,12.33
2008-06-20,11.97
2008-06-23,11.76
2008-06-24,11.81
2008-06-25,11.9
2008-06-26,11.62
2008-06-27,11.42
2008-06-30,11.37
2008-07-01,11.23
2008-07-02,11.1
2008-07-03,11.2
2008-07-07,11.07
2008-07-08,11.36
2008-07-09,11.12
2008-07-10,10.92
2008-07-11,10.69
2008-07-14,10.64
2008-07-15,10.64
2008-07-16,11.07
2008-07-17,11.12
2008-07-18,11.46
2008-07-21,11.26
2008-07-22,11.56
2008-07-23,11.78
2008-07-24,11.53
2008-07-25,11.35
2008-07-28,11.08
2008-07-29,11.48
2008-07-30,11.46
2008-07-31,11.39
2008-08-01,11.28
2008-08-04,11.36
2008-08-05,11.87
2008-08-06,11.81
2008-08-07,11.58
2008-08-08,12.13
2008-08-11,12.5
2008-08-12,12.34
2008-08-13,12.14
2008-08-14,12.32
2008-08-15,12.46
2008-08-18,12.25
2008-08-19,12.02
2008-08-20,11.88
2008-08-21,11.97
2008-08-22,12.25
2008-08-25,11.91
2008-08-26,12.0
2008-08-27,12.04
2008-08-28,12.32
2008-08-29,12.18
2008-09-02,12.41
2008-09-03,12.48
2008-09-04,12.06
2008-09-05,12.09
2008-09-08,12.63
2008-09-09,12.39
2008-09-10,12.27
2008-09-11,12.45
2008-09-12,12.45
2008-09-15,12.04
2008-09-16,12.12
2008-09-17,11.64
2008-09-18,11.94
2008-09-19,12.1
2008-09-22,11.6
2008-09-23,11.44
2008-09-24,11.4
2008-09-25,11.6
2008-09-26,11.72
2008-09-29,10.94
2008-09-30,11.18
2008-10-01,11.18
2008-10-02,10.77
2008-10-03,10.4
2008-10-06,10.1
2008-10-07,9.45
2008-10-08,9.27
2008-10-09,8.68
2008-10-10,8.87
2008-10-13,9.21
2008-10-14,9.27
2008-10-15,8.19
2008-10-16,8.73
2008-10-17,8.91
2008-10-20,8.96
2008-10-21,8.86
2008-10-22,8.25
2008-10-23,8.25
2008-10-24,7.78
2008-10-27,7.66
2008-10-28,8.41
2008-10-29,8.58
2008-10-30,8.85
2008-10-31,9.21
2008-11-03,8.94
2008-11-04,9.29
2008-11-05,8.78
2008-11-06,8.32
2008-11-07,8.46
2008-11-10,8.26
2008-11-11,7.98
2008-11-12,7.49
2008-11-13,8.08
2008-11-14,7.68
2008-11-17,7.46
2008-11-18,7.43
2008-11-19,6.95
2008-11-20,6.54
2008-11-21,6.99
2008-11-24,7.54
2008-11-25,7.64
2008-11-26,8.08
2008-11-28,8.21
2008-12-01,7.49
2008-12-02,7.84
2008-12-03,8.12
2008-12-04,8.21
2008-12-05,8.45
2008-12-08,8.77
2008-12-09,8.59
2008-12-10,8.79
2008-12-11,8.42
2008-12-12,8.39
2008-12-15,8.36
2008-12-16,8.81
2008-12-17,8.85
2008-12-18,8.6
2008-12-19,8.57
2008-12-22,8.34
2008-12-23,8.25
2008-12-24,8.31
2008-12-26,8.4
2008-12-29,8.24
2008-12-30,8.55
2008-12-31,8.71
2009-01-02,9.14
2009-01-05,9.1
2009-01-06,9.26
2009-01-07,8.89
2009-01-08,8.94
2009-01-09,8.67
2009-01-12,8.46
2009-01-13,8.35
2009-01-14,8.02
2009-01-15,8.22
2009-01-16,8.32
2009-01-20,7.83
2009-01-21,8.07
2009-01-22,7.97
2009-01-23,7.94
2009-01-26,8.0
2009-01-27,7.98
2009-01-28,8.32
2009-01-29,7.98
2009-01-30,7.78
2009-02-02,7.71
2009-02-03,7.93
2009-02-04,7.75
2009-02-05,7.9
2009-02-06,8.13
2009-02-09,8.1
2009-02-10,7.72
2009-02-11,7.78
2009-02-12,7.79
2009-02-13,7.67
2009-02-17,7.37
2009-02-18,7.33
2009-02-19,7.25
2009-02-20,7.2
2009-02-23,7.04
2009-02-24,7.35
2009-02-25,7.28
2009-02-26,7.12
2009-02-27,7.08
2009-03-02,6.81
2009-03-03,6.76
2009-03-04,6.91
2009-03-05,6.58
2009-03-06,6.59
2009-03-09,6.5
2009-03-10,6.9
2009-03-11,7.01
2009-03-12,7.27
2009-03-13,7.35
2009-03-16,7.18
2009-03-17,7.53
2009-03-18,7.77
2009-03-19,7.68
2009-03-20,7.53
2009-03-23,8.06
2009-03-24,7.95
2009-03-25,8.01
2009-03-26,8.38
2009-03-27,8.16
2009-03-30,7.91
2009-03-31,7.97
2009-04-01,8.12
2009-04-02,8.57
2009-04-03,8.68
2009-04-06,8.56
2009-04-07,8.31
2009-04-08,8.54
2009-04-09,8.89
2009-04-13,8.9
2009-04-14,8.7
2009-04-15,8.73
2009-04-16,9.03
2009-04-17,9.14
2009-04-20,8.79
2009-04-21,8.94
2009-04-22,9.03
2009-04-23,9.03
2009-04-24,9.25
2009-04-27,9.13
2009-04-28,9.13
2009-04-29,9.29
2009-04-30,9.45
2009-05-01,9.41
2009-05-04,9.71
2009-05-05,9.71
2009-05-06,9.81
2009-05-07,9.59
2009-05-08,9.74
2009-05-11,9.57
2009-05-12,9.36
2009-05-13,9.03
2009-05-14,9.05
2009-05-15,8.98
2009-05-18,9.42
2009-05-19,9.39
2009-05-20,9.29
2009-05-21,9.07
2009-05-22,9.16
2009-05-26,9.47
2009-05-27,9.26
2009-05-28,9.23
2009-05-29,9.38
2009-06-01,9.83
2009-06-02,9.91
2009-06-03,9.78
2009-06-04,9.8
2009-06-05,9.74
2009-06-08,9.83
2009-06-09,9.89
2009-06-10,9.74
2009-06-11,9.7
2009-06-12,9.68
2009-06-15,9.49
2009-06-16,9.25
2009-06-17,9.38
2009-06-18,9.35
2009-06-19,9.43
2009-06-22,9.15
2009-06-23,9.05
2009-06-24,9.1
2009-06-25,9.42
2009-06-26,9.36
2009-06-29,9.48
2009-06-30,9.41
2009-07-01,9.47
2009-07-02,9.08
2009-07-06,9.13
2009-07-07,8.88
2009-07-08,8.96
2009-07-09,9.02
2009-07-10,9.01
2009-07-13,9.15
2009-07-14,9.3
2009-07-15,9.55
2009-07-16,9.67
2009-07-17,9.69
2009-07-20,9.89
2009-07-21,9.89
2009-07-22,9.96
2009-07-23,10.19
2009-07-24,10.18
2009-07-27,10.23
2009-07-28,10.19
2009-07-29,10.14
2009-07-30,10.3
2009-07-31,10.3
2009-08-03,10.51
2009-08-04,10.56
2009-08-05,10.47
2009-08-06,10.46
2009-08-07,10.8
2009-08-10,10.7
2009-08-11,10.59
2009-08-12,10.67
2009-08-13,10.69
2009-08-14,10.55
2009-08-17,10.21
2009-08-18,10.33
2009-08-19,10.43
2009-08-20,10.51
2009-08-21,10.73
2009-08-24,10.65
2009-08-25,10.76
2009-08-26,10.82
2009-08-27,10.84
2009-08-28,10.84
2009-08-31,10.66
2009-09-01,10.47
2009-09-02,10.42
2009-09-03,10.53
2009-09-04,10.72
2009-09-08,10.81
2009-09-09,10.93
2009-09-10,11.07
2009-09-11,11.04
2009-09-14,11.07
2009-09-15,11.13
2009-09-16,11.34
2009-09-17,11.33
2009-09-18,11.37
2009-09-21,11.32
2009-09-22,11.37
2009-09-23,11.2
2009-09-24,11.1
2009-09-25,11.03
2009-09-28,11.24
2009-09-29,11.29
2009-09-30,11.23
2009-10-01,10.99
2009-10-02,10.85
2009-10-05,11.02
2009-10-06,11.18
2009-10-07,11.19
2009-10-08,11.37
2009-10-09,11.37
2009-10-12,11.42
2009-10-13,11.44
2009-10-14,11.59
2009-10-15,11.6
2009-10-16,11.58
2009-10-19,11.71
2009-10-20,11.6
2009-10-21,11.44
2009-10-22,11.6
2009-10-23,11.55
2009-10-26,11.48
2009-10-27,11.29
2009-10-28,10.97
2009-10-29,11.26
2009-10-30,10.97
2009-11-02,11.07
2009-11-03,11.08
2009-11-04,11.08
2009-11-05,11.39
2009-11-06,11.49
2009-11-09,11.74
2009-11-10,11.78
2009-11-11,11.79
2009-11-12,11.66
2009-11-13,11.87
2009-11-16,12.06
2009-11-17,11.96
2009-11-18,11.93
2009-11-19,11.79
2009-11-20,11.73
2009-11-23,11.83
2009-11-24,11.82
2009-11-25,11.94
2009-11-27,11.7
2009-11-30,11.7
2009-12-01,11.89
2009-12-02,11.92
2009-12-03,11.84
2009-12-04,11.92
2009-12-07,11.96
2009-12-08,11.87
2009-12-09,11.87
2009-12-10,12.05
2009-12-11,12.17
2009-12-14,12.26
2009-12-15,12.25
2009-12-16,12.26
2009-12-17,12.11
2009-12-18,12.17
2009-12-21,12.33
2009-12-22,12.32
2009-12-23,12.4
2009-12-24,12.41
2009-12-28,12.4
2009-12-29,12.44
2009-12-30,12.35
2009-12-31,12.24
2010-01-04,12.33
2010-01-05,12.38
2010-01-06,12.4
2010-01-07,12.5
2010-01-08,12.49
2010-01-11,12.47
2010-01-12,12.31
2010-01-13,12.45
2010-01-14,12.45
2010-01-15,12.33
2010-01-19,12.49
2010-01-20,12.32
2010-01-21,12.16
2010-01-22,11.93
2010-01-25,11.99
2010-01-26,12.01
2010-01-27,12.03
2010-01-28,11.96
2010-01-29,11.89
2010-02-01,12.04
2010-02-02,12.21
2010-02-03,12.21
2010-02-04,11.86
2010-02-05,11.83
2010-02-08,11.75
2010-02-09,11.93
2010-02-10,11.89
2010-02-11,12.03
2010-02-12,12.03
2010-02-16,12.22
2010-02-17,12.32
2010-02-18,12.4
2010-02-19,12.42
2010-02-22,12.42
2010-02-23,12.35
2010-02-24,12.51
2010-02-25,12.53
2010-02-26,12.55
2010-03-01,12.74
2010-03-02,12.68
2010-03-03,12.72
2010-03-04,12.83
2010-03-05,13.07
2010-03-08,13.1
2010-03-09,13.08
2010-03-10,13.11
2010-03-11,13.2
2010-03-12,13.24
2010-03-15,13.23
2010-03-16,13.32
2010-03-17,13.39
2010-03-18,13.39
2010-03-19,13.35
2010-03-22,13.49
2010-03-23,13.54
2010-03-24,13.49
2010-03-25,13.56
2010-03-26,13.62
2010-03-29,13.64
2010-03-30,13.63
2010-03-31,13.53
2010-04-01,13.62
2010-04-05,13.79
2010-04-06,13.81
2010-04-07,13.76
2010-04-08,13.89
2010-04-09,13.99
2010-04-12,13.99
2010-04-13,14.07
2010-04-14,14.28
2010-04-15,14.35
2010-04-16,14.16
2010-04-19,14.18
2010-04-20,14.35
2010-04-21,14.42
2010-04-22,14.68
2010-04-23,14.69
2010-04-26,14.81
2010-04-27,14.38
2010-04-28,14.33
2010-04-29,14.65
2010-04-30,14.34
2010-05-03,14.63
2010-05-04,14.2
2010-05-05,14.0
2010-05-06,13.5
2010-05-07,13.25
2010-05-10,13.95
2010-05-11,13.94
2010-05-12,14.14
2010-05-13,13.83
2010-05-14,13.6
2010-05-17,13.7
2010-05-18,13.44
2010-05-19,13.36
2010-05-20,12.84
2010-05-21,13.07
2010-05-24,12.98
2010-05-25,13.11
2010-05-26,13.07
2010-05-27,13.54
2010-05-28,13.33
2010-06-01,13.13
2010-06-02,13.46
2010-06-03,13.51
2010-06-04,12.98
2010-06-07,12.74
2010-06-08,12.84
2010-06-09,12.86
2010-06-10,13.3
2010-06-11,13.28
2010-06-14,13.32
2010-06-15,13.64
2010-06-16,13.54
2010-06-17,13.46
2010-06-18,13.42
2010-06-21,13.31
2010-06-22,13.01
2010-06-23,13.0
2010-06-24,12.69
2010-06-25,12.73
2010-06-28,12.64
2010-06-29,12.19
2010-06-30,12.04
2010-07-01,12.14
2010-07-02,12.0
2010-07-06,12.0
2010-07-07,12.34
2010-07-08,12.45
2010-07-09,12.57
2010-07-12,12.58
2010-07-13,12.9
2010-07-14,12.81
2010-07-15,12.86
2010-07-16,12.4
2010-07-19,12.52
2010-07-20,12.7
2010-07-21,12.48
2010-07-22,12.85
2010-07-23,13.04
2010-07-26,13.23
2010-07-27,13.06
2010-07-28,12.97
2010-07-29,12.9
2010-07-30,12.99
2010-08-02,13.27
2010-08-03,13.07
2010-08-04,13.29
2010-08-05,13.33
2010-08-06,13.24
2010-08-09,13.36
2010-08-10,13.25
2010-08-11,12.9
2010-08-12,12.85
2010-08-13,12.71
2010-08-16,12.7
2010-08-17,12.91
2010-08-18,13.03
2010-08-19,12.78
2010-08-20,12.77
2010-08-23,12.65
2010-08-24,12.44
2010-08-25,12.57
2010-08-26,12.48
2010-08-27,12.68
2010-08-30,12.46
2010-08-31,12.48
2010-09-01,12.9
2010-09-02,13.14
2010-09-03,13.34
2010-09-07,13.12
2010-09-08,13.22
2010-09-09,13.23
2010-09-10,13.34
2010-09-13,13.5
2010-09-14,13.52
2010-09-15,13.54
2010-09-16,13.54
2010-09-17,13.58
2010-09-20,13.84
2010-09-21,13.78
2010-09-22,13.69
2010-09-23,13.62
2010-09-24,13.97
2010-09-27,13.88
2010-09-28,13.99
2010-09-29,13.89
2010-09-30,13.85
2010-10-01,13.87
2010-10-04,13.84
2010-10-05,14.13
2010-10-06,14.03
2010-10-07,14.1
2010-10-08,14.24
2010-10-11,14.25
2010-10-12,14.28
2010-10-13,14.3
2010-10-14,14.29
2010-10-15,14.39
2010-10-18,14.41
2010-10-19,14.15
2010-10-20,14.33
2010-10-21,14.41
2010-10-22,14.49
2010-10-25,14.58
2010-10-26,14.65
2010-10-27,14.55
2010-10-28,14.62
2010-10-29,14.62
2010-11-01,14.59
2010-11-02,14.75
2010-11-03,14.83
2010-11-04,15.06
2010-11-05,15.14
2010-11-08,15.11
2010-11-09,14.97
2010-11-10,15.11
2010-11-11,15.09
2010-11-12,14.93
2010-11-15,14.9
2010-11-16,14.7
2010-11-17,14.82
2010-11-18,14.95
2010-11-19,15.02
2010-11-22,15.09
2010-11-23,14.87
2010-11-24,15.18
2010-11-26,15.05
2010-11-29,15.02
2010-11-30,14.99
2010-12-01,15.31
2010-12-02,15.5
2010-12-03,15.51
2010-12-06,15.53
2010-12-07,15.54
2010-12-08,15.5
2010-12-09,15.52
2010-12-10,15.57
2010-12-13,15.5
2010-12-14,15.49
2010-12-15,15.44
2010-12-16,15.55
2010-12-17,15.58
2010-12-20,15.67
2010-12-21,15.74
2010-12-22,15.76
2010-12-23,15.69
2010-12-27,15.65
2010-12-28,15.61
2010-12-29,15.66
2010-12-30,15.63
2010-12-31,15.6
2011-01-03,15.78
2011-01-04,15.7
2011-01-05,15.83
2011-01-06,15.73
2011-01-07,15.72
2011-01-10,15.71
2011-01-11,15.7
2011-01-12,15.74
2011-01-13,15.72
2011-01-14,15.81
2011-01-18,15.86
2011-01-19,15.7
2011-01-20,15.73
2011-01-21,15.77
2011-01-24,15.83
2011-01-25,15.84
2011-01-26,15.87
2011-01-27,15.99
2011-01-28,15.47
2011-01-31,15.5
2011-02-01,15.69
2011-02-02,15.64
2011-02-03,15.83
2011-02-04,15.93
2011-02-07,16.02
2011-02-08,16.21
2011-02-09,16.32
2011-02-10,16.34
2011-02-11,16.5
2011-02-14,16.44
2011-02-15,16.46
2011-02-16,16.59
2011-02-17,16.6
2011-02-18,16.68
2011-02-22,16.28
2011-02-23,16.05
2011-02-24,16.14
2011-02-25,16.31
2011-02-28,16.43
2011-03-01,16.12
2011-03-02,16.18
2011-03-03,16.47
2011-03-04,16.35
2011-03-07,16.19
2011-03-08,16.32
2011-03-09,16.35
2011-03-10,16.17
2011-03-11,16.27
2011-03-14,16.07
2011-03-15,15.93
2011-03-16,15.66
2011-03-17,15.73
2011-03-18,15.72
2011-03-21,15.97
2011-03-22,15.84
2011-03-23,15.98
2011-03-24,16.21
2011-03-25,16.24
2011-03-28,16.07
2011-03-29,16.22
2011-03-30,16.4
2011-03-31,16.34
2011-04-01,16.44
2011-04-04,16.48
2011-04-05,16.53
2011-04-06,16.51
2011-04-07,16.44
2011-04-08,16.34
2011-04-11,16.35
2011-04-12,16.33
2011-04-13,16.38
2011-04-14,16.34
2011-04-15,16.42
2011-04-18,16.28
2011-04-19,16.31
2011-04-20,16.61
2011-04-21,16.7
2011-04-25,16.68
2011-04-26,16.71
2011-04-27,16.91
2011-04-28,16.98
2011-04-29,16.97
2011-05-02,17.02
2011-05-03,16.93
2011-05-04,16.89
2011-05-05,16.84
2011-05-06,16.86
2011-05-09,16.88
2011-05-10,17.1
2011-05-11,16.93
2011-05-12,17.1
2011-05-13,16.97
2011-05-16,16.74
2011-05-17,16.76
2011-05-18,16.96
2011-05-19,17.01
2011-05-20,16.85
2011-05-23,16.69
2011-05-24,16.61
2011-05-25,16.61
2011-05-26,16.76
2011-05-27,16.8
2011-05-31,16.92
2011-06-01,16.53
2011-06-02,16.5
2011-06-03,16.28
2011-06-06,16.11
2011-06-07,16.13
2011-06-08,16.0
2011-06-09,16.14
2011-06-10,15.84
2011-06-13,15.82
2011-06-14,16.1
2011-06-15,15.85
2011-06-16,15.82
2011-06-17,15.93
2011-06-20,16.06
2011-06-21,16.39
2011-06-22,16.27
2011-06-23,16.32
2011-06-24,16.17
2011-06-27,16.36
2011-06-28,16.67
2011-06-29,16.75
2011-06-30,16.88
2011-07-01,17.22
2011-07-05,17.3
2011-07-06,17.24
2011-07-07,17.48
2011-07-08,17.37
2011-07-11,17.03
2011-07-12,16.95
2011-07-13,17.04
2011-07-14,16.91
2011-07-15,16.92
2011-07-18,16.75
2011-07-19,17.08
2011-07-20,16.99
2011-07-21,17.19
2011-07-22,17.25
2011-07-25,17.14
2011-07-26,17.11
2011-07-27,16.81
2011-07-28,16.73
2011-07-29,16.65
2011-08-01,16.56
2011-08-02,15.93
2011-08-03,16.05
2011-08-04,15.27
2011-08-05,15.26
2011-08-08,14.3
2011-08-09,14.96
2011-08-10,14.33
2011-08-11,14.96
2011-08-12,15.14
2011-08-15,15.37
2011-08-16,15.28
2011-08-17,15.26
2011-08-18,14.51
2011-08-19,14.3
2011-08-22,14.34
2011-08-23,14.89
2011-08-24,15.16
2011-08-25,14.86
2011-08-26,15.17
2011-08-29,15.61
2011-08-30,15.68
2011-08-31,15.77
2011-09-01,15.58
2011-09-02,15.14
2011-09-06,15.09
2011-09-07,15.48
2011-09-08,15.27
2011-09-09,14.87
2011-09-12,15.05
2011-09-13,15.22
2011-09-14,15.48
2011-09-15,15.74
2011-09-16,15.91
2011-09-19,15.88
2011-09-20,15.8
2011-09-21,15.29
2011-09-22,14.83
2011-09-23,15.05
2011-09-26,15.41
2011-09-27,15.51
2011-09-28,15.25
2011-09-29,15.12
2011-09-30,14.69
2011-10-03,14.26
2011-10-04,14.71
2011-10-05,14.98
2011-10-06,15.33
2011-10-07,15.31
2011-10-10,15.83
2011-10-11,15.9
2011-10-12,16.04
2011-10-13,16.03
2011-10-14,16.29
2011-10-17,15.96
2011-10-18,16.28
2011-10-19,16.04
2011-10-20,16.12
2011-10-21,16.57
2011-10-24,16.81
2011-10-25,16.44
2011-10-26,16.38
2011-10-27,16.83
2011-10-28,16.7
2011-10-31,16.44
2011-11-01,16.09
2011-11-02,16.25
2011-11-03,16.46
2011-11-04,16.4
2011-11-07,16.5
2011-11-08,16.66
2011-11-09,16.07
2011-11-10,16.22
2011-11-11,16.63
2011-11-14,16.51
2011-11-15,16.57
2011-11-16,16.25
2011-11-17,15.97
2011-11-18,15.96
2011-11-21,15.71
2011-11-22,15.7
2011-11-23,15.39
2011-11-25,15.31
2011-11-28,15.77
2011-11-29,15.83
2011-11-30,16.32
2011-12-01,16.33
2011-12-02,16.46
2011-12-05,16.61
2011-12-06,16.56
2011-12-07,16.66
2011-12-08,16.31
2011-12-09,16.58
2011-12-12,16.53
2011-12-13,16.2
2011-12-14,16.04
2011-12-15,16.06
2011-12-16,16.06
2011-12-19,15.88
2011-12-20,16.32
2011-12-21,16.37
2011-12-22,16.42
2011-12-23,16.6
2011-12-27,16.65
2011-12-28,16.47
2011-12-29,16.64
2011-12-30,16.53
2012-01-03,16.67
2012-01-04,16.81
2012-01-05,16.95
2012-01-06,16.97
2012-01-09,16.95
2012-01-10,17.06
2012-01-11,17.08
2012-01-12,17.13
2012-01-13,17.11
2012-01-17,17.16
2012-01-18,17.43
2012-01-19,17.59
2012-01-20,17.44
2012-01-23,17.43
2012-01-24,17.48
2012-01-25,17.61
2012-01-26,17.58
2012-01-27,17.56
2012-01-30,17.51
2012-01-31,17.51
2012-02-01,17.57
2012-02-02,17.55
2012-02-03,17.91
2012-02-06,17.87
2012-02-07,17.95
2012-02-08,18.0
2012-02-09,18.03
2012-02-10,17.93
2012-02-13,18.07
2012-02-14,18.05
2012-02-15,17.97
2012-02-16,18.05
2012-02-17,18.2
2012-02-21,18.14
2012-02-22,18.09
2012-02-23,18.18
2012-02-24,18.16
2012-02-27,18.27
2012-02-28,18.37
2012-02-29,18.3
2012-03-01,18.45
2012-03-02,18.44
2012-03-05,18.42
2012-03-06,18.14
2012-03-07,18.34
2012-03-08,18.53
2012-03-09,18.64
2012-03-12,18.59
2012-03-13,18.87
2012-03-14,18.85
2012-03-15,18.91
2012-03-16,18.85
2012-03-19,18.95
2012-03-20,18.98
2012-03-21,19.0
2012-03-22,18.96
2012-03-23,18.98
2012-03-26,19.28
2012-03-27,19.25
2012-03-28,19.09
2012-03-29,19.08
2012-03-30,19.17
2012-04-02,19.22
2012-04-03,19.18
2012-04-04,19.0
2012-04-05,19.13
2012-04-09,18.96
2012-04-10,18.49
2012-04-11,18.75
2012-04-12,18.99
2012-04-13,18.94
2012-04-16,18.87
2012-04-17,19.07
2012-04-18,19.1
2012-04-19,18.94
2012-04-20,18.97
2012-04-23,18.77
2012-04-24,18.71
2012-04-25,19.02
2012-04-26,19.26
2012-04-27,19.5
2012-04-30,19.39
2012-05-01,19.51
2012-05-02,19.62
2012-05-03,19.47
2012-05-04,19.09
2012-05-07,19.08
2012-05-08,18.85
2012-05-09,18.78
2012-05-10,18.84
2012-05-11,18.8
2012-05-14,18.54
2012-05-15,18.51
2012-05-16,18.48
2012-05-17,17.99
2012-05-18,17.86
2012-05-21,18.17
2012-05-22,18.24
2012-05-23,18.34
2012-05-24,18.43
2012-05-25,18.4
2012-05-29,18.65
2012-05-30,18.36
2012-05-31,18.32
2012-06-01,17.74
2012-06-04,17.81
2012-06-05,17.9
2012-06-06,18.29
2012-06-07,18.29
2012-06-08,18.45
2012-06-11,18.17
2012-06-12,18.37
2012-06-13,18.1
2012-06-14,18.34
2012-06-15,18.52
2012-06-18,18.65
2012-06-19,18.82
2012-06-20,18.8
2012-06-21,18.39
2012-06-22,18.47
2012-06-25,18.19
2012-06-26,18.41
2012-06-27,18.39
2012-06-28,18.29
2012-06-29,18.67
2012-07-02,18.73
2012-07-03,18.71
2012-07-05,18.76
2012-07-06,18.67
2012-07-09,18.57
2012-07-10,18.46
2012-07-11,18.35
2012-07-12,18.31
2012-07-13,18.61
2012-07-16,18.49
2012-07-17,18.67
2012-07-18,18.77
2012-07-19,18.89
2012-07-20,18.66
2012-07-23,18.39
2012-07-24,18.27
2012-07-25,18.23
2012-07-26,18.52
2012-07-27,18.89
2012-07-30,18.82
2012-07-31,18.57
2012-08-01,18.5
2012-08-02,18.54
2012-08-03,18.91
2012-08-06,18.98
2012-08-07,19.16
2012-08-08,19.06
2012-08-09,19.05
2012-08-10,19.03
2012-08-13,19.04
2012-08-14,19.09
2012-08-15,19.15
2012-08-16,19.31
2012-08-17,19.38
2012-08-20,19.3
2012-08-21,19.27
2012-08-22,19.33
2012-08-23,19.2
2012-08-24,19.35
2012-08-27,19.32
2012-08-28,19.36
2012-08-29,19.46
2012-08-30,19.35
2012-08-31,19.43
2012-09-04,19.38
2012-09-05,19.41
2012-09-06,19.85
2012-09-07,19.95
2012-09-10,19.92
2012-09-11,19.92
2012-09-12,20.01
2012-09-13,20.27
2012-09-14,20.35
2012-09-17,20.27
2012-09-18,20.18
2012-09-19,20.39
2012-09-20,20.36
2012-09-21,20.35
2012-09-24,20.29
2012-09-25,20.05
2012-09-26,19.91
2012-09-27,20.11
2012-09-28,20.03
2012-10-01,20.02
2012-10-02,19.98
2012-10-03,20.14
2012-10-04,20.32
2012-10-05,20.38
2012-10-08,20.34
2012-10-09,20.02
2012-10-10,19.89
2012-10-11,19.8
2012-10-12,19.8
2012-10-15,19.99
2012-10-16,20.17
2012-10-17,20.29
2012-10-18,20.3
2012-10-19,19.94
2012-10-22,19.87
2012-10-23,19.72
2012-10-24,19.64
2012-10-25,19.59
2012-10-26,19.66
2012-10-31,19.72
2012-11-01,19.95
2012-11-02,19.93
2012-11-05,19.99
2012-11-06,20.09
2012-11-07,19.86
2012-11-08,19.54
2012-11-09,19.44
2012-11-12,19.46
2012-11-13,19.51
2012-11-14,19.22
2012-11-15,19.21
2012-11-16,19.34
2012-11-19,19.75
2012-11-20,19.85
2012-11-21,19.92
2012-11-23,20.19
2012-11-26,20.09
2012-11-27,20.01
2012-11-28,20.27
2012-11-29,20.33
2012-11-30,20.35
2012-12-03,20.24
2012-12-04,20.15
2012-12-05,20.09
2012-12-06,20.22
2012-12-07,20.3
2012-12-10,20.18
2012-12-11,20.25
2012-12-12,20.27
2012-12-13,20.14
2012-12-14,20.05
2012-12-17,20.41
2012-12-18,20.65
2012-12-19,20.51
2012-12-20,20.55
2012-12-21,20.37
2012-12-24,20.39
2012-12-26,20.17
2012-12-27,20.2
2012-12-28,20.04
2012-12-31,20.44
2013-01-02,20.86
2013-01-03,20.92
2013-01-04,20.99
2013-01-07,20.94
2013-01-08,20.88
2013-01-09,20.92
2013-01-10,21.04
2013-01-11,21.05
2013-01-14,21.1
2013-01-15,21.26
2013-01-16,21.21
2013-01-17,21.44
2013-01-18,21.46
2013-01-22,21.52
2013-01-23,21.54
2013-01-24,21.7
2013-01-25,21.93
2013-01-28,21.82
2013-01-29,21.74
2013-01-30,21.7
2013-01-31,21.6
2013-02-01,21.72
2013-02-04,21.45
2013-02-05,21.68
2013-02-06,21.73
2013-02-07,21.68
2013-02-08,21.85
2013-02-11,21.78
2013-02-12,21.86
2013-02-13,21.91
2013-02-14,21.92
2013-02-15,21.94
2013-02-19,22.03
2013-02-20,21.69
2013-02-21,21.51
2013-02-22,21.63
2013-02-25,21.29
2013-02-26,21.51
2013-02-27,21.83
2013-02-28,21.94
2013-03-01,21.99
2013-03-04,22.19
2013-03-05,22.41
2013-03-06,22.39
2013-03-07,22.43
2013-03-08,22.67
2013-03-11,22.72
2013-03-12,22.66
2013-03-13,22.78
2013-03-14,22.81
2013-03-15,22.72
2013-03-18,22.55
2013-03-19,22.39
2013-03-20,22.65
2013-03-21,22.46
2013-03-22,22.74
2013-03-25,22.7
2013-03-26,22.81
2013-03-27,22.82
2013-03-28,22.9
2013-04-01,22.73
2013-04-02,22.92
2013-04-03,22.71
2013-04-04,22.84
2013-04-05,22.72
2013-04-08,22.98
2013-04-09,22.92
2013-04-10,23.19
2013-04-11,23.38
2013-04-12,23.51
2013-04-15,22.89
2013-04-16,23.22
2013-04-17,22.98
2013-04-18,22.73
2013-04-19,23.0
2013-04-22,23.1
2013-04-23,23.34
2013-04-24,23.35
2013-04-25,23.55
2013-04-26,23.45
2013-04-29,23.53
2013-04-30,23.6
2013-05-01,23.47
2013-05-02,23.7
2013-05-03,24.0
2013-05-06,24.08
2013-05-07,24.28
2013-05-08,24.3
2013-05-09,24.34
2013-05-10,24.53
2013-05-13,24.53
2013-05-14,24.78
2013-05-15,24.92
2013-05-16,24.63
2013-05-17,24.87
2013-05-20,24.79
2013-05-21,24.91
2013-05-22,24.67
2013-05-23,24.62
2013-05-24,24.54
2013-05-28,24.78
2013-05-29,24.53
2013-05-30,24.53
2013-05-31,24.25
2013-06-03,24.36
2013-06-04,24.27
2013-06-05,23.87
2013-06-06,24.12
2013-06-07,24.56
2013-06-10,24.49
2013-06-11,24.24
2013-06-12,23.98
2013-06-13,24.43
2013-06-14,24.35
2013-06-17,24.48
2013-06-18,24.73
2013-06-19,24.45
2013-06-20,23.81
2013-06-21,23.86
2013-06-24,23.64
2013-06-25,23.85
2013-06-26,24.15
2013-06-27,24.36
2013-06-28,24.45
2013-07-01,24.62
2013-07-02,24.66
2013-07-03,24.77
2013-07-05,25.04
2013-07-08,25.28
2013-07-09,25.38
2013-07-10,25.4
2013-07-11,25.77
2013-07-12,25.89
2013-07-15,25.82
2013-07-16,25.68
2013-07-17,25.7
2013-07-18,25.84
2013-07-19,25.82
2013-07-22,25.8
2013-07-23,25.77
2013-07-24,25.68
2013-07-25,25.72
2013-07-26,25.8
2013-07-29,25.67
2013-07-30,25.6
2013-07-31,25.74
2013-08-01,26.13
2013-08-02,26.32
2013-08-05,26.26
2013-08-06,26.16
2013-08-07,25.93
2013-08-08,26.1
2013-08-09,26.04
2013-08-12,26.01
2013-08-13,26.01
2013-08-14,25.72
2013-08-15,25.27
2013-08-16,25.18
2013-08-19,25.07
2013-08-20,25.33
2013-08-21,25.11
2013-08-22,25.36
2013-08-23,25.37
2013-08-26,25.31
2013-08-27,24.9
2013-08-28,25.04
2013-08-29,25.16
2013-08-30,25.0
2013-09-03,25.18
2013-09-04,25.44
2013-09-05,25.45
2013-09-06,25.42
2013-09-09,25.65
2013-09-10,25.9
2013-09-11,26.09
2013-09-12,26.03
2013-09-13,26.1
2013-09-16,26.22
2013-09-17,26.37
2013-09-18,26.67
2013-09-19,26.66
2013-09-20,26.5
2013-09-23,26.3
2013-09-24,26.37
2013-09-25,26.21
2013-09-26,26.45
2013-09-27,26.46
2013-09-30,26.36
2013-10-01,26.57
2013-10-02,26.56
2013-10-03,26.26
2013-10-04,26.51
2013-10-07,26.14
2013-10-08,25.72
2013-10-09,25.61
2013-10-10,26.2
2013-10-11,26.43
2013-10-14,26.54
2013-10-15,26.28
2013-10-16,26.61
2013-10-17,26.81
2013-10-18,26.97
2013-10-21,27.04
2013-10-22,27.22
2013-10-23,27.05
2013-10-24,27.32
2013-10-25,27.52
2013-10-28,27.47
2013-10-29,27.63
2013-10-30,27.5
2013-10-31,27.57
2013-11-01,27.63
2013-11-04,27.73
2013-11-05,27.73
2013-11-06,27.66
2013-11-07,27.08
2013-11-08,27.51
2013-11-11,27.56
2013-11-12,27.51
2013-11-13,27.95
2013-11-14,28.14
2013-11-15,28.24
2013-11-18,28.01
2013-11-19,27.89
2013-11-20,27.75
2013-11-21,28.04
2013-11-22,28.19
2013-11-25,28.22
2013-11-26,28.38
2013-11-27,28.49
2013-11-29,28.52
2013-12-02,28.38
2013-12-03,28.11
2013-12-04,28.05
2013-12-05,28.08
2013-12-06,28.31
2013-12-09,28.29
2013-12-10,28.31
2013-12-11,28.05
2013-12-12,27.96
2013-12-13,28.03
2013-12-16,28.21
2013-12-17,28.14
2013-12-18,28.56
2013-12-19,28.54
2013-12-20,28.66
2013-12-23,28.79
2013-12-24,28.85
2013-12-26,29.06
2013-12-27,28.93
2013-12-30,29.06
2013-12-31,29.17
2014-01-02,29.04
2014-01-03,28.96
2014-01-06,28.78
2014-01-07,28.95
2014-01-08,28.87
2014-01-09,28.87
2014-01-10,28.96
2014-01-13,28.38
2014-01-14,28.62
2014-01-15,28.69
2014-01-16,28.54
2014-01-17,28.41
2014-01-21,28.38
2014-01-22,28.46
2014-01-23,28.26
2014-01-24,27.72
2014-01-27,27.61
2014-01-28,27.8
2014-01-29,27.35
2014-01-30,27.81
2014-01-31,27.42
2014-02-03,26.7
2014-02-04,27.03
2014-02-05,27.06
2014-02-06,27.63
2014-02-07,27.97
2014-02-10,27.96
2014-02-11,28.16
2014-02-12,28.19
2014-02-13,28.28
2014-02-14,28.45
2014-02-18,28.48
2014-02-19,28.25
2014-02-20,28.4
2014-02-21,28.46
2014-02-24,28.58
2014-02-25,28.78
2014-02-26,28.94
2014-02-27,29.06
2014-02-28,29.17
2014-03-03,28.9
2014-03-04,29.26
2014-03-05,29.38
2014-03-06,29.46
2014-03-07,29.41
2014-03-10,29.34
2014-03-11,29.17
2014-03-12,29.12
2014-03-13,28.77
2014-03-14,28.74
2014-03-17,28.93
2014-03-18,29.06
2014-03-19,28.87
2014-03-20,28.94
2014-03-21,28.76
2014-03-24,28.47
2014-03-25,28.3
2014-03-26,28.07
2014-03-27,27.94
2014-03-28,28.15
2014-03-31,28.34
2014-04-01,28.73
2014-04-02,28.92
2014-04-03,28.78
2014-04-04,28.31
2014-04-07,27.76
2014-04-08,28.04
2014-04-09,28.34
2014-04-10,27.63
2014-04-11,27.25
2014-04-14,27.47
2014-04-15,27.5
2014-04-16,27.89
2014-04-17,27.92
2014-04-21,28.0
2014-04-22,28.24
2014-04-23,28.11
2014-04-24,28.26
2014-04-25,27.78
2014-04-28,27.71
2014-04-29,27.83
2014-04-30,27.95
2014-05-01,28.06
2014-05-02,28.13
2014-05-05,28.16
2014-05-06,27.76
2014-05-07,27.72
2014-05-08,27.8
2014-05-09,27.95
2014-05-12,28.3
2014-05-13,28.22
2014-05-14,27.91
2014-05-15,27.71
2014-05-16,27.91
2014-05-19,28.04
2014-05-20,27.79
2014-05-21,28.12
2014-05-22,28.27
2014-05-23,28.5
2014-05-27,28.64
2014-05-28,28.61
2014-05-29,28.73
2014-05-30,28.76
2014-06-02,28.85
2014-06-03,28.8
2014-06-04,28.94
2014-06-05,29.13
2014-06-06,29.3
2014-06-09,29.31
2014-06-10,29.25
2014-06-11,29.17
2014-06-12,28.79
2014-06-13,28.81
2014-06-16,28.87
2014-06-17,28.99
2014-06-18,29.21
2014-06-19,29.14
2014-06-20,29.03
2014-06-23,29.06
2014-06-24,28.99
2014-06-25,29.24
2014-06-26,29.26
2014-06-27,29.33
2014-06-30,29.32
2014-07-01,29.63
2014-07-02,29.67
2014-07-03,29.9
2014-07-07,29.72
2014-07-08,29.43
2014-07-09,29.78
2014-07-10,29.5
2014-07-11,29.6
2014-07-14,29.69
2014-07-15,29.58
2014-07-16,29.66
2014-07-17,29.38
2014-07-18,29.65
2014-07-21,29.51
2014-07-22,29.64
2014-07-23,29.61
2014-07-24,29.68
2014-07-25,29.35
2014-07-28,29.41
2014-07-29,29.32
2014-07-30,29.49
2014-07-31,28.94
2014-08-01,28.84
2014-08-04,29.12
2014-08-05,28.92
2014-08-06,28.85
2014-08-07,28.71
2014-08-08,29.15
2014-08-11,29.28
2014-08-12,29.21
2014-08-13,29.31
2014-08-14,29.54
2014-08-15,29.48
2014-08-18,29.76
2014-08-19,29.98
2014-08-20,30.12
2014-08-21,30.09
2014-08-22,30.15
2014-08-25,30.24
2014-08-26,30.24
2014-08-27,30.27
2014-08-28,30.23
2014-08-29,30.23
2014-09-02,30.29
2014-09-03,30.21
2014-09-04,30.32
2014-09-05,30.42
2014-09-08,30.3
2014-09-09,29.99
2014-09-10,30.1
2014-09-11,30.11
2014-09-12,30.02
2014-09-15,29.9
2014-09-16,30.05
2014-09-17,30.04
2014-09-18,30.17
2014-09-19,30.19
2014-09-22,29.76
2014-09-23,29.51
2014-09-24,29.84
2014-09-25,29.41
2014-09-26,29.71
2014-09-29,29.56
2014-09-30,29.39
2014-10-01,29.0
2014-10-02,29.13
2014-10-03,29.51
2014-10-06,29.35
2014-10-07,28.91
2014-10-08,29.37
2014-10-09,28.7
2014-10-10,28.45
2014-10-13,27.87
2014-10-14,28.07
2014-10-15,27.84
2014-10-16,27.87
2014-10-17,28.18
2014-10-20,28.57
2014-10-21,29.13
2014-10-22,28.88
2014-10-23,29.27
2014-10-24,29.24
2014-10-27,29.3
2014-10-28,29.62
2014-10-29,29.53
2014-10-30,29.72
2014-10-31,30.01
2014-11-03,30.01
2014-11-04,29.65
2014-11-05,29.77
2014-11-06,30.02
2014-11-07,29.97
2014-11-10,29.96
2014-11-11,30.08
2014-11-12,30.23
2014-11-13,30.41
2014-11-14,30.53
2014-11-17,30.5
2014-11-18,30.56
2014-11-19,30.68
2014-11-20,30.82
2014-11-21,30.89
2014-11-24,31.18
2014-11-25,31.27
2014-11-26,31.27
2014-11-28,31.65
2014-12-01,31.3
2014-12-02,31.42
2014-12-03,31.47
2014-12-04,31.45
2014-12-05,31.53
2014-12-08,31.27
2014-12-09,31.21
2014-12-10,30.8
2014-12-11,31.05
2014-12-12,30.85
2014-12-15,30.67
2014-12-16,30.19
2014-12-17,30.77
2014-12-18,31.28
2014-12-19,31.36
2014-12-22,31.67
2014-12-23,31.85
2014-12-24,31.79
2014-12-26,31.97
2014-12-29,32.21
2014-12-30,32.06
2014-12-31,31.93
2015-01-02,31.7
2015-01-05,31.09
2015-01-06,30.78
2015-01-07,31.27
2015-01-08,31.74
2015-01-09,31.37
2015-01-12,31.2
2015-01-13,31.2
2015-01-14,30.83
2015-01-15,30.43
2015-01-16,30.83
2015-01-20,30.66
2015-01-21,30.85
2015-01-22,31.43
2015-01-23,31.39
2015-01-26,31.55
2015-01-27,31.3
2015-01-28,30.89
2015-01-29,31.32
2015-01-30,30.97
2015-02-02,31.25
2015-02-03,31.92
2015-02-04,32.13
2015-02-05,32.33
2015-02-06,32.28
2015-02-09,32.16
2015-02-10,32.55
2015-02-11,32.56
2015-02-12,32.94
2015-02-13,33.14
2015-02-17,33.07
2015-02-18,33.05
2015-02-19,33.15
2015-02-20,33.39
2015-02-23,33.36
2015-02-24,33.51
2015-02-25,33.77
2015-02-26,33.67
2015-02-27,33.62
2015-03-02,34.02
2015-03-03,33.93
2015-03-04,33.75
2015-03-05,33.78
2015-03-06,33.37
2015-03-09,33.56
2015-03-10,33.04
2015-03-11,32.86
2015-03-12,33.53
2015-03-13,33.26
2015-03-16,33.65
2015-03-17,33.47
2015-03-18,33.76
2015-03-19,33.71
2015-03-20,34.09
2015-03-23,34.03
2015-03-24,33.85
2015-03-25,33.3
2015-03-26,33.09
2015-03-27,33.26
2015-03-30,33.61
2015-03-31,33.46
2015-04-01,33.31
2015-04-02,33.61
2015-04-06,33.77
2015-04-07,33.58
2015-04-08,33.9
2015-04-09,33.93
2015-04-10,34.04
2015-04-13,33.86
2015-04-14,33.84
2015-04-15,33.84
2015-04-16,33.91
2015-04-17,33.41
2015-04-20,33.77
2015-04-21,33.81
2015-04-22,33.84
2015-04-23,34.01
2015-04-24,34.47
2015-04-27,34.17
2015-04-28,34.05
2015-04-29,33.82
2015-04-30,33.44
2015-05-01,33.9
2015-05-04,33.97
2015-05-05,33.62
2015-05-06,33.48
2015-05-07,33.65
2015-05-08,34.01
2015-05-11,33.86
2015-05-12,33.8
2015-05-13,33.59
2015-05-14,33.74
2015-05-15,34.01
2015-05-18,34.14
2015-05-19,34.13
2015-05-20,34.09
2015-05-21,34.22
2015-05-22,34.16
2015-05-26,33.92
2015-05-27,34.17
2015-05-28,34.12
2015-05-29,33.88
2015-06-01,33.98
2015-06-02,34.05
2015-06-03,34.32
2015-06-04,34.08
2015-06-05,33.98
2015-06-08,33.74
2015-06-09,33.7
2015-06-10,34.05
2015-06-11,34.16
2015-06-12,34.01
2015-06-15,33.85
2015-06-16,34.05
2015-06-17,34.21
2015-06-18,34.62
2015-06-19,34.5
2015-06-22,34.69
2015-06-23,34.83
2015-06-24,34.59
2015-06-25,34.56
2015-06-26,34.7
2015-06-29,33.92
2015-06-30,34.07
2015-07-01,34.46
2015-07-02,34.39
2015-07-06,34.32
2015-07-07,34.62
2015-07-08,33.96
2015-07-09,34.1
2015-07-10,34.6
2015-07-13,35.1
2015-07-14,35.14
2015-07-15,35.11
2015-07-16,35.32
2015-07-17,35.26
2015-07-20,35.28
2015-07-21,35.16
2015-07-22,35.33
2015-07-23,35.12
2015-07-24,35.12
2015-07-27,34.86
2015-07-28,35.13
2015-07-29,35.49
2015-07-30,35.62
2015-07-31,35.73
2015-08-03,35.61
2015-08-04,35.77
2015-08-05,35.38
2015-08-06,34.9
2015-08-07,34.87
2015-08-10,35.15
2015-08-11,34.83
2015-08-12,34.68
2015-08-13,34.88
2015-08-14,34.91
2015-08-17,35.24
2015-08-18,35.27
2015-08-19,35.21
2015-08-20,34.22
2015-08-21,33.12
2015-08-24,31.8
2015-08-25,31.67
2015-08-26,32.87
2015-08-27,33.65
2015-08-28,33.66
2015-08-31,33.4
2015-09-01,32.55
2015-09-02,33.24
2015-09-03,33.25
2015-09-04,32.9
2015-09-08,33.66
2015-09-09,33.3
2015-09-10,33.39
2015-09-11,33.64
2015-09-14,33.46
2015-09-15,33.81
2015-09-16,34.2
2015-09-17,34.29
2015-09-18,33.74
2015-09-21,34.04
2015-09-22,33.58
2015-09-23,33.49
2015-09-24,33.41
2015-09-25,33.4
2015-09-28,32.44
2015-09-29,32.33
2015-09-30,33.2
2015-10-01,33.45
2015-10-02,33.93
2015-10-05,34.43
2015-10-06,34.17
2015-10-07,34.29
2015-10-08,34.71
2015-10-09,34.75
2015-10-12,34.92
2015-10-13,34.73
2015-10-14,34.38
2015-10-15,34.82
2015-10-16,35.01
2015-10-19,35.17
2015-10-20,35.13
2015-10-21,34.97
2015-10-22,35.43
2015-10-23,35.61
2015-10-26,35.86
2015-10-27,35.69
2015-10-28,36.03
2015-10-29,36.13
2015-10-30,36.2
2015-11-02,36.37
2015-11-03,36.51
2015-11-04,36.27
2015-11-05,36.4
2015-11-06,36.41
2015-11-09,35.9
2015-11-10,36.24
2015-11-11,36.03
2015-11-12,35.69
2015-11-13,34.76
2015-11-16,35.18
2015-11-17,35.24
2015-11-18,35.85
2015-11-19,35.89
2015-11-20,36.32
2015-11-23,36.45
2015-11-24,36.38
2015-11-25,36.56
2015-11-27,36.43
2015-11-30,36.12
2015-12-01,36.49
2015-12-02,36.17
2015-12-03,35.63
2015-12-04,36.32
2015-12-07,36.16
2015-12-08,36.06
2015-12-09,35.6
2015-12-10,35.72
2015-12-11,34.9
2015-12-14,35.08
2015-12-15,35.27
2015-12-16,35.86
2015-12-17,35.27
2015-12-18,34.72
2015-12-21,34.89
2015-12-22,35.15
2015-12-23,35.33
2015-12-24,35.24
2015-12-28,35.33
2015-12-29,35.73
2015-12-30,35.45
2015-12-31,35.09
2016-01-04,34.49
2016-01-05,34.45
2016-01-06,34.11
2016-01-07,33.41
2016-01-08,33.05
2016-01-11,33.31
2016-01-12,33.68
2016-01-13,32.54
2016-01-14,32.78
2016-01-15,32.1
2016-01-19,32.22
2016-01-20,31.94
2016-01-21,32.35
2016-01-22,32.91
2016-01-25,32.54
2016-01-26,33.01
2016-01-27,32.5
2016-01-28,32.91
2016-01-29,33.27
2016-02-01,33.48
2016-02-02,32.82
2016-02-03,32.74
2016-02-04,32.55
2016-02-05,31.5
2016-02-08,30.89
2016-02-09,30.84
2016-02-10,30.79
2016-02-11,30.77
2016-02-12,31.33
2016-02-16,32.09
2016-02-17,32.78
2016-02-18,32.57
2016-02-19,32.66
2016-02-22,33.29
2016-02-23,33.11
2016-02-24,33.3
2016-02-25,33.63
2016-02-26,33.6
2016-02-29,33.42
2016-03-01,34.31
2016-03-02,34.28
2016-03-03,34.48
2016-03-04,34.45
2016-03-07,34.3
2016-03-08,34.03
2016-03-09,34.1
2016-03-10,34.18
2016-03-11,34.71
2016-03-14,34.84
2016-03-15,34.83
2016-03-16,35.11
2016-03-17,35.16
2016-03-18,35.21
2016-03-21,35.22
2016-03-22,35.16
2016-03-23,34.92
2016-03-24,34.96
2016-03-28,35.12
2016-03-29,35.48
2016-03-30,35.7
2016-03-31,35.66
2016-04-01,35.81
2016-04-04,35.53
2016-04-05,35.23
2016-04-06,35.56
2016-04-07,35.16
2016-04-08,35.11
2016-04-11,34.98
2016-04-12,35.24
2016-04-13,35.74
2016-04-14,35.74
2016-04-15,35.84
2016-04-18,36.17
2016-04-19,35.98
2016-04-20,36.02
2016-04-21,35.89
2016-04-22,35.82
2016-04-25,35.86
2016-04-26,35.95
2016-04-27,35.91
2016-04-28,35.53
2016-04-29,35.71
2016-05-02,36.21
2016-05-03,35.87
2016-05-04,35.71
2016-05-05,35.48
2016-05-06,35.74
2016-05-09,35.84
2016-05-10,36.3
2016-05-11,35.57
2016-05-12,35.64
2016-05-13,35.21
2016-05-16,35.44
2016-05-17,35.03
2016-05-18,34.83
2016-05-19,34.8
2016-05-20,35.03
2016-05-23,34.91
2016-05-24,35.33
2016-05-25,35.52
2016-05-26,35.59
2016-05-27,35.76
2016-05-31,35.72
2016-06-01,35.7
2016-06-02,35.9
2016-06-03,35.67
2016-06-06,35.76
2016-06-07,35.8
2016-06-08,35.84
2016-06-09,35.76
2016-06-10,35.39
2016-06-13,35.19
2016-06-14,35.1
2016-06-15,35.2
2016-06-16,35.31
2016-06-17,35.26
2016-06-20,35.57
2016-06-21,35.49
2016-06-22,35.44
2016-06-23,35.79
2016-06-24,34.46
2016-06-27,33.83
2016-06-28,34.5
2016-06-29,35.06
2016-06-30,35.32
2016-07-01,35.68
2016-07-05,35.39
2016-07-06,35.7
2016-07-07,35.85
2016-07-08,36.47
2016-07-11,36.69
2016-07-12,36.83
2016-07-13,36.65
2016-07-14,36.8
2016-07-15,36.64
2016-07-18,36.78
2016-07-19,36.71
2016-07-20,36.86
2016-07-21,36.76
2016-07-22,36.92
2016-07-25,36.98
2016-07-26,36.93
2016-07-27,36.82
2016-07-28,36.89
2016-07-29,36.93
2016-08-01,36.99
2016-08-02,36.43
2016-08-03,36.54
2016-08-04,36.52
2016-08-05,36.9
2016-08-08,36.78
2016-08-09,36.67
2016-08-10,36.75
2016-08-11,37.12
2016-08-12,37.1
2016-08-15,37.17
2016-08-16,36.96
2016-08-17,36.87
2016-08-18,36.85
2016-08-19,36.87
2016-08-22,36.84
2016-08-23,37.02
2016-08-24,36.85
2016-08-25,36.72
2016-08-26,36.62
2016-08-29,36.75
2016-08-30,36.54
2016-08-31,36.45
2016-09-01,36.52
2016-09-02,36.59
2016-09-06,36.66
2016-09-07,36.68
2016-09-08,36.36
2016-09-09,35.48
2016-09-12,35.98
2016-09-13,35.47
2016-09-14,35.47
2016-09-15,35.73
2016-09-16,35.66
2016-09-19,35.63
2016-09-20,35.66
2016-09-21,36.0
2016-09-22,36.26
2016-09-23,36.18
2016-09-26,35.78
2016-09-27,36.15
2016-09-28,36.25
2016-09-29,36.06
2016-09-30,36.35
2016-10-03,36.33
2016-10-04,36.2
2016-10-05,36.35
2016-10-06,36.38
2016-10-07,36.21
2016-10-10,36.27
2016-10-11,35.83
2016-10-12,36.0
2016-10-13,35.87
2016-10-14,35.83
2016-10-17,35.53
2016-10-18,35.77
2016-10-19,35.93
2016-10-20,35.86
2016-10-21,36.15
2016-10-24,36.4
2016-10-25,35.98
2016-10-26,35.82
2016-10-27,35.52
2016-10-28,35.44
2016-10-31,35.47
2016-11-01,35.22
2016-11-02,35.01
2016-11-03,34.92
2016-11-04,34.85
2016-11-07,35.65
2016-11-08,35.8
2016-11-09,35.87
2016-11-10,36.0
2016-11-11,36.21
2016-11-14,36.21
2016-11-15,36.35
2016-11-16,36.55
2016-11-17,36.99
2016-11-18,36.88
2016-11-21,37.12
2016-11-22,37.56
2016-11-23,37.59
2016-11-25,37.69
2016-11-28,37.39
2016-11-29,37.49
2016-11-30,37.17
2016-12-01,37.19
2016-12-02,36.99
2016-12-05,37.39
2016-12-06,37.48
2016-12-07,38.2
2016-12-08,38.2
2016-12-09,38.29
2016-12-12,37.97
2016-12-13,38.31
2016-12-14,38.05
2016-12-15,37.96
2016-12-16,37.78
2016-12-19,37.88
2016-12-20,38.18
2016-12-21,38.16
2016-12-22,37.75
2016-12-23,37.67
2016-12-27,37.81
2016-12-28,37.55
2016-12-29,37.5
2016-12-30,37.19
2017-01-03,37.41
2017-01-04,37.9
2017-01-05,37.88
2017-01-06,38.06
2017-01-09,38.03
2017-01-10,38.17
2017-01-11,38.25
2017-01-12,38.21
2017-01-13,38.36
2017-01-17,38.42
2017-01-18,38.35
2017-01-19,38.23
2017-01-20,38.34
2017-01-23,38.37
2017-01-24,38.69
2017-01-25,38.92
2017-01-26,38.98
2017-01-27,38.86
2017-01-30,38.81
2017-01-31,38.75
2017-02-01,38.68
2017-02-02,38.65
2017-02-03,38.6
2017-02-06,38.48
2017-02-07,38.45
2017-02-08,38.69
2017-02-09,38.93
2017-02-10,39.17
2017-02-13,39.21
2017-02-14,39.43
2017-02-15,39.64
2017-02-16,39.44
2017-02-17,39.57
2017-02-21,39.8
2017-02-22,39.8
2017-02-23,39.53
2017-02-24,39.71
2017-02-27,39.75
2017-02-28,39.46
2017-03-01,39.9
2017-03-02,39.8
2017-03-03,39.75
2017-03-06,39.62
2017-03-07,39.49
2017-03-08,39.65
2017-03-09,39.62
2017-03-10,39.68
2017-03-13,39.78
2017-03-14,39.77
2017-03-15,39.98
2017-03-16,39.98
2017-03-17,40.03
2017-03-20,39.93
2017-03-21,39.43
2017-03-22,39.47
2017-03-23,39.57
2017-03-24,39.66
2017-03-27,39.65
2017-03-28,39.95
2017-03-29,40.19
2017-03-30,40.29
2017-03-31,40.3
2017-04-03,40.14
2017-04-04,40.08
2017-04-05,39.98
2017-04-06,40.1
2017-04-07,39.98
2017-04-10,40.13
2017-04-11,40.1
2017-04-12,39.94
2017-04-13,39.66
2017-04-17,40.07
2017-04-18,40.07
2017-04-19,40.11
2017-04-20,40.53
2017-04-21,40.44
2017-04-24,40.7
2017-04-25,41.02
2017-04-26,41.21
2017-04-27,41.43
2017-04-28,41.27
2017-05-01,41.32
2017-05-02,41.37
2017-05-03,41.12
2017-05-04,41.06
2017-05-05,41.32
2017-05-08,41.39
2017-05-09,41.63
2017-05-10,41.49
2017-05-11,41.24
2017-05-12,41.18
2017-05-15,41.19
2017-05-16,41.05
2017-05-17,40.39
2017-05-18,40.62
2017-05-19,40.9
2017-05-22,41.1
2017-05-23,40.95
2017-05-24,41.09
2017-05-25,41.45
2017-05-26,41.58
2017-05-30,41.61
2017-05-31,41.72
2017-06-01,42.11
2017-06-02,42.27
2017-06-05,42.15
2017-06-06,41.79
2017-06-07,41.86
2017-06-08,41.59
2017-06-09,41.41
2017-06-12,41.39
2017-06-13,41.64
2017-06-14,41.62
2017-06-15,41.45
2017-06-16,41.43
2017-06-19,41.75
2017-06-20,41.23
2017-06-21,41.29
2017-06-22,41.19
2017-06-23,41.14
2017-06-26,41.29
2017-06-27,40.96
2017-06-28,41.38
2017-06-29,40.98
2017-06-30,41.19
2017-07-03,41.15
2017-07-05,41.05
2017-07-06,40.63
2017-07-07,41.0
2017-07-10,41.08
2017-07-11,41.0
2017-07-12,41.31
2017-07-13,41.32
2017-07-14,41.45
2017-07-17,41.55
2017-07-18,41.74
2017-07-19,41.94
2017-07-20,41.86
2017-07-21,41.88
2017-07-24,41.74
2017-07-25,42.04
2017-07-26,42.02
2017-07-27,42.33
2017-07-28,42.0
2017-07-31,41.99
2017-08-01,42.06
2017-08-02,41.95
2017-08-03,41.83
2017-08-04,41.84
2017-08-07,41.93
2017-08-08,41.96
2017-08-09,41.71
2017-08-10,41.09
2017-08-11,41.3
2017-08-14,41.59
2017-08-15,41.21
2017-08-16,41.42
2017-08-17,40.76
2017-08-18,40.56
2017-08-21,40.63
2017-08-22,41.07
2017-08-23,40.72
2017-08-24,40.63
2017-08-25,40.73
2017-08-28,40.76
2017-08-29,40.72
2017-08-30,41.02
2017-08-31,41.21
2017-09-01,41.4
2017-09-05,41.23
2017-09-06,41.48
2017-09-07,41.13
2017-09-08,40.98
2017-09-11,41.2
2017-09-12,41.38
2017-09-13,41.68
2017-09-14,41.46
2017-09-15,41.34
2017-09-18,41.2
2017-09-19,41.16
2017-09-20,41.3
2017-09-21,41.23
2017-09-22,41.3
2017-09-25,41.21
2017-09-26,41.22
2017-09-27,41.44
2017-09-28,41.39
2017-09-29,41.55
2017-10-02,41.63
2017-10-03,41.8
2017-10-04,42.02
2017-10-05,42.25
2017-10-06,42.3
2017-10-09,42.17
2017-10-10,42.13
2017-10-11,42.15
2017-10-12,41.87
2017-10-13,42.07
2017-10-16,42.13
2017-10-17,42.15
2017-10-18,42.04
2017-10-19,42.04
2017-10-20,42.14
2017-10-23,41.85
2017-10-24,41.95
2017-10-25,41.79
2017-10-26,41.94
2017-10-27,42.62
2017-10-30,42.42
2017-10-31,42.43
2017-11-01,42.44
2017-11-02,42.12
2017-11-03,42.3
2017-11-06,42.6
2017-11-07,42.35
2017-11-08,42.4
2017-11-09,42.46
2017-11-10,42.6
2017-11-13,42.75
2017-11-14,42.78
2017-11-15,42.6
2017-11-16,42.95
2017-11-17,43.14
2017-11-20,43.23
2017-11-21,43.49
2017-11-22,43.54
2017-11-24,43.65
2017-11-27,43.68
2017-11-28,44.16
2017-11-29,44.35
2017-11-30,44.58
2017-12-01,44.56
2017-12-04,45.08
2017-12-05,44.82
2017-12-06,44.53
2017-12-07,44.64
2017-12-08,44.85
2017-12-11,44.95
2017-12-12,44.97
2017-12-13,45.01
2017-12-14,45.15
2017-12-15,45.34
2017-12-18,45.75
2017-12-19,45.69
2017-12-20,45.6
2017-12-21,45.9
2017-12-22,45.81
2017-12-26,45.91
2017-12-27,45.82
2017-12-28,45.94
2017-12-29,45.67
2018-01-02,46.37
2018-01-03,46.58
2018-01-04,46.73
2018-01-05,47.1
2018-01-08,47.16
2018-01-09,47.25
2018-01-10,47.22
2018-01-11,47.99
2018-01-12,48.61
2018-01-16,48.26
2018-01-17,48.49
2018-01-18,48.45
2018-01-19,48.87
2018-01-22,49.41
2018-01-23,49.83
2018-01-24,50.04
2018-01-25,49.95
2018-01-26,50.45
2018-01-29,50.31
2018-01-30,50.06
2018-01-31,49.89
2018-02-01,49.34
2018-02-02,48.87
2018-02-05,47.22
2018-02-06,48.43
2018-02-07,48.28
2018-02-08,46.35
2018-02-09,46.66
2018-02-12,47.3
2018-02-13,47.54
2018-02-14,48.3
2018-02-15,48.73
2018-02-16,48.5
2018-02-20,48.35
2018-02-21,48.28
2018-02-22,48.34
2018-02-23,49.02
2018-02-26,49.43
2018-02-27,48.38
2018-02-28,48.16
2018-03-01,47.65
2018-03-02,47.69
2018-03-05,48.26
2018-03-06,48.59
2018-03-07,48.27
2018-03-08,48.42
2018-03-09,49.17
2018-03-12,49.33
2018-03-13,48.98
2018-03-14,48.92
2018-03-15,48.87
2018-03-16,48.82
2018-03-19,48.21
2018-03-20,48.5
2018-03-21,48.46
2018-03-22,47.43
2018-03-23,46.5
2018-03-26,47.87
2018-03-27,46.94
2018-03-28,46.37
2018-03-29,47.02
2018-04-02,45.69
2018-04-03,46.27
2018-04-04,47.12
2018-04-05,47.75
2018-04-06,46.73
2018-04-09,46.62
2018-04-10,47.19
2018-04-11,47.04
2018-04-12,47.25
2018-04-13,46.98
2018-04-16,47.34
2018-04-17,48.22
2018-04-18,48.44
2018-04-19,48.29
2018-04-20,47.8
2018-04-23,47.9
2018-04-24,47.15
2018-04-25,47.34
2018-04-26,48.11
2018-04-27,48.32
2018-04-30,48.13
2018-05-01,48.2
2018-05-02,47.87
2018-05-03,47.66
2018-05-04,48.28
2018-05-07,48.44
2018-05-08,48.24
2018-05-09,48.41
2018-05-10,48.58
2018-05-11,48.69
2018-05-14,48.78
2018-05-15,48.5
2018-05-16,48.9
2018-05-17,48.74
2018-05-18,48.68
2018-05-21,48.95
2018-05-22,48.73
2018-05-23,49.08
2018-05-24,49.19
2018-05-25,49.26
2018-05-29,48.88
2018-05-30,49.33
2018-05-31,49.09
2018-06-01,49.45
2018-06-04,50.0
2018-06-05,50.3
2018-06-06,50.77
2018-06-07,50.91
2018-06-08,51.02
2018-06-11,51.23
2018-06-12,51.47
2018-06-13,51.55
2018-06-14,52.09
2018-06-15,52.17
2018-06-18,52.09
2018-06-19,52.02
2018-06-20,52.27
2018-06-21,51.9
2018-06-22,51.81
2018-06-25,50.68
2018-06-26,51.04
2018-06-27,50.38
2018-06-28,50.78
2018-06-29,50.87
2018-07-02,50.94
2018-07-03,50.68
2018-07-05,50.93
2018-07-06,51.33
2018-07-09,51.95
2018-07-10,52.06
2018-07-11,51.94
2018-07-12,52.28
2018-07-13,52.4
2018-07-16,52.53
2018-07-17,52.58
2018-07-18,52.55
2018-07-19,52.43
2018-07-20,52.19
2018-07-23,52.14
2018-07-24,51.98
2018-07-25,52.37
2018-07-26,52.09
2018-07-27,51.96
2018-07-30,51.54
2018-07-31,51.78
2018-08-01,51.53
2018-08-02,51.88
2018-08-03,52.06
2018-08-06,52.41
2018-08-07,52.65
2018-08-08,52.7
2018-08-09,52.9
2018-08-10,52.46
2018-08-13,52.19
2018-08-14,52.7
2018-08-15,52.06
2018-08-16,52.31
2018-08-17,52.36
2018-08-20,52.73
2018-08-21,53.15
2018-08-22,53.21
2018-08-23,53.16
2018-08-24,53.47
2018-08-27,53.81
2018-08-28,53.92
2018-08-29,54.52
2018-08-30,54.21
2018-08-31,54.43
2018-09-04,54.53
2018-09-05,53.94
2018-09-06,53.79
2018-09-07,53.79
2018-09-10,53.99
2018-09-11,54.42
2018-09-12,54.52
2018-09-13,54.62
2018-09-14,54.41
2018-09-17,53.74
2018-09-18,54.42
2018-09-19,54.45
2018-09-20,54.82
2018-09-21,54.58
2018-09-24,54.22
2018-09-25,54.45
2018-09-26,54.58
2018-09-27,54.76
2018-09-28,54.72
2018-10-01,54.55
2018-10-02,53.81
2018-10-03,53.63
2018-10-04,52.79
2018-10-05,52.39
2018-10-08,52.53
2018-10-09,52.37
2018-10-10,50.61
2018-10-11,49.72
2018-10-12,50.64
2018-10-15,50.52
2018-10-16,51.53
2018-10-17,51.11
2018-10-18,50.13
2018-10-19,49.64
2018-10-22,49.84
2018-10-23,49.85
2018-10-24,48.36
2018-10-25,49.82
2018-10-26,48.27
2018-10-29,47.84
2018-10-30,48.56
2018-10-31,49.19
2018-11-01,50.19
2018-11-02,50.4
2018-11-05,50.47
2018-11-06,50.69
2018-11-07,52.06
2018-11-08,52.08
2018-11-09,51.35
2018-11-12,50.32
2018-11-13,50.3
2018-11-14,49.92
2018-11-15,49.85
2018-11-16,49.65
2018-11-19,48.44
2018-11-20,47.34
2018-11-21,47.84
2018-11-23,47.62
2018-11-26,48.69
2018-11-27,48.83
2018-11-28,50.28
2018-11-29,50.04
2018-11-30,50.41
2018-12-03,51.35
2018-12-04,49.5
2018-12-06,49.74
2018-12-07,48.25
2018-12-10,48.29
2018-12-11,48.31
2018-12-12,48.82
2018-12-13,48.57
2018-12-14,47.77
2018-12-17,46.55
2018-12-18,46.92
2018-12-19,45.99
2018-12-20,44.96
2018-12-21,43.94
2018-12-24,43.1
2018-12-26,45.66
2018-12-27,45.9
2018-12-28,45.9
2018-12-31,46.4
2019-01-02,46.75
2019-01-03,45.74
2019-01-04,47.25
2019-01-07,48.32
2019-01-08,48.85
2019-01-09,49.1
2019-01-10,48.96
2019-01-11,49.01
2019-01-14,48.71
2019-01-15,49.15
2019-01-16,49.03
2019-01-17,49.37
2019-01-18,50.05
2019-01-22,49.3
2019-01-23,49.4
2019-01-24,49.61
2019-01-25,50.15
2019-01-28,49.86
2019-01-29,49.54
2019-01-30,50.52
2019-01-31,50.97
2019-02-01,50.23
2019-02-04,50.56
2019-02-05,51.03
2019-02-06,50.82
2019-02-07,50.4
2019-02-08,50.2
2019-02-11,50.29
2019-02-12,51.06
2019-02-13,51.41
2019-02-14,51.22
2019-02-15,51.57
2019-02-19,51.79
2019-02-20,51.89
2019-02-21,51.79
2019-02-22,52.07
2019-02-25,51.89
2019-02-26,51.96
2019-02-27,51.93
2019-02-28,51.64
2019-03-01,52.06
2019-03-04,51.9
2019-03-05,52.03
2019-03-06,51.79
2019-03-07,51.16
2019-03-08,50.8
2019-03-11,51.5
2019-03-12,51.64
2019-03-13,51.83
2019-03-14,51.67
2019-03-15,52.0
2019-03-18,52.51
2019-03-19,52.77
2019-03-20,52.85
2019-03-21,53.57
2019-03-22,52.51
2019-03-25,52.82
2019-03-26,53.04
2019-03-27,52.94
2019-03-28,53.26
2019-03-29,53.53
2019-04-01,54.12
2019-04-02,54.11
2019-04-03,54.49
2019-04-04,54.93
2019-04-05,55.26
2019-04-08,55.46
2019-04-09,54.96
2019-04-10,55.22
2019-04-11,55.29
2019-04-12,55.63
2019-04-15,55.75
2019-04-16,55.99
2019-04-17,56.1
2019-04-18,56.08
2019-04-22,55.87
2019-04-23,56.54
2019-04-24,56.59
2019-04-25,56.29
2019-04-26,56.74
2019-04-29,56.54
2019-04-30,56.46
2019-05-01,55.77
2019-05-02,55.81
2019-05-03,56.47
2019-05-06,56.13
2019-05-07,55.28
2019-05-08,55.3
2019-05-09,55.07
2019-05-10,55.15
2019-05-13,53.51
2019-05-14,54.05
2019-05-15,54.42
2019-05-16,54.92
2019-05-17,54.5
2019-05-20,54.12
2019-05-21,54.49
2019-05-22,53.93
2019-05-23,53.26
2019-05-24,53.34
2019-05-28,52.98
2019-05-29,52.51
2019-05-30,52.86
2019-05-31,52.16
2019-06-03,51.73
2019-06-04,53.13
2019-06-05,53.39
2019-06-06,53.66
2019-06-07,54.44
2019-06-10,54.9
2019-06-11,55.11
2019-06-12,55.1
2019-06-13,55.59
2019-06-14,55.71
2019-06-17,55.74
2019-06-18,56.16
2019-06-19,56.26
2019-06-20,56.65
2019-06-21,56.39
2019-06-24,56.09
2019-06-25,55.55
2019-06-26,55.73
2019-06-27,56.08
2019-06-28,56.24
2019-07-01,56.74
2019-07-02,56.86
2019-07-03,57.36
2019-07-05,57.42
2019-07-08,57.49
2019-07-09,57.55
2019-07-10,57.76
2019-07-11,57.88
2019-07-12,58.54
2019-07-15,58.73
2019-07-16,58.66
2019-07-17,58.1
2019-07-18,58.02
2019-07-19,57.64
2019-07-22,57.67
2019-07-23,58.06
2019-07-24,58.36
2019-07-25,58.03
2019-07-26,58.29
2019-07-29,58.01
2019-07-30,57.62
2019-07-31,56.96
2019-08-01,56.18
2019-08-02,55.72
2019-08-05,54.23
2019-08-06,55.05
2019-08-07,55.27
2019-08-08,56.34
2019-08-09,55.81
2019-08-12,55.0
2019-08-13,55.91
2019-08-14,54.16
2019-08-15,54.07
2019-08-16,54.68
2019-08-19,55.37
2019-08-20,55.38
2019-08-21,56.45
2019-08-22,56.46
2019-08-23,54.96
2019-08-26,55.51
2019-08-27,55.23
2019-08-28,55.92
2019-08-29,56.76
2019-08-30,56.42
2019-09-03,56.19
2019-09-04,56.75
2019-09-05,57.83
2019-09-06,57.97
2019-09-09,58.19
2019-09-10,57.96
2019-09-11,58.07
2019-09-12,58.35
2019-09-13,58.23
2019-09-16,57.49
2019-09-17,57.84
2019-09-18,57.81
2019-09-19,57.65
2019-09-20,56.99
2019-09-23,57.19
2019-09-24,56.58
2019-09-25,57.1
2019-09-26,56.85
2019-09-27,56.65
2019-09-30,57.14
2019-10-01,56.66
2019-10-02,55.64
2019-10-03,55.91
2019-10-04,56.44
2019-10-07,56.19
2019-10-08,55.6
2019-10-09,56.07
2019-10-10,56.45
2019-10-11,57.09
2019-10-14,57.06
2019-10-15,57.56
2019-10-16,57.8
2019-10-17,57.95
2019-10-18,57.83
2019-10-21,58.04
2019-10-22,57.67
2019-10-23,57.4
2019-10-24,57.37
2019-10-25,57.31
2019-10-28,57.49
2019-10-29,57.16
2019-10-30,57.52
2019-10-31,57.21
2019-11-01,57.59
2019-11-04,57.62
2019-11-05,57.7
2019-11-06,57.76
2019-11-07,57.42
2019-11-08,57.44
2019-11-11,57.32
2019-11-12,57.28
2019-11-13,57.11
2019-11-14,57.35
2019-11-15,57.46
2019-11-18,57.65
2019-11-19,57.02
2019-11-20,56.89
2019-11-21,56.57
2019-11-22,56.95
2019-11-25,57.46
2019-11-26,57.85
2019-11-27,58.35
2019-11-29,57.97
2019-12-02,57.49
2019-12-03,56.91
2019-12-04,57.23
2019-12-05,57.17
2019-12-06,57.63
2019-12-09,57.7
2019-12-10,57.6
2019-12-11,57.75
2019-12-12,58.26
2019-12-13,58.31
2019-12-16,58.56
2019-12-17,58.82
2019-12-18,58.88
2019-12-19,59.06
2019-12-20,59.16
2019-12-23,59.02
2019-12-24,59.15
2019-12-26,59.87
2019-12-27,59.87
2019-12-30,59.48
2019-12-31,59.57
2020-01-02,60.28
2020-01-03,59.76
2020-01-06,59.93
2020-01-07,59.83
2020-01-08,60.01
2020-01-09,60.33
2020-01-10,60.01
2020-01-13,60.2
2020-01-14,60.18
2020-01-15,60.04
2020-01-16,60.58
2020-01-17,60.79
2020-01-21,60.6
2020-01-22,60.58
2020-01-23,60.67
2020-01-24,59.82
2020-01-27,58.93
2020-01-28,59.5
2020-01-29,59.47
2020-01-30,59.37
2020-01-31,59.52
2020-02-03,59.94
2020-02-04,61.04
2020-02-05,61.34
2020-02-06,61.21
2020-02-07,60.94
2020-02-10,61.63
2020-02-11,62.11
2020-02-12,62.75
2020-02-13,62.64
2020-02-14,62.55
2020-02-18,62.54
2020-02-19,62.82
2020-02-20,62.85
2020-02-21,61.89
2020-02-24,59.76
2020-02-25,58.16
2020-02-26,57.7
2020-02-27,55.37
2020-02-28,55.01
2020-03-02,56.9
2020-03-03,55.53
2020-03-04,57.45
2020-03-05,55.3
2020-03-06,54.45
2020-03-09,51.02
2020-03-10,53.85
2020-03-11,50.9
2020-03-12,45.76
2020-03-13,48.59
2020-03-16,42.43
2020-03-17,44.07
2020-03-18,41.53
2020-03-19,42.98
2020-03-20,41.71
2020-03-23,41.77
2020-03-24,45.69
2020-03-25,46.49
2020-03-26,48.42
2020-03-27,46.79
2020-03-30,47.77
2020-03-31,46.81
2020-04-01,44.72
2020-04-02,44.89
2020-04-03,44.1
2020-04-06,47.77
2020-04-07,48.48
2020-04-08,50.01
2020-04-09,50.91
2020-04-13,50.9
2020-04-14,52.89
2020-04-15,51.73
2020-04-16,52.35
2020-04-17,53.9
2020-04-20,52.96
2020-04-21,51.58
2020-04-22,52.69
2020-04-23,52.68
2020-04-24,53.57
2020-04-27,54.57
2020-04-28,54.79
2020-04-29,56.0
2020-04-30,55.65
2020-05-01,53.57
2020-05-04,53.86
2020-05-05,54.05
2020-05-06,54.04
2020-05-07,54.89
2020-05-08,55.96
2020-05-11,55.84
2020-05-12,54.62
2020-05-13,53.68
2020-05-14,54.48
2020-05-15,55.11
2020-05-18,57.2
2020-05-19,56.99
2020-05-20,57.74
2020-05-21,57.94
2020-05-22,57.86
2020-05-26,58.77
2020-05-27,59.78
2020-05-28,59.06
2020-05-29,59.27
2020-06-01,59.83
2020-06-02,60.34
2020-06-03,61.48
2020-06-04,61.17
2020-06-05,62.64
2020-06-08,63.59
2020-06-09,63.1
2020-06-10,62.51
2020-06-11,59.23
2020-06-12,59.82
2020-06-15,60.39
2020-06-16,61.66
2020-06-17,61.49
2020-06-18,61.27
2020-06-19,60.79
2020-06-22,61.42
2020-06-23,61.9
2020-06-24,60.54
2020-06-25,60.62
2020-06-26,59.2
2020-06-29,60.32
2020-06-30,61.09
2020-07-01,61.71
2020-07-02,61.95
2020-07-06,63.42
2020-07-07,62.43
2020-07-08,63.09
2020-07-09,63.02
2020-07-10,63.77
2020-07-13,62.96
2020-07-14,63.59
2020-07-15,64.5
2020-07-16,64.33
2020-07-17,64.02
2020-07-20,65.05
2020-07-21,65.15
2020-07-22,65.71
2020-07-23,64.72
2020-07-24,64.84
2020-07-27,65.24
2020-07-28,64.59
2020-07-29,65.25
2020-07-30,65.2
2020-07-31,65.54
2020-08-03,65.4
2020-08-04,65.92
2020-08-05,66.73
2020-08-06,67.05
2020-08-07,67.15
2020-08-10,67.96
2020-08-11,67.82
2020-08-12,68.72
2020-08-13,68.69
2020-08-14,68.69
2020-08-17,69.57
2020-08-18,70.0
2020-08-19,69.67
2020-08-20,69.57
2020-08-21,69.93
2020-08-24,70.99
2020-08-25,71.22
2020-08-26,71.93
2020-08-27,71.54
2020-08-28,72.01
2020-08-31,71.8
2020-09-01,72.55
2020-09-02,73.55
2020-09-03,71.22
2020-09-04,70.4
2020-09-08,69.47
2020-09-09,70.78
2020-09-10,69.77
2020-09-11,69.88
2020-09-14,70.62
2020-09-15,71.2
2020-09-16,70.8
2020-09-17,69.8
2020-09-18,68.83
2020-09-21,67.84
2020-09-22,69.27
2020-09-23,68.14
2020-09-24,68.11
2020-09-25,68.99
2020-09-28,70.44
2020-09-29,69.89
2020-09-30,70.46
2020-10-01,71.38
2020-10-02,71.08
2020-10-05,72.02
2020-10-06,70.69
2020-10-07,72.3
2020-10-08,72.78
2020-10-09,73.53
2020-10-12,74.51
2020-10-13,74.5
2020-10-14,73.67
2020-10-15,73.95
2020-10-16,73.27
2020-10-19,72.37
2020-10-20,72.95
2020-10-21,72.56
2020-10-22,72.7
2020-10-23,73.34
2020-10-26,71.93
2020-10-27,71.9
2020-10-28,69.63
2020-10-29,70.07
2020-10-30,68.54
2020-11-02,69.03
2020-11-03,70.55
2020-11-04,72.05
2020-11-05,73.45
2020-11-06,73.23
2020-11-09,72.99
2020-11-10,72.73
2020-11-11,73.37
2020-11-12,72.39
2020-11-13,73.56
2020-11-16,74.53
2020-11-17,74.21
2020-11-18,73.7
2020-11-19,74.07
2020-11-20,73.68
2020-11-23,74.49
2020-11-24,75.59
2020-11-25,75.69
2020-11-27,75.85
2020-11-30,75.39
2020-12-01,75.95
2020-12-02,75.47
2020-12-03,75.69
2020-12-04,75.76
2020-12-07,75.58
2020-12-08,75.43
2020-12-09,75.35
2020-12-10,75.29
2020-12-11,74.93
2020-12-14,75.04
2020-12-15,76.05
2020-12-16,76.55
2020-12-17,77.07
2020-12-18,76.7
2020-12-21,75.83
2020-12-22,75.5
2020-12-23,75.67
2020-12-24,75.83
2020-12-28,76.69
2020-12-29,76.71
2020-12-30,77.18
2020-12-31,77.22
2021-01-04,76.57
2021-01-05,77.14
2021-01-06,77.92
2021-01-07,79.43
2021-01-08,81.07
2021-01-11,79.55
2021-01-12,80.77
2021-01-13,80.76
2021-01-14,80.25
2021-01-15,79.63
2021-01-19,80.08
2021-01-20,81.59
2021-01-21,81.97
2021-01-22,81.69
2021-01-25,82.0
2021-01-26,81.94
2021-01-27,79.42
2021-01-28,79.67
2021-01-29,77.81
2021-02-01,79.83
2021-02-02,81.53
2021-02-03,81.07
2021-02-04,81.93
2021-02-05,82.72
2021-02-08,83.19
2021-02-09,82.73
2021-02-10,81.91
2021-02-11,81.69
2021-02-12,81.8
2021-02-16,81.45
2021-02-17,81.92
2021-02-18,81.94
2021-02-19,81.46
2021-02-22,79.74
2021-02-23,79.22
2021-02-24,80.05
2021-02-25,77.07
2021-02-26,77.4
2021-03-01,79.21
2021-03-02,78.3
2021-03-03,76.46
2021-03-04,74.84
2021-03-05,75.32
2021-03-08,75.41
2021-03-09,78.26
2021-03-10,78.65
2021-03-11,79.86
2021-03-12,80.1
2021-03-15,81.17
2021-03-16,80.33
2021-03-17,81.46
2021-03-18,79.47
2021-03-19,79.94
2021-03-22,80.47
2021-03-23,79.71
2021-03-24,78.53
2021-03-25,79.22
2021-03-26,79.88
2021-03-29,79.44
2021-03-30,80.22
2021-03-31,80.85
2021-04-01,81.5
2021-04-05,83.35
2021-04-06,83.71
2021-04-07,83.46
2021-04-08,83.85
2021-04-09,84.65
2021-04-12,85.2
2021-04-13,86.1
2021-04-14,85.25
2021-04-15,85.86
2021-04-16,86.52
2021-04-19,85.55
2021-04-20,84.48
2021-04-21,85.6
2021-04-22,84.65
2021-04-23,85.54
2021-04-26,85.91
2021-04-27,85.81
2021-04-28,85.71
2021-04-29,85.74
2021-04-30,86.07
2021-05-03,85.66
2021-05-04,84.76
2021-05-05,84.5
2021-05-06,84.68
2021-05-07,85.44
2021-05-10,83.92
2021-05-11,82.97
2021-05-12,80.16
2021-05-13,80.73
2021-05-14,82.13
2021-05-17,81.98
2021-05-18,81.34
2021-05-19,80.66
2021-05-20,81.49
2021-05-21,81.08
2021-05-24,81.88
2021-05-25,82.14
2021-05-26,82.93
2021-05-27,83.26
2021-05-28,83.14
2021-06-01,82.98
2021-06-02,82.6
2021-06-03,81.62
2021-06-04,82.27
2021-06-07,82.27
2021-06-08,82.94
2021-06-09,82.48
2021-06-10,82.87
2021-06-11,83.32
2021-06-14,83.34
2021-06-15,82.9
2021-06-16,82.94
2021-06-17,83.25
2021-06-18,82.82
2021-06-21,83.45
2021-06-22,84.24
2021-06-23,84.89
2021-06-24,85.18
2021-06-25,85.72
2021-06-28,85.74
2021-06-29,85.95
2021-06-30,86.02
2021-07-01,86.5
2021-07-02,87.26
2021-07-06,87.37
2021-07-07,87.32
2021-07-08,87.1
2021-07-09,87.91
2021-07-12,88.52
2021-07-13,87.46
2021-07-14,87.3
2021-07-15,86.83
2021-07-16,85.76
2021-07-19,84.77
2021-07-20,86.34
2021-07-21,87.13
2021-07-22,87.51
2021-07-23,88.29
2021-07-26,88.95
2021-07-27,88.04
2021-07-28,87.76
2021-07-29,88.75
2021-07-30,86.92
2021-08-02,87.17
2021-08-03,87.82
2021-08-04,86.97
2021-08-05,87.8
2021-08-06,87.2
2021-08-09,87.08
2021-08-10,87.42
2021-08-11,87.68
2021-08-12,87.72
2021-08-13,87.47
2021-08-16,87.06
2021-08-17,85.0
2021-08-18,85.3
2021-08-19,84.75
2021-08-20,85.57
2021-08-23,86.67
2021-08-24,87.28
2021-08-25,87.62
2021-08-26,86.81
2021-08-27,87.6
2021-08-30,88.26
2021-08-31,88.47
2021-09-01,88.47
2021-09-02,88.46
2021-09-03,88.41
2021-09-07,88.67
2021-09-08,88.77
2021-09-09,88.66
2021-09-10,88.11
2021-09-13,88.33
2021-09-14,88.04
2021-09-15,88.6
2021-09-16,89.01
2021-09-17,88.7
2021-09-20,86.67
2021-09-21,86.8
2021-09-22,87.98
2021-09-23,88.88
2021-09-24,89.21
2021-09-27,89.69
2021-09-28,87.96
2021-09-29,88.05
2021-09-30,86.58
2021-10-01,87.23
2021-10-04,86.54
2021-10-05,86.89
2021-10-06,87.16
2021-10-07,88.52
2021-10-08,88.11
2021-10-11,87.76
2021-10-12,88.45
2021-10-13,88.89
2021-10-14,89.82
2021-10-15,91.19
2021-10-18,92.31
2021-10-19,92.05
2021-10-20,91.98
2021-10-21,93.33
2021-10-22,93.0
2021-10-25,95.3
2021-10-26,95.32
2021-10-27,95.53
2021-10-28,96.8
2021-10-29,97.05
2021-11-01,98.83
2021-11-02,98.16
2021-11-03,99.93
2021-11-04,101.28
2021-11-05,101.93
2021-11-08,100.48
2021-11-09,98.63
2021-11-10,98.26
2021-11-11,97.99
2021-11-12,98.32
2021-11-15,98.24
2021-11-16,99.79
2021-11-17,100.43
2021-11-18,101.57
2021-11-19,102.0
2021-11-22,101.75
2021-11-23,101.01
2021-11-24,101.22
2021-11-26,98.46
2021-11-29,99.99
2021-11-30,98.64
2021-12-01,96.86
2021-12-02,98.24
2021-12-03,96.33
2021-12-06,97.43
2021-12-07,99.7
2021-12-08,99.95
2021-12-09,98.22
2021-12-10,98.9
2021-12-13,96.35
2021-12-14,95.79
2021-12-15,97.01
2021-12-16,94.87
2021-12-17,94.22
2021-12-20,92.7
2021-12-21,95.1
2021-12-22,96.84
2021-12-23,98.18
2021-12-27,99.14
2021-12-28,99.18
2021-12-29,99.38
2021-12-30,99.02
2021-12-31,98.78
2022-01-03,101.62
2022-01-04,101.0
2022-01-05,98.28
2022-01-06,98.02
2022-01-07,96.39
2022-01-10,95.8
2022-01-11,96.72
2022-01-12,97.36
2022-01-13,95.4
2022-01-14,94.96
2022-01-18,93.16
2022-01-19,91.48
2022-01-20,89.81
2022-01-21,87.18
2022-01-24,88.23
2022-01-25,86.73
2022-01-26,86.31
2022-01-27,84.22
2022-01-28,86.06
2022-01-31,89.37
2022-02-01,89.91
2022-02-02,89.37
2022-02-03,86.64
2022-02-04,89.1
2022-02-07,88.92
2022-02-08,90.17
2022-02-09,91.36
2022-02-10,89.79
2022-02-11,87.21
2022-02-14,87.7
2022-02-15,89.67
2022-02-16,89.92
2022-02-17,87.52
2022-02-18,86.98
2022-02-22,84.44
2022-02-23,81.62
2022-02-24,83.48
2022-02-25,85.13
2022-02-28,85.73
2022-03-01,84.43
2022-03-02,86.21
2022-03-03,84.25
2022-03-04,82.92
2022-03-07,78.85
2022-03-08,79.02
2022-03-09,81.56
2022-03-10,82.14
2022-03-11,80.56
2022-03-14,79.21
2022-03-15,81.87
2022-03-16,84.66
2022-03-17,86.07
2022-03-18,87.88
2022-03-21,87.15
2022-03-22,89.31
2022-03-23,88.2
2022-03-24,88.89
2022-03-25,88.73
2022-03-28,91.1
2022-03-29,92.69
2022-03-30,91.28
2022-03-31,89.53
2022-04-01,89.64
2022-04-04,91.65
2022-04-05,89.5
2022-04-06,87.22
2022-04-07,87.67
2022-04-08,86.86
2022-04-11,85.25
2022-04-12,85.43
2022-04-13,87.56
2022-04-14,86.33
2022-04-18,86.6
2022-04-19,89.11
2022-04-20,87.96
2022-04-21,87.11
2022-04-22,85.09
2022-04-25,85.7
2022-04-26,81.36
2022-04-27,81.37
2022-04-28,83.04
2022-04-29,78.82
2022-05-02,79.98
2022-05-03,79.78
2022-05-04,82.12
2022-05-05,77.52
2022-05-06,76.53
2022-05-09,73.27
2022-05-10,73.06
2022-05-11,70.44
2022-05-12,70.92
2022-05-13,73.71
2022-05-16,72.12
2022-05-17,73.94
2022-05-18,69.11
2022-05-19,69.15
2022-05-20,67.95
2022-05-23,68.46
2022-05-24,66.7
2022-05-25,68.58
2022-05-26,71.94
2022-05-27,74.41
2022-05-31,74.79
2022-06-01,74.01
2022-06-02,76.27
2022-06-03,74.04
2022-06-06,74.78
2022-06-07,74.6
2022-06-08,74.16
2022-06-09,72.82
2022-06-10,69.91
2022-06-13,66.69
2022-06-14,66.63
2022-06-15,68.51
2022-06-16,65.15
2022-06-17,65.86
2022-06-21,67.75
2022-06-22,67.62
2022-06-23,68.68
2022-06-24,71.3
2022-06-27,70.55
2022-06-28,67.73
2022-06-29,67.68
2022-06-30,66.69
2022-07-01,67.91
2022-07-05,69.43
2022-07-06,69.2
2022-07-07,70.99
2022-07-08,71.0
2022-07-11,69.05
2022-07-12,68.64
2022-07-13,69.2
2022-07-14,69.14
2022-07-15,70.26
2022-07-18,70.46
2022-07-19,72.62
2022-07-20,73.81
2022-07-21,75.5
2022-07-22,75.06
2022-07-25,74.42
2022-07-26,72.02
2022-07-27,74.75
2022-07-28,76.03
2022-07-29,78.98
2022-08-01,79.37
2022-08-02,78.83
2022-08-03,80.75
2022-08-04,81.08
2022-08-05,79.7
2022-08-08,80.06
2022-08-09,78.78
2022-08-10,81.0
2022-08-11,80.59
2022-08-12,82.42
2022-08-15,82.98
2022-08-16,83.9
2022-08-17,83.0
2022-08-18,82.97
2022-08-19,81.26
2022-08-22,79.01
2022-08-23,79.23
2022-08-24,79.57
2022-08-25,80.52
2022-08-26,77.45
2022-08-29,77.04
2022-08-30,76.18
2022-08-31,75.43
2022-09-01,76.12
2022-09-02,75.42
2022-09-06,75.27
2022-09-07,77.58
2022-09-08,78.3
2022-09-09,79.78
2022-09-12,80.81
2022-09-13,76.64
2022-09-14,77.63
2022-09-15,77.23
2022-09-16,76.61
2022-09-19,77.69
2022-09-20,76.38
2022-09-21,74.57
2022-09-22,72.85
2022-09-23,71.17
2022-09-26,71.01
2022-09-27,71.23
2022-09-28,73.16
2022-09-29,70.63
2022-09-30,69.24
2022-10-03,69.31
2022-10-04,71.73
2022-10-05,71.31
2022-10-06,70.8
2022-10-07,68.37
2022-10-10,67.94
2022-10-11,67.39
2022-10-12,67.56
2022-10-13,68.3
2022-10-14,65.75
2022-10-17,68.42
2022-10-18,69.36
2022-10-19,68.58
2022-10-20,67.26
2022-10-21,69.22
2022-10-24,69.5
2022-10-25,71.24
2022-10-26,70.67
2022-10-27,70.4
2022-10-28,70.46
2022-10-31,70.01
2022-11-01,69.3
2022-11-02,66.68
2022-11-03,66.28
2022-11-04,66.83
2022-11-07,66.37
2022-11-08,66.2
2022-11-09,64.18
2022-11-10,68.87
2022-11-11,70.52
2022-11-14,69.41
2022-11-15,70.35
2022-11-16,69.28
2022-11-17,68.44
2022-11-18,68.53
2022-11-21,67.54
2022-11-22,68.3
2022-11-23,69.29
2022-11-25,69.33
2022-11-28,68.9
2022-11-29,68.68
2022-11-30,71.05
2022-12-01,71.04
2022-12-02,70.95
2022-12-05,68.9
2022-12-06,67.83
2022-12-07,67.42
2022-12-08,68.07
2022-12-09,67.77
2022-12-12,67.94
2022-12-13,67.94
2022-12-14,67.44
2022-12-15,66.33
2022-12-16,65.09
2022-12-19,64.04
2022-12-20,63.3
2022-12-21,64.31
2022-12-22,62.66
2022-12-23,63.08
2022-12-27,62.06
2022-12-28,61.54
2022-12-29,63.12
2022-12-30,62.95
2023-01-03,62.58
2023-01-04,63.48
2023-01-05,62.89
2023-01-06,64.37
2023-01-09,64.76
2023-01-10,65.58
2023-01-11,67.34
2023-01-12,67.46
2023-01-13,68.09
2023-01-17,68.14
2023-01-18,67.25
2023-01-19,66.14
2023-01-20,67.74
2023-01-23,68.8
2023-01-24,68.72
2023-01-25,69.07
2023-01-26,70.48
2023-01-27,72.08
2023-01-30,70.85
2023-01-31,72.48
2023-02-01,73.85
2023-02-02,76.11
2023-02-03,73.77
2023-02-06,73.66
2023-02-07,73.83
2023-02-08,73.2
2023-02-09,73.07
2023-02-10,72.21
2023-02-13,73.27
2023-02-14,74.14
2023-02-15,75.01
2023-02-16,73.37
2023-02-17,73.39
2023-02-21,70.94
2023-02-22,71.3
2023-02-23,71.24
2023-02-24,70.12
2023-02-27,70.99
2023-02-28,70.94
2023-03-01,70.04
2023-03-02,69.81
2023-03-03,71.31
2023-03-06,70.79
2023-03-07,69.83
2023-03-08,69.7
2023-03-09,68.04
2023-03-10,67.36
2023-03-13,67.5
2023-03-14,68.65
2023-03-15,68.54
2023-03-16,69.78
2023-03-17,68.89
2023-03-20,69.19
2023-03-21,71.1
2023-03-22,69.52
2023-03-23,69.44
2023-03-24,69.22
2023-03-27,69.36
2023-03-28,69.28
2023-03-29,70.59
2023-03-30,71.21
2023-03-31,73.11
2023-04-03,72.44
2023-04-04,72.32
2023-04-05,70.84
2023-04-06,70.86
2023-04-10,71.17
2023-04-11,71.28
2023-04-12,70.18
2023-04-13,71.73
2023-04-14,71.82
2023-04-17,72.33
2023-04-18,72.44
2023-04-19,72.38
2023-04-20,71.26
2023-04-21,72.05
2023-04-24,72.04
2023-04-25,70.61
2023-04-26,70.25
2023-04-27,72.1
2023-04-28,72.29
2023-05-01,71.57
2023-05-02,71.65
2023-05-03,71.08
2023-05-04,70.53
2023-05-05,71.96
2023-05-08,72.2
2023-05-09,72.18
2023-05-10,72.55
2023-05-11,72.89
2023-05-12,72.27
2023-05-15,72.37
2023-05-16,72.07
2023-05-17,73.57
2023-05-18,74.72
2023-05-19,74.09
2023-05-22,73.86
2023-05-23,73.19
2023-05-24,72.92
2023-05-25,72.59
2023-05-26,74.3
2023-05-30,74.8
2023-05-31,74.12
2023-06-01,75.0
2023-06-02,76.76
2023-06-05,76.99
2023-06-06,77.79
2023-06-07,77.26
2023-06-08,78.4
2023-06-09,78.81
2023-06-12,80.16
2023-06-13,80.99
2023-06-14,80.94
2023-06-15,81.46
2023-06-16,81.34
2023-06-20,81.95
2023-06-21,80.97
2023-06-22,82.0
2023-06-23,81.05
2023-06-26,80.01
2023-06-27,81.73
2023-06-28,82.05
2023-06-29,82.14
2023-06-30,83.19
2023-07-03,84.19
2023-07-05,84.22
2023-07-06,82.87
2023-07-07,82.97
2023-07-10,83.22
2023-07-11,83.92
2023-07-12,84.67
2023-07-13,85.47
2023-07-14,85.69
2023-07-17,86.04
2023-07-18,86.39
2023-07-19,86.69
2023-07-20,83.74
2023-07-21,83.76
2023-07-24,84.31
2023-07-25,84.11
2023-07-26,84.09
2023-07-27,83.22
2023-07-28,84.63
2023-07-31,85.11
2023-08-01,84.15
2023-08-02,82.64
2023-08-03,82.83
2023-08-04,84.04
2023-08-07,84.9
2023-08-08,84.22
2023-08-09,83.22
2023-08-10,83.43
2023-08-11,83.14
2023-08-14,83.4
2023-08-15,82.26
2023-08-16,81.24
2023-08-17,79.86
2023-08-18,79.68
2023-08-21,80.6
2023-08-22,80.72
2023-08-23,81.36
2023-08-24,79.77
2023-08-25,80.66
2023-08-28,80.99
2023-08-29,83.01
2023-08-30,83.37
2023-08-31,83.63
2023-09-01,83.12
2023-09-05,83.18
2023-09-06,82.44
2023-09-07,82.67
2023-09-08,82.67
2023-09-11,84.89
2023-09-12,84.12
2023-09-13,84.79
2023-09-14,85.62
2023-09-15,84.16
2023-09-18,83.24
2023-09-19,82.82
2023-09-20,82.0
2023-09-21,79.76
2023-09-22,78.98
2023-09-25,79.46
2023-09-26,78.01
2023-09-27,77.71
2023-09-28,78.58
2023-09-29,79.0
2023-10-02,79.06
2023-10-03,77.14
2023-10-04,78.66
2023-10-05,78.27
2023-10-06,78.82
2023-10-09,78.9
2023-10-10,79.77
2023-10-11,80.05
2023-10-12,79.18
2023-10-13,78.01
2023-10-16,79.28
2023-10-17,79.46
2023-10-18,77.6
2023-10-19,75.61
2023-10-20,74.44
2023-10-23,74.53
2023-10-24,75.32
2023-10-25,73.8
2023-10-26,72.65
2023-10-27,73.41
2023-10-30,74.08
2023-10-31,74.64
2023-11-01,75.57
2023-11-02,77.54
2023-11-03,78.63
2023-11-06,78.73
2023-11-07,79.6
2023-11-08,79.39
2023-11-09,77.91
2023-11-10,79.21
2023-11-13,79.55
2023-11-14,82.22
2023-11-15,82.32
2023-11-16,81.48
2023-11-17,82.02
2023-11-20,82.45
2023-11-21,82.23
2023-11-22,82.48
2023-11-24,82.56
2023-11-27,82.7
2023-11-28,83.17
2023-11-29,82.95
2023-11-30,82.83
2023-12-01,83.96
2023-12-04,83.64
2023-12-05,83.79
2023-12-06,83.91
2023-12-07,84.6
2023-12-08,84.99
2023-12-11,85.22
2023-12-12,85.48
2023-12-13,86.6
2023-12-14,87.77
2023-12-15,87.95
2023-12-18,88.49
2023-12-19,89.19
2023-12-20,87.56
2023-12-21,88.89
2023-12-22,88.24
2023-12-26,88.61
2023-12-27,88.92
2023-12-28,88.45
2023-12-29,87.91
2024-01-02,87.09
2024-01-03,85.33
2024-01-04,84.73
2024-01-05,84.86
2024-01-08,86.31
2024-01-09,85.99
2024-01-10,86.68
2024-01-11,86.57
2024-01-12,85.52
2024-01-16,85.42
2024-01-17,84.68
2024-01-18,85.16
2024-01-19,85.98
2024-01-22,85.6
2024-01-23,85.4
2024-01-24,85.07
2024-01-25,84.02
2024-01-26,84.4
2024-01-29,85.64
2024-01-30,85.59
2024-01-31,84.03
2024-02-01,85.65
2024-02-02,87.17
2024-02-05,85.95
2024-02-06,86.47
2024-02-07,87.44
2024-02-08,87.82
2024-02-09,88.44
2024-02-12,88.37
2024-02-13,86.61
2024-02-14,87.52
2024-02-15,88.54
2024-02-16,88.01
2024-02-20,87.18
2024-02-21,87.82
2024-02-22,89.53
2024-02-23,89.13
2024-02-26,89.4
2024-02-27,89.7
2024-02-28,90.05
2024-02-29,90.66
2024-03-01,90.96
2024-03-04,89.73
2024-03-05,88.62
2024-03-06,88.3
2024-03-07,88.97
2024-03-08,88.64
2024-03-11,88.4
2024-03-12,89.17
2024-03-13,88.98
2024-03-14,88.41
2024-03-15,87.53
2024-03-18,88.2
2024-03-19,88.97
2024-03-20,90.29
2024-03-21,90.82
2024-03-22,90.03
2024-03-25,89.73
2024-03-26,89.84
2024-03-27,90.88
2024-03-28,90.6
2024-04-01,89.93
2024-04-02,88.6
2024-04-03,88.67
2024-04-04,87.63
2024-04-05,88.11
2024-04-08,88.95
2024-04-09,89.37
2024-04-10,87.99
2024-04-11,88.7
2024-04-12,87.26
2024-04-15,85.81
2024-04-16,85.32
2024-04-17,84.91
2024-04-18,84.38
2024-04-19,83.64
2024-04-22,84.01
2024-04-23,85.01
2024-04-24,85.82
2024-04-25,85.9
2024-04-26,86.67
2024-04-29,88.69
2024-04-30,86.53
2024-05-01,85.99
2024-05-02,87.07
2024-05-03,87.66
2024-05-06,88.59
2024-05-07,87.96
2024-05-08,87.63
2024-05-09,88.22
2024-05-10,87.75
2024-05-13,87.64
2024-05-14,88.03
2024-05-15,88.17
2024-05-16,87.6
2024-05-17,88.04
2024-05-20,87.39
2024-05-21,87.95
2024-05-22,87.03
2024-05-23,85.63
2024-05-24,86.49
2024-05-28,86.28
2024-05-29,85.71
2024-05-30,86.22
2024-05-31,86.7
2024-06-03,86.66
2024-06-04,86.75
2024-06-05,87.26
2024-06-06,87.89
2024-06-07,87.53
2024-06-10,87.81
2024-06-11,87.58
2024-06-12,88.49
2024-06-13,88.56
2024-06-14,87.86
2024-06-17,89.4
2024-06-18,89.1
2024-06-20,89.22
2024-06-21,89.97
2024-06-24,89.59
2024-06-25,89.23
2024-06-26,90.52
2024-06-27,91.07
2024-06-28,90.06
2024-07-01,90.37
2024-07-02,92.12
2024-07-03,92.71
2024-07-05,93.47
2024-07-08,93.51
2024-07-09,93.82
2024-07-10,94.53
2024-07-11,93.33
2024-07-12,94.55
2024-07-15,94.44
2024-07-16,96.13
2024-07-17,94.53
2024-07-18,93.57
2024-07-19,92.73
2024-07-22,93.75
2024-07-23,93.33
2024-07-24,89.52
2024-07-25,89.17
2024-07-26,90.16
2024-07-29,91.67
2024-07-30,91.16
2024-07-31,92.57
2024-08-01,90.3
2024-08-02,86.98
2024-08-05,84.52
2024-08-06,85.45
2024-08-07,83.96
2024-08-08,85.79
2024-08-09,86.08
2024-08-12,85.74
2024-08-13,87.89
2024-08-14,87.42
2024-08-15,90.21
2024-08-16,90.42
2024-08-19,91.53
2024-08-20,91.45
2024-08-21,92.6
2024-08-22,91.0
2024-08-23,92.76
2024-08-26,92.04
2024-08-27,91.8
2024-08-28,90.91
2024-08-29,91.02
2024-08-30,92.39
2024-09-03,91.12
2024-09-04,91.36
2024-09-05,92.4
2024-09-06,90.06
2024-09-09,91.37
2024-09-10,92.42
2024-09-11,93.34
2024-09-12,94.4
2024-09-13,95.04
2024-09-16,94.87
2024-09-17,95.36
2024-09-18,95.17
2024-09-19,97.34
2024-09-20,97.12
2024-09-23,98.3
2024-09-24,99.16
2024-09-25,98.8
2024-09-26,99.22
2024-09-27,99.37
2024-09-30,99.14
2024-10-01,98.74
2024-10-02,97.9
2024-10-03,96.77
2024-10-04,98.05
2024-10-07,96.53
2024-10-08,97.47
2024-10-09,98.16
2024-10-10,97.68
2024-10-11,97.26
2024-10-14,97.69
2024-10-15,97.9
2024-10-16,98.42
2024-10-17,98.33
2024-10-18,98.71
2024-10-21,97.95
2024-10-22,97.55
2024-10-23,96.02
2024-10-24,99.04
2024-10-25,99.36
2024-10-28,99.59
2024-10-29,99.07
2024-10-30,98.93
2024-10-31,97.42
2024-11-01,99.0
2024-11-04,98.66
2024-11-05,100.4
2024-11-06,103.62
2024-11-07,104.95
2024-11-08,106.44
2024-11-11,108.58
2024-11-12,107.13
2024-11-13,108.05
2024-11-14,106.51
2024-11-15,105.6
2024-11-18,106.58
2024-11-19,106.66
2024-11-20,106.19
2024-11-21,106.38
2024-11-22,107.91
2024-11-25,109.01
2024-11-26,109.41
2024-11-27,108.87
2024-11-29,109.99
2024-12-02,110.95
2024-12-03,110.86
2024-12-04,111.89
2024-12-05,112.81
2024-12-06,115.18
2024-12-09,114.82
2024-12-10,115.01
2024-12-11,117.02
2024-12-12,116.05
2024-12-13,116.51
2024-12-16,118.09
2024-12-17,118.46
2024-12-18,113.12
2024-12-19,112.97
2024-12-20,113.26
2024-12-23,113.6
2024-12-24,116.23
2024-12-26,115.8
2024-12-27,113.88
2024-12-30,112.06
2024-12-31,111.21
2025-01-02,109.75
2025-01-03,111.97
2025-01-06,112.41
2025-01-07,110.24
2025-01-08,110.55
2025-01-10,109.46
2025-01-13,110.08
2025-01-14,109.87
2025-01-15,112.67
2025-01-16,112.06
2025-01-17,113.63
2025-01-21,114.46
2025-01-22,114.03
2025-01-23,114.72
2025-01-24,114.02
2025-01-27,114.67
2025-01-28,114.81
2025-01-29,114.48
2025-01-30,115.6
2025-01-31,115.09
2025-02-03,113.57
2025-02-04,114.91
2025-02-05,113.6
2025-02-06,114.05
2025-02-07,111.82
2025-02-10,112.2
2025-02-11,110.93
2025-02-12,110.91
2025-02-13,112.58
2025-02-14,112.53
2025-02-18,112.21
2025-02-19,112.15
2025-02-20,111.18
2025-02-21,108.26
2025-02-24,107.85
2025-02-25,107.29
2025-02-26,106.85
2025-02-27,105.3
2025-02-28,107.05
2025-03-03,105.08
2025-03-04,103.23
2025-03-05,104.8
2025-03-06,102.14
2025-03-07,101.95
2025-03-10,98.31
2025-03-11,97.35
2025-03-12,97.92
2025-03-13,95.47
2025-03-14,97.51
2025-03-17,97.66
2025-03-18,95.92
2025-03-19,97.76
2025-03-20,97.53
2025-03-21,97.88
2025-03-24,101.55
2025-03-25,102.36
2025-03-26,101.02
2025-03-27,101.09
2025-03-28,97.94
2025-03-31,98.15
2025-04-01,99.18
2025-04-02,101.06
2025-04-03,94.96
2025-04-04,90.86
2025-04-07,89.79
2025-04-08,87.65
2025-04-09,97.2
2025-04-10,93.4
2025-04-11,94.31
2025-04-14,94.58
2025-04-15,93.9
2025-04-16,91.58
2025-04-17,92.16
2025-04-21,89.7
2025-04-22,92.54
2025-04-23,94.6
2025-04-24,96.49
2025-04-25,98.22
2025-04-28,98.26
2025-04-29,98.95
2025-04-30,98.05
2025-05-01,98.59
2025-05-02,100.13
2025-05-05,99.06
2025-05-06,98.2
2025-05-07,98.96
2025-05-08,100.13
2025-05-09,100.61
2025-05-12,105.61
2025-05-13,107.01
2025-05-14,107.42
2025-05-15,107.18
2025-05-16,108.2
2025-05-19,107.94
2025-05-20,107.38
2025-05-21,105.21
2025-05-22,105.66
2025-05-23,104.71
2025-05-27,107.8
2025-05-28,106.81
2025-05-29,106.86
2025-05-30,106.27
2025-06-02,106.52
2025-06-03,107.09
2025-06-04,106.81
2025-06-05,104.11
2025-06-06,105.46
2025-06-09,106.31
2025-06-10,107.58
2025-06-11,106.73
2025-06-12,106.23
2025-06-13,105.25
2025-06-16,106.38
2025-06-17,104.55
2025-06-18,104.6
2025-06-20,104.72
2025-06-23,106.8
2025-06-24,107.39
2025-06-25,106.13
2025-06-26,107.1
2025-06-27,108.89
2025-06-30,108.26
2025-07-01,108.72
2025-07-02,109.59
2025-07-03,110.19
2025-07-07,108.79
2025-07-08,108.42
2025-07-09,109.07
2025-07-10,110.27
2025-07-11,110.3
2025-07-14,110.71
2025-07-15,109.13
2025-07-16,109.33
2025-07-17,109.7
2025-07-18,110.67
2025-07-21,111.19
2025-07-22,112.32
2025-07-23,112.85
2025-07-24,110.98
2025-07-25,112.02
2025-07-28,112.67
2025-07-29,111.89
2025-07-30,111.18
2025-07-31,110.3
2025-08-01,107.64
2025-08-04,108.91
2025-08-05,109.05
2025-08-06,111.31
2025-08-07,111.28
2025-08-08,111.47
2025-08-11,111.76
2025-08-12,112.95
2025-08-13,114.5
2025-08-14,114.37
2025-08-15,114.09
2025-08-18,114.55
2025-08-19,114.5
2025-08-20,113.36
2025-08-21,112.69
2025-08-22,116.11
2025-08-25,115.88
2025-08-26,116.41
2025-08-27,116.44
2025-08-28,116.64
2025-08-29,115.44
2025-09-02,114.58
2025-09-03,115.04
2025-09-04,117.14
2025-09-05,117.12
2025-09-08,117.57
2025-09-09,117.4
2025-09-10,116.0
2025-09-11,118.26
2025-09-12,118.87
2025-09-15,119.9
2025-09-16,120.64
2025-09-17,120.33
2025-09-18,119.79
2025-09-19,120.24
2025-09-22,119.85
2025-09-23,118.72
2025-09-24,119.56
2025-09-25,117.88
2025-09-26,119.62
2025-09-29,120.14
2025-09-30,119.58
2025-10-01,120.33
2025-10-02,119.46
2025-10-03,118.69
2025-10-06,119.71
2025-10-07,117.62
2025-10-08,117.97
2025-10-09,117.38
2025-10-10,114.15
2025-10-13,116.7
2025-10-14,116.94
2025-10-15,117.11
2025-10-16,115.98
2025-10-17,116.98
2025-10-20,117.91
2025-10-21,119.35
2025-10-22,118.42
2025-10-23,118.95
2025-10-24,118.59
2025-10-27,120.3
2025-10-28,120.33
2025-10-29,119.34
2025-10-30,116.64
2025-10-31,119.73
2025-11-03,120.85
2025-11-04,118.84
2025-11-05,120.29
2025-11-06,117.51
2025-11-07,117.7
2025-11-10,119.24
2025-11-11,119.54
2025-11-12,118.73
2025-11-13,115.77
2025-11-14,115.22
2025-11-17,114.13
2025-11-18,112.03
2025-11-19,112.03
2025-11-20,110.36
2025-11-21,112.53
2025-11-24,114.03
2025-11-25,116.47
2025-11-26,117.27
2025-11-28,118.0
2025-12-01,118.07
2025-12-02,117.99
2025-12-03,119.26
2025-12-04,118.83
2025-12-05,119.49
2025-12-08,117.76
2025-12-09,117.75
2025-12-10,119.47
2025-12-11,119.94
2025-12-12,120.46
2025-12-15,121.49
2025-12-16,121.69
2025-12-17,120.28
2025-12-18,122.1
2025-12-19,121.61
2025-12-22,122.34
2025-12-23,122.17
2025-12-24,122.59
2025-12-26,122.05
2025-12-29,120.85
2025-12-30,120.36
2025-12-31,119.41
2026-01-02,118.35
2026-01-05,120.3
2026-01-06,121.07
2026-01-07,120.9
2026-01-08,122.92
2026-01-09,124.41
2026-01-12,124.52
2026-01-13,124.21
2026-01-14,122.25
2026-01-15,122.7
2026-01-16,122.3
2026-01-20,119.12
2026-01-21,121.4
2026-01-22,122.62
2026-01-23,123.13
2026-01-26,122.32
2026-01-27,122.69
2026-01-28,121.77
2026-01-29,121.19
2026-01-30,121.17
2026-02-02,121.97
2026-02-03,120.99
2026-02-04,120.1
2026-02-05,117.51
2026-02-06,117.99
2026-02-09,117.55
2026-02-10,118.33
2026-02-11,117.76
2026-02-12,116.13
2026-02-13,116.18
2026-02-17,116.04
2026-02-18,117.02
2026-02-19,116.24
2026-02-20,117.45
2026-02-23,114.99
2026-02-24,116.74
2026-02-25,117.09
2026-02-26,117.05
2026-02-27,116.86
2026-03-02,115.42
2026-03-03,114.36
2026-03-04,116.39
2026-03-05,116.55
2026-03-06,114.44
2026-03-09,114.59
2026-03-10,114.44
2026-03-11,114.14
2026-03-12,111.52
2026-03-13,110.86
2026-03-16,112.2
2026-03-17,113.18
2026-03-18,110.57
2026-03-19,109.7
2026-03-20,107.74
2026-03-23,110.12
2026-03-24,109.68
2026-03-25,110.73
2026-03-26,108.83
2026-03-27,105.68
2026-03-30,105.66
2026-03-31,108.98
2026-04-01,109.8
2026-04-02,108.15
2026-04-06,109.04
2026-04-07,107.77
2026-04-08,110.82
2026-04-09,112.74
2026-04-10,112.89
2026-04-13,113.92
2026-04-14,116.44
2026-04-15,118.18
2026-04-16,117.63
2026-04-17,120.41
2026-04-20,119.87
2026-04-21,118.97
2026-04-22,118.93
2026-04-23,117.74
2026-04-24,118.69
2026-04-27,117.84
2026-04-28,117.01
2026-04-29,116.84
2026-04-30,118.35
2026-05-01,118.63
2026-05-04,117.72
2026-05-05,118.07
2026-05-06,119.87
2026-05-07,119.88
2026-05-08,120.2
2026-05-11,119.37
2026-05-12,118.29
2026-05-13,118.72
2026-05-14,118.67
2026-05-15,116.53
2026-05-18,116.32
2026-05-19,115.03
2026-05-20,117.94
2026-05-21,118.7
2026-05-22,119.18
2026-05-26,119.45
2026-05-27,121.55
2026-05-28,122.06
2026-05-29,120.87
2026-06-01,118.19
2026-06-02,117.59
2026-06-03,116.73
2026-06-04,117.26
2026-06-05,114.86
2026-06-08,115.39
2026-06-09,115.87
2026-06-10,113.49
2026-06-11,116.3
2026-06-12,116.6
2026-06-15,118.57
2026-06-16,118.46
2026-06-17,115.49
2026-06-18,117.16
2026-06-22,114.94
2026-06-23,113.76
2026-06-24,115.07
2026-06-25,113.35
2026-06-26,114.37
2026-06-29,117.12
2026-06-30,117.28
2026-07-01,118.09
2026-07-02,117.12
2026-07-06,118.01
2026-07-07,117.39
2026-07-08,115.3
2026-07-09,116.85
2026-07-10,117.24
2026-07-13,116.04
2026-07-14,115.9
2026-07-15,117.0
2026-07-16,117.34
2026-07-17,115.44
